# https://github.com/mikedh/trimesh
mtllib material.mtl
usemtl material_0
v 0.03200000 0.01312450 0.01500000
v 0.03200000 0.01312450 0.01500000
v 0.03200000 -0.01312550 0.01500000
v 0.03200000 -0.01312550 0.01500000
v 0.03200000 0.01312450 0.01375000
v 0.03200000 0.01312450 0.01375000
v 0.03200000 0.01312450 0.01375000
v 0.03200000 -0.01312550 0.01375000
v 0.03200000 -0.01312550 0.01375000
v 0.03200000 -0.01312550 0.01375000
v 0.10550000 -0.01312450 0.01500000
v 0.10550000 -0.01312450 0.01500000
v 0.10550000 -0.01312450 0.01375000
v 0.10550000 -0.01312450 0.01375000
v 0.10550000 -0.01312450 0.01375000
v 0.10550000 0.01312550 0.01500000
v 0.10550000 0.01312550 0.01500000
v 0.10550000 0.01312550 0.01375000
v 0.10550000 0.01312550 0.01375000
v 0.10550000 0.01312550 0.01375000
v 0.10550000 0.01500050 -0.01312500
v 0.10550000 0.01500050 -0.01312500
v 0.03200000 0.01500050 -0.01312500
v 0.03200000 0.01500050 -0.01312500
v 0.10550000 0.01375050 -0.01312500
v 0.10550000 0.01375050 -0.01312500
v 0.10550000 0.01375050 -0.01312500
v 0.03200000 0.01374950 -0.01312500
v 0.03200000 0.01374950 -0.01312500
v 0.03200000 0.01374950 -0.01312500
v 0.03200000 0.01500050 0.01312500
v 0.03200000 0.01500050 0.01312500
v 0.03200000 0.01374950 0.01312500
v 0.03200000 0.01374950 0.01312500
v 0.03200000 0.01374950 0.01312500
v 0.10550000 0.01500050 0.01312500
v 0.10550000 0.01500050 0.01312500
v 0.10550000 0.01375050 0.01312500
v 0.10550000 0.01375050 0.01312500
v 0.10550000 0.01375050 0.01312500
v 0.10550000 -0.01312450 -0.01500000
v 0.10550000 -0.01312450 -0.01500000
v 0.03200000 -0.01312550 -0.01500000
v 0.03200000 -0.01312550 -0.01500000
v 0.10550000 -0.01312450 -0.01375000
v 0.10550000 -0.01312450 -0.01375000
v 0.10550000 -0.01312450 -0.01375000
v 0.03200000 -0.01312550 -0.01375000
v 0.03200000 -0.01312550 -0.01375000
v 0.03200000 -0.01312550 -0.01375000
v 0.03200000 0.01312450 -0.01500000
v 0.03200000 0.01312450 -0.01500000
v 0.03200000 0.01312450 -0.01375000
v 0.03200000 0.01312450 -0.01375000
v 0.03200000 0.01312450 -0.01375000
v 0.10550000 0.01312550 -0.01500000
v 0.10550000 0.01312550 -0.01500000
v 0.10550000 0.01312550 -0.01375000
v 0.10550000 0.01312550 -0.01375000
v 0.10550000 0.01312550 -0.01375000
v 0.10550000 -0.01499950 -0.01312500
v 0.10550000 -0.01499950 -0.01312500
v 0.03200000 -0.01500050 0.01312500
v 0.03200000 -0.01500050 0.01312500
v 0.10550000 -0.01499950 0.01312500
v 0.10550000 -0.01499950 0.01312500
v 0.03200000 -0.01500050 -0.01312500
v 0.03200000 -0.01500050 -0.01312500
v 0.10550000 -0.01374950 0.01312500
v 0.10550000 -0.01374950 0.01312500
v 0.10550000 -0.01374950 0.01312500
v 0.03200000 -0.01375050 0.01312500
v 0.03200000 -0.01375050 0.01312500
v 0.03200000 -0.01375050 0.01312500
v 0.03200000 -0.01375050 -0.01312500
v 0.03200000 -0.01375050 -0.01312500
v 0.03200000 -0.01375050 -0.01312500
v 0.10550000 -0.01374950 -0.01312500
v 0.10550000 -0.01374950 -0.01312500
v 0.10550000 -0.01374950 -0.01312500
v 0.12484800 0.01500050 -0.00114600
v 0.12484800 0.01500050 -0.00114600
v 0.12484800 0.01500050 -0.00114600
v 0.12460160 0.01500050 -0.00120500
v 0.12460160 0.01500050 -0.00120500
v 0.12460160 0.01500050 -0.00120500
v 0.12460160 0.01500050 -0.00120500
v 0.12484800 0.01250050 -0.00114600
v 0.12484800 0.01250050 -0.00114600
v 0.12484800 0.01250050 -0.00114600
v 0.12460160 0.01250050 -0.00120500
v 0.12460160 0.01250050 -0.00120500
v 0.12460160 0.01250050 -0.00120500
v 0.12436360 0.01500050 -0.00126700
v 0.12436360 0.01500050 -0.00126700
v 0.12436360 0.01500050 -0.00126700
v 0.12436360 0.01250050 -0.00126700
v 0.12436360 0.01250050 -0.00126700
v 0.12436360 0.01250050 -0.00126700
v 0.12413680 0.01500050 -0.00133400
v 0.12413680 0.01500050 -0.00133400
v 0.12413680 0.01500050 -0.00133400
v 0.12413680 0.01500050 -0.00133400
v 0.12413680 0.01250050 -0.00133400
v 0.12413680 0.01250050 -0.00133400
v 0.12413680 0.01250050 -0.00133400
v 0.12391560 0.01500050 -0.00140500
v 0.12391560 0.01500050 -0.00140500
v 0.12391560 0.01500050 -0.00140500
v 0.12391560 0.01250050 -0.00140500
v 0.12391560 0.01250050 -0.00140500
v 0.12391560 0.01250050 -0.00140500
v 0.12345920 0.01500050 -0.00157700
v 0.12345920 0.01500050 -0.00157700
v 0.12345920 0.01500050 -0.00157700
v 0.12345920 0.01250050 -0.00157700
v 0.12345920 0.01250050 -0.00157700
v 0.12345920 0.01250050 -0.00157700
v 0.12301400 0.01500050 -0.00175300
v 0.12301400 0.01500050 -0.00175300
v 0.12301400 0.01500050 -0.00175300
v 0.12301400 0.01250050 -0.00175300
v 0.12301400 0.01250050 -0.00175300
v 0.12301400 0.01250050 -0.00175300
v 0.12258000 0.01500050 -0.00193300
v 0.12258000 0.01500050 -0.00193300
v 0.12258000 0.01500050 -0.00193300
v 0.12258000 0.01250050 -0.00193300
v 0.12258000 0.01250050 -0.00193300
v 0.12258000 0.01250050 -0.00193300
v 0.12215440 0.01500050 -0.00211500
v 0.12215440 0.01500050 -0.00211500
v 0.12215440 0.01500050 -0.00211500
v 0.12215440 0.01250050 -0.00211500
v 0.12215440 0.01250050 -0.00211500
v 0.12215440 0.01250050 -0.00211500
v 0.12156640 0.01500050 -0.00236100
v 0.12156640 0.01500050 -0.00236100
v 0.12156640 0.01500050 -0.00236100
v 0.12156640 0.01250050 -0.00236100
v 0.12156640 0.01250050 -0.00236100
v 0.12156640 0.01250050 -0.00236100
v 0.12096440 0.01500050 -0.00260200
v 0.12096440 0.01500050 -0.00260200
v 0.12096440 0.01500050 -0.00260200
v 0.12096440 0.01250050 -0.00260200
v 0.12096440 0.01250050 -0.00260200
v 0.12096440 0.01250050 -0.00260200
v 0.12033720 0.01500050 -0.00283500
v 0.12033720 0.01500050 -0.00283500
v 0.12033720 0.01500050 -0.00283500
v 0.12033720 0.01250050 -0.00283500
v 0.12033720 0.01250050 -0.00283500
v 0.12033720 0.01250050 -0.00283500
v 0.11969040 0.01500050 -0.00306100
v 0.11969040 0.01500050 -0.00306100
v 0.11969040 0.01500050 -0.00306100
v 0.11969040 0.01250050 -0.00306100
v 0.11969040 0.01250050 -0.00306100
v 0.11969040 0.01250050 -0.00306100
v 0.11929560 0.01500050 -0.00318000
v 0.11929560 0.01500050 -0.00318000
v 0.11929560 0.01500050 -0.00318000
v 0.11929560 0.01250050 -0.00318000
v 0.11929560 0.01250050 -0.00318000
v 0.11929560 0.01250050 -0.00318000
v 0.11888120 0.01500050 -0.00328900
v 0.11888120 0.01500050 -0.00328900
v 0.11888120 0.01500050 -0.00328900
v 0.11888120 0.01250050 -0.00328900
v 0.11888120 0.01250050 -0.00328900
v 0.11888120 0.01250050 -0.00328900
v 0.11844160 0.01500050 -0.00338400
v 0.11844160 0.01500050 -0.00338400
v 0.11844160 0.01500050 -0.00338400
v 0.11844160 0.01250050 -0.00338400
v 0.11844160 0.01250050 -0.00338400
v 0.11844160 0.01250050 -0.00338400
v 0.11798240 0.01500050 -0.00346900
v 0.11798240 0.01500050 -0.00346900
v 0.11798240 0.01500050 -0.00346900
v 0.11798240 0.01250050 -0.00346900
v 0.11798240 0.01250050 -0.00346900
v 0.11798240 0.01250050 -0.00346900
v 0.11757920 0.01500050 -0.00352000
v 0.11757920 0.01500050 -0.00352000
v 0.11757920 0.01500050 -0.00352000
v 0.11757920 0.01250050 -0.00352000
v 0.11757920 0.01250050 -0.00352000
v 0.11757920 0.01250050 -0.00352000
v 0.11717320 0.01500050 -0.00356000
v 0.11717320 0.01500050 -0.00356000
v 0.11717320 0.01500050 -0.00356000
v 0.11717320 0.01250050 -0.00356000
v 0.11717320 0.01250050 -0.00356000
v 0.11717320 0.01250050 -0.00356000
v 0.11675320 0.01500050 -0.00358100
v 0.11675320 0.01500050 -0.00358100
v 0.11675320 0.01500050 -0.00358100
v 0.11675320 0.01250050 -0.00358100
v 0.11675320 0.01250050 -0.00358100
v 0.11675320 0.01250050 -0.00358100
v 0.11633040 0.01500050 -0.00359100
v 0.11633040 0.01500050 -0.00359100
v 0.11633040 0.01500050 -0.00359100
v 0.11633040 0.01250050 -0.00359100
v 0.11633040 0.01250050 -0.00359100
v 0.11633040 0.01250050 -0.00359100
v 0.11554920 0.01500050 -0.00355900
v 0.11554920 0.01500050 -0.00355900
v 0.11554920 0.01500050 -0.00355900
v 0.11554920 0.01250050 -0.00355900
v 0.11554920 0.01250050 -0.00355900
v 0.11554920 0.01250050 -0.00355900
v 0.11481840 0.01500050 -0.00348800
v 0.11481840 0.01500050 -0.00348800
v 0.11481840 0.01500050 -0.00348800
v 0.11481840 0.01250050 -0.00348800
v 0.11481840 0.01250050 -0.00348800
v 0.11481840 0.01250050 -0.00348800
v 0.11416600 0.01500050 -0.00335000
v 0.11416600 0.01500050 -0.00335000
v 0.11416600 0.01500050 -0.00335000
v 0.11416600 0.01250050 -0.00335000
v 0.11416600 0.01250050 -0.00335000
v 0.11416600 0.01250050 -0.00335000
v 0.11356120 0.01500050 -0.00317200
v 0.11356120 0.01500050 -0.00317200
v 0.11356120 0.01500050 -0.00317200
v 0.11356120 0.01250050 -0.00317200
v 0.11356120 0.01250050 -0.00317200
v 0.11356120 0.01250050 -0.00317200
v 0.11306000 0.01500050 -0.00291600
v 0.11306000 0.01500050 -0.00291600
v 0.11306000 0.01500050 -0.00291600
v 0.11306000 0.01250050 -0.00291600
v 0.11306000 0.01250050 -0.00291600
v 0.11306000 0.01250050 -0.00291600
v 0.11268760 0.01500050 -0.00264300
v 0.11268760 0.01500050 -0.00264300
v 0.11268760 0.01500050 -0.00264300
v 0.11268760 0.01250050 -0.00264300
v 0.11268760 0.01250050 -0.00264300
v 0.11268760 0.01250050 -0.00264300
v 0.11250840 0.01500050 -0.00234500
v 0.11250840 0.01500050 -0.00234500
v 0.11250840 0.01500050 -0.00234500
v 0.11250840 0.01250050 -0.00234500
v 0.11250840 0.01250050 -0.00234500
v 0.11250840 0.01250050 -0.00234500
v 0.11244400 0.01500050 -0.00203300
v 0.11244400 0.01500050 -0.00203300
v 0.11244400 0.01500050 -0.00203300
v 0.11244400 0.01250050 -0.00203300
v 0.11244400 0.01250050 -0.00203300
v 0.11244400 0.01250050 -0.00203300
v 0.11250280 0.01500050 -0.00172500
v 0.11250280 0.01500050 -0.00172500
v 0.11250280 0.01500050 -0.00172500
v 0.11250280 0.01250050 -0.00172500
v 0.11250280 0.01250050 -0.00172500
v 0.11250280 0.01250050 -0.00172500
v 0.11266800 0.01500050 -0.00142900
v 0.11266800 0.01500050 -0.00142900
v 0.11266800 0.01500050 -0.00142900
v 0.11266800 0.01250050 -0.00142900
v 0.11266800 0.01250050 -0.00142900
v 0.11266800 0.01250050 -0.00142900
v 0.11301520 0.01500050 -0.00115600
v 0.11301520 0.01500050 -0.00115600
v 0.11301520 0.01500050 -0.00115600
v 0.11301520 0.01250050 -0.00115600
v 0.11301520 0.01250050 -0.00115600
v 0.11301520 0.01250050 -0.00115600
v 0.11348000 0.01500050 -0.00089700
v 0.11348000 0.01500050 -0.00089700
v 0.11348000 0.01500050 -0.00089700
v 0.11348000 0.01250050 -0.00089700
v 0.11348000 0.01250050 -0.00089700
v 0.11348000 0.01250050 -0.00089700
v 0.11413520 0.01500050 -0.00070100
v 0.11413520 0.01500050 -0.00070100
v 0.11413520 0.01500050 -0.00070100
v 0.11413520 0.01250050 -0.00070100
v 0.11413520 0.01250050 -0.00070100
v 0.11413520 0.01250050 -0.00070100
v 0.11484640 0.01500050 -0.00054800
v 0.11484640 0.01500050 -0.00054800
v 0.11484640 0.01500050 -0.00054800
v 0.11484640 0.01250050 -0.00054800
v 0.11484640 0.01250050 -0.00054800
v 0.11484640 0.01250050 -0.00054800
v 0.11564440 0.01500050 -0.00046000
v 0.11564440 0.01500050 -0.00046000
v 0.11564440 0.01500050 -0.00046000
v 0.11564440 0.01250050 -0.00046000
v 0.11564440 0.01250050 -0.00046000
v 0.11564440 0.01250050 -0.00046000
v 0.11649280 0.01500050 -0.00040900
v 0.11649280 0.01500050 -0.00040900
v 0.11649280 0.01500050 -0.00040900
v 0.11649280 0.01250050 -0.00040900
v 0.11649280 0.01250050 -0.00040900
v 0.11649280 0.01250050 -0.00040900
v 0.11667200 0.01500050 -0.00104000
v 0.11667200 0.01500050 -0.00104000
v 0.11667200 0.01500050 -0.00104000
v 0.11667200 0.01250050 -0.00104000
v 0.11667200 0.01250050 -0.00104000
v 0.11667200 0.01250050 -0.00104000
v 0.11610360 0.01500050 -0.00105700
v 0.11610360 0.01500050 -0.00105700
v 0.11610360 0.01500050 -0.00105700
v 0.11610360 0.01250050 -0.00105700
v 0.11610360 0.01250050 -0.00105700
v 0.11610360 0.01250050 -0.00105700
v 0.11556320 0.01500050 -0.00110100
v 0.11556320 0.01500050 -0.00110100
v 0.11556320 0.01500050 -0.00110100
v 0.11556320 0.01250050 -0.00110100
v 0.11556320 0.01250050 -0.00110100
v 0.11556320 0.01250050 -0.00110100
v 0.11507040 0.01500050 -0.00119000
v 0.11507040 0.01500050 -0.00119000
v 0.11507040 0.01500050 -0.00119000
v 0.11507040 0.01250050 -0.00119000
v 0.11507040 0.01250050 -0.00119000
v 0.11507040 0.01250050 -0.00119000
v 0.11461120 0.01500050 -0.00131000
v 0.11461120 0.01500050 -0.00131000
v 0.11461120 0.01500050 -0.00131000
v 0.11461120 0.01250050 -0.00131000
v 0.11461120 0.01250050 -0.00131000
v 0.11461120 0.01250050 -0.00131000
v 0.11428360 0.01500050 -0.00146700
v 0.11428360 0.01500050 -0.00146700
v 0.11428360 0.01500050 -0.00146700
v 0.11428360 0.01250050 -0.00146700
v 0.11428360 0.01250050 -0.00146700
v 0.11428360 0.01250050 -0.00146700
v 0.11403440 0.01500050 -0.00163600
v 0.11403440 0.01500050 -0.00163600
v 0.11403440 0.01500050 -0.00163600
v 0.11403440 0.01250050 -0.00163600
v 0.11403440 0.01250050 -0.00163600
v 0.11403440 0.01250050 -0.00163600
v 0.11391400 0.01500050 -0.00182300
v 0.11391400 0.01500050 -0.00182300
v 0.11391400 0.01500050 -0.00182300
v 0.11391400 0.01250050 -0.00182300
v 0.11391400 0.01250050 -0.00182300
v 0.11391400 0.01250050 -0.00182300
v 0.11386640 0.01500050 -0.00201900
v 0.11386640 0.01500050 -0.00201900
v 0.11386640 0.01500050 -0.00201900
v 0.11386640 0.01250050 -0.00201900
v 0.11386640 0.01250050 -0.00201900
v 0.11386640 0.01250050 -0.00201900
v 0.11391120 0.01500050 -0.00220700
v 0.11391120 0.01500050 -0.00220700
v 0.11391120 0.01500050 -0.00220700
v 0.11391120 0.01250050 -0.00220700
v 0.11391120 0.01250050 -0.00220700
v 0.11391120 0.01250050 -0.00220700
v 0.11402600 0.01500050 -0.00238500
v 0.11402600 0.01500050 -0.00238500
v 0.11402600 0.01500050 -0.00238500
v 0.11402600 0.01250050 -0.00238500
v 0.11402600 0.01250050 -0.00238500
v 0.11402600 0.01250050 -0.00238500
v 0.11426120 0.01500050 -0.00254700
v 0.11426120 0.01500050 -0.00254700
v 0.11426120 0.01500050 -0.00254700
v 0.11426120 0.01250050 -0.00254700
v 0.11426120 0.01250050 -0.00254700
v 0.11426120 0.01250050 -0.00254700
v 0.11456640 0.01500050 -0.00270000
v 0.11456640 0.01500050 -0.00270000
v 0.11456640 0.01500050 -0.00270000
v 0.11456640 0.01250050 -0.00270000
v 0.11456640 0.01250050 -0.00270000
v 0.11456640 0.01250050 -0.00270000
v 0.11494440 0.01500050 -0.00281000
v 0.11494440 0.01500050 -0.00281000
v 0.11494440 0.01500050 -0.00281000
v 0.11494440 0.01250050 -0.00281000
v 0.11494440 0.01250050 -0.00281000
v 0.11494440 0.01250050 -0.00281000
v 0.11535040 0.01500050 -0.00289600
v 0.11535040 0.01500050 -0.00289600
v 0.11535040 0.01500050 -0.00289600
v 0.11535040 0.01250050 -0.00289600
v 0.11535040 0.01250050 -0.00289600
v 0.11535040 0.01250050 -0.00289600
v 0.11580680 0.01500050 -0.00294000
v 0.11580680 0.01500050 -0.00294000
v 0.11580680 0.01500050 -0.00294000
v 0.11580680 0.01250050 -0.00294000
v 0.11580680 0.01250050 -0.00294000
v 0.11580680 0.01250050 -0.00294000
v 0.11629120 0.01500050 -0.00296000
v 0.11629120 0.01500050 -0.00296000
v 0.11629120 0.01500050 -0.00296000
v 0.11629120 0.01250050 -0.00296000
v 0.11629120 0.01250050 -0.00296000
v 0.11629120 0.01250050 -0.00296000
v 0.11685120 0.01500050 -0.00293100
v 0.11685120 0.01500050 -0.00293100
v 0.11685120 0.01500050 -0.00293100
v 0.11685120 0.01250050 -0.00293100
v 0.11685120 0.01250050 -0.00293100
v 0.11685120 0.01250050 -0.00293100
v 0.11738600 0.01500050 -0.00287600
v 0.11738600 0.01500050 -0.00287600
v 0.11738600 0.01500050 -0.00287600
v 0.11738600 0.01250050 -0.00287600
v 0.11738600 0.01250050 -0.00287600
v 0.11738600 0.01250050 -0.00287600
v 0.11788440 0.01500050 -0.00278500
v 0.11788440 0.01500050 -0.00278500
v 0.11788440 0.01500050 -0.00278500
v 0.11788440 0.01250050 -0.00278500
v 0.11788440 0.01250050 -0.00278500
v 0.11788440 0.01250050 -0.00278500
v 0.11835760 0.01500050 -0.00267400
v 0.11835760 0.01500050 -0.00267400
v 0.11835760 0.01500050 -0.00267400
v 0.11835760 0.01250050 -0.00267400
v 0.11835760 0.01250050 -0.00267400
v 0.11835760 0.01250050 -0.00267400
v 0.11916120 0.01500050 -0.00242000
v 0.11916120 0.01500050 -0.00242000
v 0.11916120 0.01500050 -0.00242000
v 0.11916120 0.01250050 -0.00242000
v 0.11916120 0.01250050 -0.00242000
v 0.11916120 0.01250050 -0.00242000
v 0.11992560 0.01500050 -0.00215300
v 0.11992560 0.01500050 -0.00215300
v 0.11992560 0.01500050 -0.00215300
v 0.11992560 0.01250050 -0.00215300
v 0.11992560 0.01250050 -0.00215300
v 0.11992560 0.01250050 -0.00215300
v 0.12063960 0.01500050 -0.00186700
v 0.12063960 0.01500050 -0.00186700
v 0.12063960 0.01500050 -0.00186700
v 0.12063960 0.01250050 -0.00186700
v 0.12063960 0.01250050 -0.00186700
v 0.12063960 0.01250050 -0.00186700
v 0.12132280 0.01500050 -0.00157200
v 0.12132280 0.01500050 -0.00157200
v 0.12132280 0.01500050 -0.00157200
v 0.12132280 0.01250050 -0.00157200
v 0.12132280 0.01250050 -0.00157200
v 0.12132280 0.01250050 -0.00157200
v 0.12182120 0.01500050 -0.00136000
v 0.12182120 0.01500050 -0.00136000
v 0.12182120 0.01500050 -0.00136000
v 0.12182120 0.01250050 -0.00136000
v 0.12182120 0.01250050 -0.00136000
v 0.12182120 0.01250050 -0.00136000
v 0.12233640 0.01500050 -0.00115400
v 0.12233640 0.01500050 -0.00115400
v 0.12233640 0.01500050 -0.00115400
v 0.12233640 0.01250050 -0.00115400
v 0.12233640 0.01250050 -0.00115400
v 0.12233640 0.01250050 -0.00115400
v 0.12287960 0.01500050 -0.00095800
v 0.12287960 0.01500050 -0.00095800
v 0.12287960 0.01500050 -0.00095800
v 0.12287960 0.01250050 -0.00095800
v 0.12287960 0.01250050 -0.00095800
v 0.12287960 0.01250050 -0.00095800
v 0.12344520 0.01500050 -0.00076900
v 0.12344520 0.01500050 -0.00076900
v 0.12344520 0.01500050 -0.00076900
v 0.12344520 0.01250050 -0.00076900
v 0.12344520 0.01250050 -0.00076900
v 0.12344520 0.01250050 -0.00076900
v 0.12387640 0.01500050 -0.00064800
v 0.12387640 0.01500050 -0.00064800
v 0.12387640 0.01500050 -0.00064800
v 0.12387640 0.01250050 -0.00064800
v 0.12387640 0.01250050 -0.00064800
v 0.12387640 0.01250050 -0.00064800
v 0.12432720 0.01500050 -0.00053800
v 0.12432720 0.01500050 -0.00053800
v 0.12432720 0.01500050 -0.00053800
v 0.12432720 0.01250050 -0.00053800
v 0.12432720 0.01250050 -0.00053800
v 0.12432720 0.01250050 -0.00053800
v 0.12480600 0.01500050 -0.00044600
v 0.12480600 0.01500050 -0.00044600
v 0.12480600 0.01500050 -0.00044600
v 0.12480600 0.01250050 -0.00044600
v 0.12480600 0.01250050 -0.00044600
v 0.12480600 0.01250050 -0.00044600
v 0.12530720 0.01500050 -0.00036500
v 0.12530720 0.01500050 -0.00036500
v 0.12530720 0.01500050 -0.00036500
v 0.12530720 0.01250050 -0.00036500
v 0.12530720 0.01250050 -0.00036500
v 0.12530720 0.01250050 -0.00036500
v 0.12559840 0.01500050 -0.00033200
v 0.12559840 0.01500050 -0.00033200
v 0.12559840 0.01500050 -0.00033200
v 0.12559840 0.01250050 -0.00033200
v 0.12559840 0.01250050 -0.00033200
v 0.12559840 0.01250050 -0.00033200
v 0.12589240 0.01500050 -0.00030800
v 0.12589240 0.01500050 -0.00030800
v 0.12589240 0.01500050 -0.00030800
v 0.12589240 0.01250050 -0.00030800
v 0.12589240 0.01250050 -0.00030800
v 0.12589240 0.01250050 -0.00030800
v 0.12619480 0.01500050 -0.00029700
v 0.12619480 0.01500050 -0.00029700
v 0.12619480 0.01500050 -0.00029700
v 0.12619480 0.01250050 -0.00029700
v 0.12619480 0.01250050 -0.00029700
v 0.12619480 0.01250050 -0.00029700
v 0.12650000 0.01500050 -0.00029300
v 0.12650000 0.01500050 -0.00029300
v 0.12650000 0.01500050 -0.00029300
v 0.12650000 0.01250050 -0.00029300
v 0.12650000 0.01250050 -0.00029300
v 0.12650000 0.01250050 -0.00029300
v 0.12650000 0.01500050 -0.00359800
v 0.12650000 0.01500050 -0.00359800
v 0.12650000 0.01500050 -0.00359800
v 0.12650000 0.01250050 -0.00359800
v 0.12650000 0.01250050 -0.00359800
v 0.12650000 0.01250050 -0.00359800
v 0.12484800 0.01500050 -0.00359800
v 0.12484800 0.01500050 -0.00359800
v 0.12484800 0.01500050 -0.00359800
v 0.12484800 0.01250050 -0.00359800
v 0.12484800 0.01250050 -0.00359800
v 0.12484800 0.01250050 -0.00359800
v 0.12484800 0.01500050 0.00273900
v 0.12484800 0.01500050 0.00273900
v 0.12484800 0.01500050 0.00273900
v 0.12460160 0.01500050 0.00268000
v 0.12460160 0.01500050 0.00268000
v 0.12460160 0.01500050 0.00268000
v 0.12460160 0.01500050 0.00268000
v 0.12484800 0.01250050 0.00273900
v 0.12484800 0.01250050 0.00273900
v 0.12484800 0.01250050 0.00273900
v 0.12460160 0.01250050 0.00268000
v 0.12460160 0.01250050 0.00268000
v 0.12460160 0.01250050 0.00268000
v 0.12436360 0.01500050 0.00261800
v 0.12436360 0.01500050 0.00261800
v 0.12436360 0.01500050 0.00261800
v 0.12436360 0.01250050 0.00261800
v 0.12436360 0.01250050 0.00261800
v 0.12436360 0.01250050 0.00261800
v 0.12413680 0.01500050 0.00255000
v 0.12413680 0.01500050 0.00255000
v 0.12413680 0.01500050 0.00255000
v 0.12413680 0.01500050 0.00255000
v 0.12413680 0.01250050 0.00255000
v 0.12413680 0.01250050 0.00255000
v 0.12413680 0.01250050 0.00255000
v 0.12391560 0.01500050 0.00248000
v 0.12391560 0.01500050 0.00248000
v 0.12391560 0.01500050 0.00248000
v 0.12391560 0.01250050 0.00248000
v 0.12391560 0.01250050 0.00248000
v 0.12391560 0.01250050 0.00248000
v 0.12345920 0.01500050 0.00230700
v 0.12345920 0.01500050 0.00230700
v 0.12345920 0.01500050 0.00230700
v 0.12345920 0.01250050 0.00230700
v 0.12345920 0.01250050 0.00230700
v 0.12345920 0.01250050 0.00230700
v 0.12301400 0.01500050 0.00213200
v 0.12301400 0.01500050 0.00213200
v 0.12301400 0.01500050 0.00213200
v 0.12301400 0.01250050 0.00213200
v 0.12301400 0.01250050 0.00213200
v 0.12301400 0.01250050 0.00213200
v 0.12258000 0.01500050 0.00195200
v 0.12258000 0.01500050 0.00195200
v 0.12258000 0.01500050 0.00195200
v 0.12258000 0.01250050 0.00195200
v 0.12258000 0.01250050 0.00195200
v 0.12258000 0.01250050 0.00195200
v 0.12215440 0.01500050 0.00177000
v 0.12215440 0.01500050 0.00177000
v 0.12215440 0.01500050 0.00177000
v 0.12215440 0.01250050 0.00177000
v 0.12215440 0.01250050 0.00177000
v 0.12215440 0.01250050 0.00177000
v 0.12156640 0.01500050 0.00152400
v 0.12156640 0.01500050 0.00152400
v 0.12156640 0.01500050 0.00152400
v 0.12156640 0.01250050 0.00152400
v 0.12156640 0.01250050 0.00152400
v 0.12156640 0.01250050 0.00152400
v 0.12096440 0.01500050 0.00128300
v 0.12096440 0.01500050 0.00128300
v 0.12096440 0.01500050 0.00128300
v 0.12096440 0.01250050 0.00128300
v 0.12096440 0.01250050 0.00128300
v 0.12096440 0.01250050 0.00128300
v 0.12033720 0.01500050 0.00105000
v 0.12033720 0.01500050 0.00105000
v 0.12033720 0.01500050 0.00105000
v 0.12033720 0.01250050 0.00105000
v 0.12033720 0.01250050 0.00105000
v 0.12033720 0.01250050 0.00105000
v 0.11969040 0.01500050 0.00082400
v 0.11969040 0.01500050 0.00082400
v 0.11969040 0.01500050 0.00082400
v 0.11969040 0.01250050 0.00082400
v 0.11969040 0.01250050 0.00082400
v 0.11969040 0.01250050 0.00082400
v 0.11929560 0.01500050 0.00070500
v 0.11929560 0.01500050 0.00070500
v 0.11929560 0.01500050 0.00070500
v 0.11929560 0.01250050 0.00070500
v 0.11929560 0.01250050 0.00070500
v 0.11929560 0.01250050 0.00070500
v 0.11888120 0.01500050 0.00059500
v 0.11888120 0.01500050 0.00059500
v 0.11888120 0.01500050 0.00059500
v 0.11888120 0.01250050 0.00059500
v 0.11888120 0.01250050 0.00059500
v 0.11888120 0.01250050 0.00059500
v 0.11844160 0.01500050 0.00050100
v 0.11844160 0.01500050 0.00050100
v 0.11844160 0.01500050 0.00050100
v 0.11844160 0.01250050 0.00050100
v 0.11844160 0.01250050 0.00050100
v 0.11844160 0.01250050 0.00050100
v 0.11798240 0.01500050 0.00041600
v 0.11798240 0.01500050 0.00041600
v 0.11798240 0.01500050 0.00041600
v 0.11798240 0.01250050 0.00041600
v 0.11798240 0.01250050 0.00041600
v 0.11798240 0.01250050 0.00041600
v 0.11757920 0.01500050 0.00036500
v 0.11757920 0.01500050 0.00036500
v 0.11757920 0.01500050 0.00036500
v 0.11757920 0.01250050 0.00036500
v 0.11757920 0.01250050 0.00036500
v 0.11757920 0.01250050 0.00036500
v 0.11717320 0.01500050 0.00032500
v 0.11717320 0.01500050 0.00032500
v 0.11717320 0.01500050 0.00032500
v 0.11717320 0.01250050 0.00032500
v 0.11717320 0.01250050 0.00032500
v 0.11717320 0.01250050 0.00032500
v 0.11675320 0.01500050 0.00030300
v 0.11675320 0.01500050 0.00030300
v 0.11675320 0.01500050 0.00030300
v 0.11675320 0.01250050 0.00030300
v 0.11675320 0.01250050 0.00030300
v 0.11675320 0.01250050 0.00030300
v 0.11633040 0.01500050 0.00029300
v 0.11633040 0.01500050 0.00029300
v 0.11633040 0.01500050 0.00029300
v 0.11633040 0.01250050 0.00029300
v 0.11633040 0.01250050 0.00029300
v 0.11633040 0.01250050 0.00029300
v 0.11554920 0.01500050 0.00032500
v 0.11554920 0.01500050 0.00032500
v 0.11554920 0.01500050 0.00032500
v 0.11554920 0.01250050 0.00032500
v 0.11554920 0.01250050 0.00032500
v 0.11554920 0.01250050 0.00032500
v 0.11481840 0.01500050 0.00039700
v 0.11481840 0.01500050 0.00039700
v 0.11481840 0.01500050 0.00039700
v 0.11481840 0.01250050 0.00039700
v 0.11481840 0.01250050 0.00039700
v 0.11481840 0.01250050 0.00039700
v 0.11416600 0.01500050 0.00053500
v 0.11416600 0.01500050 0.00053500
v 0.11416600 0.01500050 0.00053500
v 0.11416600 0.01250050 0.00053500
v 0.11416600 0.01250050 0.00053500
v 0.11416600 0.01250050 0.00053500
v 0.11356120 0.01500050 0.00071300
v 0.11356120 0.01500050 0.00071300
v 0.11356120 0.01500050 0.00071300
v 0.11356120 0.01250050 0.00071300
v 0.11356120 0.01250050 0.00071300
v 0.11356120 0.01250050 0.00071300
v 0.11306000 0.01500050 0.00096900
v 0.11306000 0.01500050 0.00096900
v 0.11306000 0.01500050 0.00096900
v 0.11306000 0.01250050 0.00096900
v 0.11306000 0.01250050 0.00096900
v 0.11306000 0.01250050 0.00096900
v 0.11268760 0.01500050 0.00124200
v 0.11268760 0.01500050 0.00124200
v 0.11268760 0.01500050 0.00124200
v 0.11268760 0.01250050 0.00124200
v 0.11268760 0.01250050 0.00124200
v 0.11268760 0.01250050 0.00124200
v 0.11250840 0.01500050 0.00154000
v 0.11250840 0.01500050 0.00154000
v 0.11250840 0.01500050 0.00154000
v 0.11250840 0.01250050 0.00154000
v 0.11250840 0.01250050 0.00154000
v 0.11250840 0.01250050 0.00154000
v 0.11244400 0.01500050 0.00185200
v 0.11244400 0.01500050 0.00185200
v 0.11244400 0.01500050 0.00185200
v 0.11244400 0.01250050 0.00185200
v 0.11244400 0.01250050 0.00185200
v 0.11244400 0.01250050 0.00185200
v 0.11250280 0.01500050 0.00216000
v 0.11250280 0.01500050 0.00216000
v 0.11250280 0.01500050 0.00216000
v 0.11250280 0.01250050 0.00216000
v 0.11250280 0.01250050 0.00216000
v 0.11250280 0.01250050 0.00216000
v 0.11266800 0.01500050 0.00245500
v 0.11266800 0.01500050 0.00245500
v 0.11266800 0.01500050 0.00245500
v 0.11266800 0.01250050 0.00245500
v 0.11266800 0.01250050 0.00245500
v 0.11266800 0.01250050 0.00245500
v 0.11301520 0.01500050 0.00272900
v 0.11301520 0.01500050 0.00272900
v 0.11301520 0.01500050 0.00272900
v 0.11301520 0.01250050 0.00272900
v 0.11301520 0.01250050 0.00272900
v 0.11301520 0.01250050 0.00272900
v 0.11348000 0.01500050 0.00298800
v 0.11348000 0.01500050 0.00298800
v 0.11348000 0.01500050 0.00298800
v 0.11348000 0.01250050 0.00298800
v 0.11348000 0.01250050 0.00298800
v 0.11348000 0.01250050 0.00298800
v 0.11413520 0.01500050 0.00318400
v 0.11413520 0.01500050 0.00318400
v 0.11413520 0.01500050 0.00318400
v 0.11413520 0.01250050 0.00318400
v 0.11413520 0.01250050 0.00318400
v 0.11413520 0.01250050 0.00318400
v 0.11484640 0.01500050 0.00333700
v 0.11484640 0.01500050 0.00333700
v 0.11484640 0.01500050 0.00333700
v 0.11484640 0.01250050 0.00333700
v 0.11484640 0.01250050 0.00333700
v 0.11484640 0.01250050 0.00333700
v 0.11564440 0.01500050 0.00342500
v 0.11564440 0.01500050 0.00342500
v 0.11564440 0.01500050 0.00342500
v 0.11564440 0.01250050 0.00342500
v 0.11564440 0.01250050 0.00342500
v 0.11564440 0.01250050 0.00342500
v 0.11649280 0.01500050 0.00347500
v 0.11649280 0.01500050 0.00347500
v 0.11649280 0.01500050 0.00347500
v 0.11649280 0.01250050 0.00347500
v 0.11649280 0.01250050 0.00347500
v 0.11649280 0.01250050 0.00347500
v 0.11667200 0.01500050 0.00284400
v 0.11667200 0.01500050 0.00284400
v 0.11667200 0.01500050 0.00284400
v 0.11667200 0.01250050 0.00284400
v 0.11667200 0.01250050 0.00284400
v 0.11667200 0.01250050 0.00284400
v 0.11610360 0.01500050 0.00282700
v 0.11610360 0.01500050 0.00282700
v 0.11610360 0.01500050 0.00282700
v 0.11610360 0.01250050 0.00282700
v 0.11610360 0.01250050 0.00282700
v 0.11610360 0.01250050 0.00282700
v 0.11556320 0.01500050 0.00278400
v 0.11556320 0.01500050 0.00278400
v 0.11556320 0.01500050 0.00278400
v 0.11556320 0.01250050 0.00278400
v 0.11556320 0.01250050 0.00278400
v 0.11556320 0.01250050 0.00278400
v 0.11507040 0.01500050 0.00269400
v 0.11507040 0.01500050 0.00269400
v 0.11507040 0.01500050 0.00269400
v 0.11507040 0.01250050 0.00269400
v 0.11507040 0.01250050 0.00269400
v 0.11507040 0.01250050 0.00269400
v 0.11461120 0.01500050 0.00257500
v 0.11461120 0.01500050 0.00257500
v 0.11461120 0.01500050 0.00257500
v 0.11461120 0.01250050 0.00257500
v 0.11461120 0.01250050 0.00257500
v 0.11461120 0.01250050 0.00257500
v 0.11428360 0.01500050 0.00241700
v 0.11428360 0.01500050 0.00241700
v 0.11428360 0.01500050 0.00241700
v 0.11428360 0.01250050 0.00241700
v 0.11428360 0.01250050 0.00241700
v 0.11428360 0.01250050 0.00241700
v 0.11403440 0.01500050 0.00224800
v 0.11403440 0.01500050 0.00224800
v 0.11403440 0.01500050 0.00224800
v 0.11403440 0.01250050 0.00224800
v 0.11403440 0.01250050 0.00224800
v 0.11403440 0.01250050 0.00224800
v 0.11391400 0.01500050 0.00206200
v 0.11391400 0.01500050 0.00206200
v 0.11391400 0.01500050 0.00206200
v 0.11391400 0.01250050 0.00206200
v 0.11391400 0.01250050 0.00206200
v 0.11391400 0.01250050 0.00206200
v 0.11386640 0.01500050 0.00186600
v 0.11386640 0.01500050 0.00186600
v 0.11386640 0.01500050 0.00186600
v 0.11386640 0.01250050 0.00186600
v 0.11386640 0.01250050 0.00186600
v 0.11386640 0.01250050 0.00186600
v 0.11391120 0.01500050 0.00167800
v 0.11391120 0.01500050 0.00167800
v 0.11391120 0.01500050 0.00167800
v 0.11391120 0.01250050 0.00167800
v 0.11391120 0.01250050 0.00167800
v 0.11391120 0.01250050 0.00167800
v 0.11402600 0.01500050 0.00150000
v 0.11402600 0.01500050 0.00150000
v 0.11402600 0.01500050 0.00150000
v 0.11402600 0.01250050 0.00150000
v 0.11402600 0.01250050 0.00150000
v 0.11402600 0.01250050 0.00150000
v 0.11426120 0.01500050 0.00133700
v 0.11426120 0.01500050 0.00133700
v 0.11426120 0.01500050 0.00133700
v 0.11426120 0.01250050 0.00133700
v 0.11426120 0.01250050 0.00133700
v 0.11426120 0.01250050 0.00133700
v 0.11456640 0.01500050 0.00118500
v 0.11456640 0.01500050 0.00118500
v 0.11456640 0.01500050 0.00118500
v 0.11456640 0.01250050 0.00118500
v 0.11456640 0.01250050 0.00118500
v 0.11456640 0.01250050 0.00118500
v 0.11494440 0.01500050 0.00107500
v 0.11494440 0.01500050 0.00107500
v 0.11494440 0.01500050 0.00107500
v 0.11494440 0.01250050 0.00107500
v 0.11494440 0.01250050 0.00107500
v 0.11494440 0.01250050 0.00107500
v 0.11535040 0.01500050 0.00098900
v 0.11535040 0.01500050 0.00098900
v 0.11535040 0.01500050 0.00098900
v 0.11535040 0.01250050 0.00098900
v 0.11535040 0.01250050 0.00098900
v 0.11535040 0.01250050 0.00098900
v 0.11580680 0.01500050 0.00094400
v 0.11580680 0.01500050 0.00094400
v 0.11580680 0.01500050 0.00094400
v 0.11580680 0.01250050 0.00094400
v 0.11580680 0.01250050 0.00094400
v 0.11580680 0.01250050 0.00094400
v 0.11629120 0.01500050 0.00092400
v 0.11629120 0.01500050 0.00092400
v 0.11629120 0.01500050 0.00092400
v 0.11629120 0.01250050 0.00092400
v 0.11629120 0.01250050 0.00092400
v 0.11629120 0.01250050 0.00092400
v 0.11685120 0.01500050 0.00095400
v 0.11685120 0.01500050 0.00095400
v 0.11685120 0.01500050 0.00095400
v 0.11685120 0.01250050 0.00095400
v 0.11685120 0.01250050 0.00095400
v 0.11685120 0.01250050 0.00095400
v 0.11738600 0.01500050 0.00100800
v 0.11738600 0.01500050 0.00100800
v 0.11738600 0.01500050 0.00100800
v 0.11738600 0.01250050 0.00100800
v 0.11738600 0.01250050 0.00100800
v 0.11738600 0.01250050 0.00100800
v 0.11788440 0.01500050 0.00109900
v 0.11788440 0.01500050 0.00109900
v 0.11788440 0.01500050 0.00109900
v 0.11788440 0.01250050 0.00109900
v 0.11788440 0.01250050 0.00109900
v 0.11788440 0.01250050 0.00109900
v 0.11835760 0.01500050 0.00121100
v 0.11835760 0.01500050 0.00121100
v 0.11835760 0.01500050 0.00121100
v 0.11835760 0.01250050 0.00121100
v 0.11835760 0.01250050 0.00121100
v 0.11835760 0.01250050 0.00121100
v 0.11916120 0.01500050 0.00146400
v 0.11916120 0.01500050 0.00146400
v 0.11916120 0.01500050 0.00146400
v 0.11916120 0.01250050 0.00146400
v 0.11916120 0.01250050 0.00146400
v 0.11916120 0.01250050 0.00146400
v 0.11992560 0.01500050 0.00173200
v 0.11992560 0.01500050 0.00173200
v 0.11992560 0.01500050 0.00173200
v 0.11992560 0.01250050 0.00173200
v 0.11992560 0.01250050 0.00173200
v 0.11992560 0.01250050 0.00173200
v 0.12063960 0.01500050 0.00201700
v 0.12063960 0.01500050 0.00201700
v 0.12063960 0.01500050 0.00201700
v 0.12063960 0.01250050 0.00201700
v 0.12063960 0.01250050 0.00201700
v 0.12063960 0.01250050 0.00201700
v 0.12132280 0.01500050 0.00231200
v 0.12132280 0.01500050 0.00231200
v 0.12132280 0.01500050 0.00231200
v 0.12132280 0.01250050 0.00231200
v 0.12132280 0.01250050 0.00231200
v 0.12132280 0.01250050 0.00231200
v 0.12182120 0.01500050 0.00252400
v 0.12182120 0.01500050 0.00252400
v 0.12182120 0.01500050 0.00252400
v 0.12182120 0.01250050 0.00252400
v 0.12182120 0.01250050 0.00252400
v 0.12182120 0.01250050 0.00252400
v 0.12233640 0.01500050 0.00273100
v 0.12233640 0.01500050 0.00273100
v 0.12233640 0.01500050 0.00273100
v 0.12233640 0.01250050 0.00273100
v 0.12233640 0.01250050 0.00273100
v 0.12233640 0.01250050 0.00273100
v 0.12287960 0.01500050 0.00292700
v 0.12287960 0.01500050 0.00292700
v 0.12287960 0.01500050 0.00292700
v 0.12287960 0.01250050 0.00292700
v 0.12287960 0.01250050 0.00292700
v 0.12287960 0.01250050 0.00292700
v 0.12344520 0.01500050 0.00311600
v 0.12344520 0.01500050 0.00311600
v 0.12344520 0.01500050 0.00311600
v 0.12344520 0.01250050 0.00311600
v 0.12344520 0.01250050 0.00311600
v 0.12344520 0.01250050 0.00311600
v 0.12387640 0.01500050 0.00323600
v 0.12387640 0.01500050 0.00323600
v 0.12387640 0.01500050 0.00323600
v 0.12387640 0.01250050 0.00323600
v 0.12387640 0.01250050 0.00323600
v 0.12387640 0.01250050 0.00323600
v 0.12432720 0.01500050 0.00334700
v 0.12432720 0.01500050 0.00334700
v 0.12432720 0.01500050 0.00334700
v 0.12432720 0.01250050 0.00334700
v 0.12432720 0.01250050 0.00334700
v 0.12432720 0.01250050 0.00334700
v 0.12480600 0.01500050 0.00343900
v 0.12480600 0.01500050 0.00343900
v 0.12480600 0.01500050 0.00343900
v 0.12480600 0.01250050 0.00343900
v 0.12480600 0.01250050 0.00343900
v 0.12480600 0.01250050 0.00343900
v 0.12530720 0.01500050 0.00352000
v 0.12530720 0.01500050 0.00352000
v 0.12530720 0.01500050 0.00352000
v 0.12530720 0.01250050 0.00352000
v 0.12530720 0.01250050 0.00352000
v 0.12530720 0.01250050 0.00352000
v 0.12559840 0.01500050 0.00355200
v 0.12559840 0.01500050 0.00355200
v 0.12559840 0.01500050 0.00355200
v 0.12559840 0.01250050 0.00355200
v 0.12559840 0.01250050 0.00355200
v 0.12559840 0.01250050 0.00355200
v 0.12589240 0.01500050 0.00357700
v 0.12589240 0.01500050 0.00357700
v 0.12589240 0.01500050 0.00357700
v 0.12589240 0.01250050 0.00357700
v 0.12589240 0.01250050 0.00357700
v 0.12589240 0.01250050 0.00357700
v 0.12619480 0.01500050 0.00358800
v 0.12619480 0.01500050 0.00358800
v 0.12619480 0.01500050 0.00358800
v 0.12619480 0.01250050 0.00358800
v 0.12619480 0.01250050 0.00358800
v 0.12619480 0.01250050 0.00358800
v 0.12650000 0.01500050 0.00359100
v 0.12650000 0.01500050 0.00359100
v 0.12650000 0.01500050 0.00359100
v 0.12650000 0.01250050 0.00359100
v 0.12650000 0.01250050 0.00359100
v 0.12650000 0.01250050 0.00359100
v 0.12650000 0.01500050 0.00028600
v 0.12650000 0.01500050 0.00028600
v 0.12650000 0.01500050 0.00028600
v 0.12650000 0.01250050 0.00028600
v 0.12650000 0.01250050 0.00028600
v 0.12650000 0.01250050 0.00028600
v 0.12484800 0.01500050 0.00028600
v 0.12484800 0.01500050 0.00028600
v 0.12484800 0.01500050 0.00028600
v 0.12484800 0.01250050 0.00028600
v 0.12484800 0.01250050 0.00028600
v 0.12484800 0.01250050 0.00028600
v 0.11244400 -0.00314150 -0.01500000
v 0.11244400 -0.00314150 -0.01500000
v 0.11244400 -0.00314150 -0.01500000
v 0.11244400 -0.00274550 -0.01500000
v 0.11244400 -0.00274550 -0.01500000
v 0.11244400 -0.00274550 -0.01500000
v 0.11244400 -0.00314150 -0.01250000
v 0.11244400 -0.00314150 -0.01250000
v 0.11244400 -0.00314150 -0.01250000
v 0.11244400 -0.00274550 -0.01250000
v 0.11244400 -0.00274550 -0.01250000
v 0.11244400 -0.00274550 -0.01250000
v 0.11296200 -0.00263150 -0.01500000
v 0.11296200 -0.00263150 -0.01500000
v 0.11296200 -0.00263150 -0.01500000
v 0.11296200 -0.00263150 -0.01250000
v 0.11296200 -0.00263150 -0.01250000
v 0.11296200 -0.00263150 -0.01250000
v 0.11344920 -0.00250450 -0.01500000
v 0.11344920 -0.00250450 -0.01500000
v 0.11344920 -0.00250450 -0.01500000
v 0.11344920 -0.00250450 -0.01250000
v 0.11344920 -0.00250450 -0.01250000
v 0.11344920 -0.00250450 -0.01250000
v 0.11389440 -0.00235750 -0.01500000
v 0.11389440 -0.00235750 -0.01500000
v 0.11389440 -0.00235750 -0.01500000
v 0.11389440 -0.00235750 -0.01250000
v 0.11389440 -0.00235750 -0.01250000
v 0.11389440 -0.00235750 -0.01250000
v 0.11431440 -0.00219950 -0.01500000
v 0.11431440 -0.00219950 -0.01500000
v 0.11431440 -0.00219950 -0.01500000
v 0.11431440 -0.00219950 -0.01250000
v 0.11431440 -0.00219950 -0.01250000
v 0.11431440 -0.00219950 -0.01250000
v 0.11478760 -0.00198950 -0.01500000
v 0.11478760 -0.00198950 -0.01500000
v 0.11478760 -0.00198950 -0.01500000
v 0.11478760 -0.00198950 -0.01250000
v 0.11478760 -0.00198950 -0.01250000
v 0.11478760 -0.00198950 -0.01250000
v 0.11522720 -0.00177150 -0.01500000
v 0.11522720 -0.00177150 -0.01500000
v 0.11522720 -0.00177150 -0.01500000
v 0.11522720 -0.00177150 -0.01250000
v 0.11522720 -0.00177150 -0.01250000
v 0.11522720 -0.00177150 -0.01250000
v 0.11560800 -0.00153950 -0.01500000
v 0.11560800 -0.00153950 -0.01500000
v 0.11560800 -0.00153950 -0.01500000
v 0.11560800 -0.00153950 -0.01250000
v 0.11560800 -0.00153950 -0.01250000
v 0.11560800 -0.00153950 -0.01250000
v 0.11595800 -0.00129950 -0.01500000
v 0.11595800 -0.00129950 -0.01500000
v 0.11595800 -0.00129950 -0.01500000
v 0.11595800 -0.00129950 -0.01250000
v 0.11595800 -0.00129950 -0.01250000
v 0.11595800 -0.00129950 -0.01250000
v 0.11761840 -0.00129950 -0.01500000
v 0.11761840 -0.00129950 -0.01500000
v 0.11761840 -0.00129950 -0.01500000
v 0.11761840 -0.00129950 -0.01250000
v 0.11761840 -0.00129950 -0.01250000
v 0.11761840 -0.00129950 -0.01250000
v 0.11742520 -0.00146550 -0.01500000
v 0.11742520 -0.00146550 -0.01500000
v 0.11742520 -0.00146550 -0.01500000
v 0.11742520 -0.00146550 -0.01250000
v 0.11742520 -0.00146550 -0.01250000
v 0.11742520 -0.00146550 -0.01250000
v 0.11721520 -0.00162950 -0.01500000
v 0.11721520 -0.00162950 -0.01500000
v 0.11721520 -0.00162950 -0.01500000
v 0.11721520 -0.00162950 -0.01250000
v 0.11721520 -0.00162950 -0.01250000
v 0.11721520 -0.00162950 -0.01250000
v 0.11721520 -0.00162950 -0.01250000
v 0.11698000 -0.00178850 -0.01500000
v 0.11698000 -0.00178850 -0.01500000
v 0.11698000 -0.00178850 -0.01500000
v 0.11698000 -0.00178850 -0.01500000
v 0.11698000 -0.00178850 -0.01250000
v 0.11698000 -0.00178850 -0.01250000
v 0.11698000 -0.00178850 -0.01250000
v 0.11673080 -0.00194550 -0.01500000
v 0.11673080 -0.00194550 -0.01500000
v 0.11673080 -0.00194550 -0.01500000
v 0.11673080 -0.00194550 -0.01250000
v 0.11673080 -0.00194550 -0.01250000
v 0.11673080 -0.00194550 -0.01250000
v 0.11646480 -0.00209950 -0.01500000
v 0.11646480 -0.00209950 -0.01500000
v 0.11646480 -0.00209950 -0.01500000
v 0.11646480 -0.00209950 -0.01250000
v 0.11646480 -0.00209950 -0.01250000
v 0.11646480 -0.00209950 -0.01250000
v 0.11618480 -0.00224850 -0.01500000
v 0.11618480 -0.00224850 -0.01500000
v 0.11618480 -0.00224850 -0.01500000
v 0.11618480 -0.00224850 -0.01250000
v 0.11618480 -0.00224850 -0.01250000
v 0.11618480 -0.00224850 -0.01250000
v 0.11587400 -0.00239050 -0.01500000
v 0.11587400 -0.00239050 -0.01500000
v 0.11587400 -0.00239050 -0.01500000
v 0.11587400 -0.00239050 -0.01250000
v 0.11587400 -0.00239050 -0.01250000
v 0.11587400 -0.00239050 -0.01250000
v 0.11554640 -0.00252750 -0.01500000
v 0.11554640 -0.00252750 -0.01500000
v 0.11554640 -0.00252750 -0.01500000
v 0.11554640 -0.00252750 -0.01250000
v 0.11554640 -0.00252750 -0.01250000
v 0.11554640 -0.00252750 -0.01250000
v 0.12650000 -0.00252750 -0.01500000
v 0.12650000 -0.00252750 -0.01500000
v 0.12650000 -0.00252750 -0.01500000
v 0.12650000 -0.00252750 -0.01250000
v 0.12650000 -0.00252750 -0.01250000
v 0.12650000 -0.00252750 -0.01250000
v 0.12650000 -0.00314150 -0.01500000
v 0.12650000 -0.00314150 -0.01500000
v 0.12650000 -0.00314150 -0.01500000
v 0.12650000 -0.00314150 -0.01250000
v 0.12650000 -0.00314150 -0.01250000
v 0.12650000 -0.00314150 -0.01250000
v 0.12484800 0.00228150 -0.01500000
v 0.12484800 0.00228150 -0.01500000
v 0.12484800 0.00228150 -0.01500000
v 0.12460160 0.00222250 -0.01500000
v 0.12460160 0.00222250 -0.01500000
v 0.12460160 0.00222250 -0.01500000
v 0.12484800 0.00228150 -0.01250000
v 0.12484800 0.00228150 -0.01250000
v 0.12484800 0.00228150 -0.01250000
v 0.12460160 0.00222250 -0.01250000
v 0.12460160 0.00222250 -0.01250000
v 0.12460160 0.00222250 -0.01250000
v 0.12436360 0.00216050 -0.01500000
v 0.12436360 0.00216050 -0.01500000
v 0.12436360 0.00216050 -0.01500000
v 0.12436360 0.00216050 -0.01250000
v 0.12436360 0.00216050 -0.01250000
v 0.12436360 0.00216050 -0.01250000
v 0.12413680 0.00209350 -0.01500000
v 0.12413680 0.00209350 -0.01500000
v 0.12413680 0.00209350 -0.01500000
v 0.12413680 0.00209350 -0.01250000
v 0.12413680 0.00209350 -0.01250000
v 0.12413680 0.00209350 -0.01250000
v 0.12413680 0.00209350 -0.01250000
v 0.12391560 0.00202250 -0.01500000
v 0.12391560 0.00202250 -0.01500000
v 0.12391560 0.00202250 -0.01500000
v 0.12391560 0.00202250 -0.01500000
v 0.12391560 0.00202250 -0.01250000
v 0.12391560 0.00202250 -0.01250000
v 0.12391560 0.00202250 -0.01250000
v 0.12345920 0.00185050 -0.01500000
v 0.12345920 0.00185050 -0.01500000
v 0.12345920 0.00185050 -0.01500000
v 0.12345920 0.00185050 -0.01250000
v 0.12345920 0.00185050 -0.01250000
v 0.12345920 0.00185050 -0.01250000
v 0.12301400 0.00167450 -0.01500000
v 0.12301400 0.00167450 -0.01500000
v 0.12301400 0.00167450 -0.01500000
v 0.12301400 0.00167450 -0.01250000
v 0.12301400 0.00167450 -0.01250000
v 0.12301400 0.00167450 -0.01250000
v 0.12258000 0.00149450 -0.01500000
v 0.12258000 0.00149450 -0.01500000
v 0.12258000 0.00149450 -0.01500000
v 0.12258000 0.00149450 -0.01250000
v 0.12258000 0.00149450 -0.01250000
v 0.12258000 0.00149450 -0.01250000
v 0.12215440 0.00131350 -0.01500000
v 0.12215440 0.00131350 -0.01500000
v 0.12215440 0.00131350 -0.01500000
v 0.12215440 0.00131350 -0.01250000
v 0.12215440 0.00131350 -0.01250000
v 0.12215440 0.00131350 -0.01250000
v 0.12156640 0.00106750 -0.01500000
v 0.12156640 0.00106750 -0.01500000
v 0.12156640 0.00106750 -0.01500000
v 0.12156640 0.00106750 -0.01250000
v 0.12156640 0.00106750 -0.01250000
v 0.12156640 0.00106750 -0.01250000
v 0.12096440 0.00082550 -0.01500000
v 0.12096440 0.00082550 -0.01500000
v 0.12096440 0.00082550 -0.01500000
v 0.12096440 0.00082550 -0.01250000
v 0.12096440 0.00082550 -0.01250000
v 0.12096440 0.00082550 -0.01250000
v 0.12033720 0.00059250 -0.01500000
v 0.12033720 0.00059250 -0.01500000
v 0.12033720 0.00059250 -0.01500000
v 0.12033720 0.00059250 -0.01250000
v 0.12033720 0.00059250 -0.01250000
v 0.12033720 0.00059250 -0.01250000
v 0.11969040 0.00036650 -0.01500000
v 0.11969040 0.00036650 -0.01500000
v 0.11969040 0.00036650 -0.01500000
v 0.11969040 0.00036650 -0.01250000
v 0.11969040 0.00036650 -0.01250000
v 0.11969040 0.00036650 -0.01250000
v 0.11929560 0.00024850 -0.01500000
v 0.11929560 0.00024850 -0.01500000
v 0.11929560 0.00024850 -0.01500000
v 0.11929560 0.00024850 -0.01250000
v 0.11929560 0.00024850 -0.01250000
v 0.11929560 0.00024850 -0.01250000
v 0.11888120 0.00013850 -0.01500000
v 0.11888120 0.00013850 -0.01500000
v 0.11888120 0.00013850 -0.01500000
v 0.11888120 0.00013850 -0.01250000
v 0.11888120 0.00013850 -0.01250000
v 0.11888120 0.00013850 -0.01250000
v 0.11844160 0.00004350 -0.01500000
v 0.11844160 0.00004350 -0.01500000
v 0.11844160 0.00004350 -0.01500000
v 0.11844160 0.00004350 -0.01250000
v 0.11844160 0.00004350 -0.01250000
v 0.11844160 0.00004350 -0.01250000
v 0.11798240 -0.00004050 -0.01500000
v 0.11798240 -0.00004050 -0.01500000
v 0.11798240 -0.00004050 -0.01500000
v 0.11798240 -0.00004050 -0.01250000
v 0.11798240 -0.00004050 -0.01250000
v 0.11798240 -0.00004050 -0.01250000
v 0.11757920 -0.00009250 -0.01500000
v 0.11757920 -0.00009250 -0.01500000
v 0.11757920 -0.00009250 -0.01500000
v 0.11757920 -0.00009250 -0.01250000
v 0.11757920 -0.00009250 -0.01250000
v 0.11757920 -0.00009250 -0.01250000
v 0.11757920 -0.00009250 -0.01250000
v 0.11717320 -0.00013250 -0.01500000
v 0.11717320 -0.00013250 -0.01500000
v 0.11717320 -0.00013250 -0.01500000
v 0.11717320 -0.00013250 -0.01500000
v 0.11717320 -0.00013250 -0.01250000
v 0.11717320 -0.00013250 -0.01250000
v 0.11717320 -0.00013250 -0.01250000
v 0.11675320 -0.00015350 -0.01500000
v 0.11675320 -0.00015350 -0.01500000
v 0.11675320 -0.00015350 -0.01500000
v 0.11675320 -0.00015350 -0.01250000
v 0.11675320 -0.00015350 -0.01250000
v 0.11675320 -0.00015350 -0.01250000
v 0.11633040 -0.00016350 -0.01500000
v 0.11633040 -0.00016350 -0.01500000
v 0.11633040 -0.00016350 -0.01500000
v 0.11633040 -0.00016350 -0.01250000
v 0.11633040 -0.00016350 -0.01250000
v 0.11633040 -0.00016350 -0.01250000
v 0.11554920 -0.00013150 -0.01500000
v 0.11554920 -0.00013150 -0.01500000
v 0.11554920 -0.00013150 -0.01500000
v 0.11554920 -0.00013150 -0.01250000
v 0.11554920 -0.00013150 -0.01250000
v 0.11554920 -0.00013150 -0.01250000
v 0.11481840 -0.00005950 -0.01500000
v 0.11481840 -0.00005950 -0.01500000
v 0.11481840 -0.00005950 -0.01500000
v 0.11481840 -0.00005950 -0.01250000
v 0.11481840 -0.00005950 -0.01250000
v 0.11481840 -0.00005950 -0.01250000
v 0.11481840 -0.00005950 -0.01250000
v 0.11416600 0.00007750 -0.01500000
v 0.11416600 0.00007750 -0.01500000
v 0.11416600 0.00007750 -0.01500000
v 0.11416600 0.00007750 -0.01500000
v 0.11416600 0.00007750 -0.01250000
v 0.11416600 0.00007750 -0.01250000
v 0.11416600 0.00007750 -0.01250000
v 0.11356120 0.00025550 -0.01500000
v 0.11356120 0.00025550 -0.01500000
v 0.11356120 0.00025550 -0.01500000
v 0.11356120 0.00025550 -0.01250000
v 0.11356120 0.00025550 -0.01250000
v 0.11356120 0.00025550 -0.01250000
v 0.11306000 0.00051250 -0.01500000
v 0.11306000 0.00051250 -0.01500000
v 0.11306000 0.00051250 -0.01500000
v 0.11306000 0.00051250 -0.01250000
v 0.11306000 0.00051250 -0.01250000
v 0.11306000 0.00051250 -0.01250000
v 0.11268760 0.00078450 -0.01500000
v 0.11268760 0.00078450 -0.01500000
v 0.11268760 0.00078450 -0.01500000
v 0.11268760 0.00078450 -0.01250000
v 0.11268760 0.00078450 -0.01250000
v 0.11268760 0.00078450 -0.01250000
v 0.11268760 0.00078450 -0.01250000
v 0.11250840 0.00108250 -0.01500000
v 0.11250840 0.00108250 -0.01500000
v 0.11250840 0.00108250 -0.01500000
v 0.11250840 0.00108250 -0.01500000
v 0.11250840 0.00108250 -0.01250000
v 0.11250840 0.00108250 -0.01250000
v 0.11250840 0.00108250 -0.01250000
v 0.11244400 0.00139450 -0.01500000
v 0.11244400 0.00139450 -0.01500000
v 0.11244400 0.00139450 -0.01500000
v 0.11244400 0.00139450 -0.01250000
v 0.11244400 0.00139450 -0.01250000
v 0.11244400 0.00139450 -0.01250000
v 0.11250280 0.00170250 -0.01500000
v 0.11250280 0.00170250 -0.01500000
v 0.11250280 0.00170250 -0.01500000
v 0.11250280 0.00170250 -0.01250000
v 0.11250280 0.00170250 -0.01250000
v 0.11250280 0.00170250 -0.01250000
v 0.11266800 0.00199850 -0.01500000
v 0.11266800 0.00199850 -0.01500000
v 0.11266800 0.00199850 -0.01500000
v 0.11266800 0.00199850 -0.01250000
v 0.11266800 0.00199850 -0.01250000
v 0.11266800 0.00199850 -0.01250000
v 0.11301520 0.00227150 -0.01500000
v 0.11301520 0.00227150 -0.01500000
v 0.11301520 0.00227150 -0.01500000
v 0.11301520 0.00227150 -0.01250000
v 0.11301520 0.00227150 -0.01250000
v 0.11301520 0.00227150 -0.01250000
v 0.11348000 0.00253050 -0.01500000
v 0.11348000 0.00253050 -0.01500000
v 0.11348000 0.00253050 -0.01500000
v 0.11348000 0.00253050 -0.01250000
v 0.11348000 0.00253050 -0.01250000
v 0.11348000 0.00253050 -0.01250000
v 0.11413520 0.00272650 -0.01500000
v 0.11413520 0.00272650 -0.01500000
v 0.11413520 0.00272650 -0.01500000
v 0.11413520 0.00272650 -0.01250000
v 0.11413520 0.00272650 -0.01250000
v 0.11413520 0.00272650 -0.01250000
v 0.11484640 0.00288050 -0.01500000
v 0.11484640 0.00288050 -0.01500000
v 0.11484640 0.00288050 -0.01500000
v 0.11484640 0.00288050 -0.01250000
v 0.11484640 0.00288050 -0.01250000
v 0.11484640 0.00288050 -0.01250000
v 0.11564440 0.00296750 -0.01500000
v 0.11564440 0.00296750 -0.01500000
v 0.11564440 0.00296750 -0.01500000
v 0.11564440 0.00296750 -0.01250000
v 0.11564440 0.00296750 -0.01250000
v 0.11564440 0.00296750 -0.01250000
v 0.11649280 0.00301850 -0.01500000
v 0.11649280 0.00301850 -0.01500000
v 0.11649280 0.00301850 -0.01500000
v 0.11649280 0.00301850 -0.01250000
v 0.11649280 0.00301850 -0.01250000
v 0.11649280 0.00301850 -0.01250000
v 0.11667200 0.00238750 -0.01500000
v 0.11667200 0.00238750 -0.01500000
v 0.11667200 0.00238750 -0.01500000
v 0.11667200 0.00238750 -0.01250000
v 0.11667200 0.00238750 -0.01250000
v 0.11667200 0.00238750 -0.01250000
v 0.11610360 0.00237050 -0.01500000
v 0.11610360 0.00237050 -0.01500000
v 0.11610360 0.00237050 -0.01500000
v 0.11610360 0.00237050 -0.01250000
v 0.11610360 0.00237050 -0.01250000
v 0.11610360 0.00237050 -0.01250000
v 0.11556320 0.00232650 -0.01500000
v 0.11556320 0.00232650 -0.01500000
v 0.11556320 0.00232650 -0.01500000
v 0.11556320 0.00232650 -0.01250000
v 0.11556320 0.00232650 -0.01250000
v 0.11556320 0.00232650 -0.01250000
v 0.11507040 0.00223750 -0.01500000
v 0.11507040 0.00223750 -0.01500000
v 0.11507040 0.00223750 -0.01500000
v 0.11507040 0.00223750 -0.01250000
v 0.11507040 0.00223750 -0.01250000
v 0.11507040 0.00223750 -0.01250000
v 0.11461120 0.00211850 -0.01500000
v 0.11461120 0.00211850 -0.01500000
v 0.11461120 0.00211850 -0.01500000
v 0.11461120 0.00211850 -0.01250000
v 0.11461120 0.00211850 -0.01250000
v 0.11461120 0.00211850 -0.01250000
v 0.11428360 0.00196050 -0.01500000
v 0.11428360 0.00196050 -0.01500000
v 0.11428360 0.00196050 -0.01500000
v 0.11428360 0.00196050 -0.01250000
v 0.11428360 0.00196050 -0.01250000
v 0.11428360 0.00196050 -0.01250000
v 0.11403440 0.00179150 -0.01500000
v 0.11403440 0.00179150 -0.01500000
v 0.11403440 0.00179150 -0.01500000
v 0.11403440 0.00179150 -0.01250000
v 0.11403440 0.00179150 -0.01250000
v 0.11403440 0.00179150 -0.01250000
v 0.11391400 0.00160550 -0.01500000
v 0.11391400 0.00160550 -0.01500000
v 0.11391400 0.00160550 -0.01500000
v 0.11391400 0.00160550 -0.01250000
v 0.11391400 0.00160550 -0.01250000
v 0.11391400 0.00160550 -0.01250000
v 0.11386640 0.00140850 -0.01500000
v 0.11386640 0.00140850 -0.01500000
v 0.11386640 0.00140850 -0.01500000
v 0.11386640 0.00140850 -0.01250000
v 0.11386640 0.00140850 -0.01250000
v 0.11386640 0.00140850 -0.01250000
v 0.11391120 0.00122150 -0.01500000
v 0.11391120 0.00122150 -0.01500000
v 0.11391120 0.00122150 -0.01500000
v 0.11391120 0.00122150 -0.01250000
v 0.11391120 0.00122150 -0.01250000
v 0.11391120 0.00122150 -0.01250000
v 0.11402600 0.00104250 -0.01500000
v 0.11402600 0.00104250 -0.01500000
v 0.11402600 0.00104250 -0.01500000
v 0.11402600 0.00104250 -0.01250000
v 0.11402600 0.00104250 -0.01250000
v 0.11402600 0.00104250 -0.01250000
v 0.11402600 0.00104250 -0.01250000
v 0.11426120 0.00088050 -0.01500000
v 0.11426120 0.00088050 -0.01500000
v 0.11426120 0.00088050 -0.01500000
v 0.11426120 0.00088050 -0.01500000
v 0.11426120 0.00088050 -0.01250000
v 0.11426120 0.00088050 -0.01250000
v 0.11426120 0.00088050 -0.01250000
v 0.11456640 0.00072850 -0.01500000
v 0.11456640 0.00072850 -0.01500000
v 0.11456640 0.00072850 -0.01500000
v 0.11456640 0.00072850 -0.01250000
v 0.11456640 0.00072850 -0.01250000
v 0.11456640 0.00072850 -0.01250000
v 0.11494440 0.00061750 -0.01500000
v 0.11494440 0.00061750 -0.01500000
v 0.11494440 0.00061750 -0.01500000
v 0.11494440 0.00061750 -0.01250000
v 0.11494440 0.00061750 -0.01250000
v 0.11494440 0.00061750 -0.01250000
v 0.11535040 0.00053250 -0.01500000
v 0.11535040 0.00053250 -0.01500000
v 0.11535040 0.00053250 -0.01500000
v 0.11535040 0.00053250 -0.01250000
v 0.11535040 0.00053250 -0.01250000
v 0.11535040 0.00053250 -0.01250000
v 0.11535040 0.00053250 -0.01250000
v 0.11580680 0.00048750 -0.01500000
v 0.11580680 0.00048750 -0.01500000
v 0.11580680 0.00048750 -0.01500000
v 0.11580680 0.00048750 -0.01500000
v 0.11580680 0.00048750 -0.01250000
v 0.11580680 0.00048750 -0.01250000
v 0.11580680 0.00048750 -0.01250000
v 0.11629120 0.00046750 -0.01500000
v 0.11629120 0.00046750 -0.01500000
v 0.11629120 0.00046750 -0.01500000
v 0.11629120 0.00046750 -0.01250000
v 0.11629120 0.00046750 -0.01250000
v 0.11629120 0.00046750 -0.01250000
v 0.11685120 0.00049750 -0.01500000
v 0.11685120 0.00049750 -0.01500000
v 0.11685120 0.00049750 -0.01500000
v 0.11685120 0.00049750 -0.01250000
v 0.11685120 0.00049750 -0.01250000
v 0.11685120 0.00049750 -0.01250000
v 0.11685120 0.00049750 -0.01250000
v 0.11738600 0.00055150 -0.01500000
v 0.11738600 0.00055150 -0.01500000
v 0.11738600 0.00055150 -0.01500000
v 0.11738600 0.00055150 -0.01500000
v 0.11738600 0.00055150 -0.01250000
v 0.11738600 0.00055150 -0.01250000
v 0.11738600 0.00055150 -0.01250000
v 0.11788440 0.00064250 -0.01500000
v 0.11788440 0.00064250 -0.01500000
v 0.11788440 0.00064250 -0.01500000
v 0.11788440 0.00064250 -0.01250000
v 0.11788440 0.00064250 -0.01250000
v 0.11788440 0.00064250 -0.01250000
v 0.11835760 0.00075350 -0.01500000
v 0.11835760 0.00075350 -0.01500000
v 0.11835760 0.00075350 -0.01500000
v 0.11835760 0.00075350 -0.01250000
v 0.11835760 0.00075350 -0.01250000
v 0.11835760 0.00075350 -0.01250000
v 0.11916120 0.00100750 -0.01500000
v 0.11916120 0.00100750 -0.01500000
v 0.11916120 0.00100750 -0.01500000
v 0.11916120 0.00100750 -0.01250000
v 0.11916120 0.00100750 -0.01250000
v 0.11916120 0.00100750 -0.01250000
v 0.11992560 0.00127450 -0.01500000
v 0.11992560 0.00127450 -0.01500000
v 0.11992560 0.00127450 -0.01500000
v 0.11992560 0.00127450 -0.01250000
v 0.11992560 0.00127450 -0.01250000
v 0.11992560 0.00127450 -0.01250000
v 0.12063960 0.00156050 -0.01500000
v 0.12063960 0.00156050 -0.01500000
v 0.12063960 0.00156050 -0.01500000
v 0.12063960 0.00156050 -0.01250000
v 0.12063960 0.00156050 -0.01250000
v 0.12063960 0.00156050 -0.01250000
v 0.12132280 0.00185550 -0.01500000
v 0.12132280 0.00185550 -0.01500000
v 0.12132280 0.00185550 -0.01500000
v 0.12132280 0.00185550 -0.01250000
v 0.12132280 0.00185550 -0.01250000
v 0.12132280 0.00185550 -0.01250000
v 0.12182120 0.00206750 -0.01500000
v 0.12182120 0.00206750 -0.01500000
v 0.12182120 0.00206750 -0.01500000
v 0.12182120 0.00206750 -0.01250000
v 0.12182120 0.00206750 -0.01250000
v 0.12182120 0.00206750 -0.01250000
v 0.12233640 0.00227350 -0.01500000
v 0.12233640 0.00227350 -0.01500000
v 0.12233640 0.00227350 -0.01500000
v 0.12233640 0.00227350 -0.01250000
v 0.12233640 0.00227350 -0.01250000
v 0.12233640 0.00227350 -0.01250000
v 0.12287960 0.00246950 -0.01500000
v 0.12287960 0.00246950 -0.01500000
v 0.12287960 0.00246950 -0.01500000
v 0.12287960 0.00246950 -0.01250000
v 0.12287960 0.00246950 -0.01250000
v 0.12287960 0.00246950 -0.01250000
v 0.12344520 0.00265850 -0.01500000
v 0.12344520 0.00265850 -0.01500000
v 0.12344520 0.00265850 -0.01500000
v 0.12344520 0.00265850 -0.01250000
v 0.12344520 0.00265850 -0.01250000
v 0.12344520 0.00265850 -0.01250000
v 0.12387640 0.00277950 -0.01500000
v 0.12387640 0.00277950 -0.01500000
v 0.12387640 0.00277950 -0.01500000
v 0.12387640 0.00277950 -0.01250000
v 0.12387640 0.00277950 -0.01250000
v 0.12387640 0.00277950 -0.01250000
v 0.12432720 0.00288950 -0.01500000
v 0.12432720 0.00288950 -0.01500000
v 0.12432720 0.00288950 -0.01500000
v 0.12432720 0.00288950 -0.01250000
v 0.12432720 0.00288950 -0.01250000
v 0.12432720 0.00288950 -0.01250000
v 0.12480600 0.00298150 -0.01500000
v 0.12480600 0.00298150 -0.01500000
v 0.12480600 0.00298150 -0.01500000
v 0.12480600 0.00298150 -0.01250000
v 0.12480600 0.00298150 -0.01250000
v 0.12480600 0.00298150 -0.01250000
v 0.12530720 0.00306250 -0.01500000
v 0.12530720 0.00306250 -0.01500000
v 0.12530720 0.00306250 -0.01500000
v 0.12530720 0.00306250 -0.01250000
v 0.12530720 0.00306250 -0.01250000
v 0.12530720 0.00306250 -0.01250000
v 0.12530720 0.00306250 -0.01250000
v 0.12559840 0.00309550 -0.01500000
v 0.12559840 0.00309550 -0.01500000
v 0.12559840 0.00309550 -0.01500000
v 0.12559840 0.00309550 -0.01500000
v 0.12559840 0.00309550 -0.01250000
v 0.12559840 0.00309550 -0.01250000
v 0.12559840 0.00309550 -0.01250000
v 0.12589240 0.00311950 -0.01500000
v 0.12589240 0.00311950 -0.01500000
v 0.12589240 0.00311950 -0.01500000
v 0.12589240 0.00311950 -0.01250000
v 0.12589240 0.00311950 -0.01250000
v 0.12589240 0.00311950 -0.01250000
v 0.12619480 0.00313150 -0.01500000
v 0.12619480 0.00313150 -0.01500000
v 0.12619480 0.00313150 -0.01500000
v 0.12619480 0.00313150 -0.01250000
v 0.12619480 0.00313150 -0.01250000
v 0.12619480 0.00313150 -0.01250000
v 0.12650000 0.00313450 -0.01500000
v 0.12650000 0.00313450 -0.01500000
v 0.12650000 0.00313450 -0.01500000
v 0.12650000 0.00313450 -0.01250000
v 0.12650000 0.00313450 -0.01250000
v 0.12650000 0.00313450 -0.01250000
v 0.12650000 -0.00017050 -0.01500000
v 0.12650000 -0.00017050 -0.01500000
v 0.12650000 -0.00017050 -0.01500000
v 0.12650000 -0.00017050 -0.01250000
v 0.12650000 -0.00017050 -0.01250000
v 0.12650000 -0.00017050 -0.01250000
v 0.12484800 -0.00017050 -0.01500000
v 0.12484800 -0.00017050 -0.01500000
v 0.12484800 -0.00017050 -0.01500000
v 0.12484800 -0.00017050 -0.01250000
v 0.12484800 -0.00017050 -0.01250000
v 0.12484800 -0.00017050 -0.01250000
v 0.11486880 -0.01499950 0.00130300
v 0.11486880 -0.01499950 0.00130300
v 0.11486880 -0.01499950 0.00130300
v 0.11444880 -0.01499950 0.00144000
v 0.11444880 -0.01499950 0.00144000
v 0.11444880 -0.01499950 0.00144000
v 0.11486880 -0.01249950 0.00130300
v 0.11486880 -0.01249950 0.00130300
v 0.11486880 -0.01249950 0.00130300
v 0.11444880 -0.01249950 0.00144000
v 0.11444880 -0.01249950 0.00144000
v 0.11444880 -0.01249950 0.00144000
v 0.11426960 -0.01499950 0.00151400
v 0.11426960 -0.01499950 0.00151400
v 0.11426960 -0.01499950 0.00151400
v 0.11426960 -0.01249950 0.00151400
v 0.11426960 -0.01249950 0.00151400
v 0.11426960 -0.01249950 0.00151400
v 0.11412120 -0.01499950 0.00159400
v 0.11412120 -0.01499950 0.00159400
v 0.11412120 -0.01499950 0.00159400
v 0.11412120 -0.01249950 0.00159400
v 0.11412120 -0.01249950 0.00159400
v 0.11412120 -0.01249950 0.00159400
v 0.11401760 -0.01499950 0.00168300
v 0.11401760 -0.01499950 0.00168300
v 0.11401760 -0.01499950 0.00168300
v 0.11401760 -0.01249950 0.00168300
v 0.11401760 -0.01249950 0.00168300
v 0.11401760 -0.01249950 0.00168300
v 0.11394760 -0.01499950 0.00177800
v 0.11394760 -0.01499950 0.00177800
v 0.11394760 -0.01499950 0.00177800
v 0.11394760 -0.01249950 0.00177800
v 0.11394760 -0.01249950 0.00177800
v 0.11394760 -0.01249950 0.00177800
v 0.11386640 -0.01499950 0.00197800
v 0.11386640 -0.01499950 0.00197800
v 0.11386640 -0.01499950 0.00197800
v 0.11386640 -0.01249950 0.00197800
v 0.11386640 -0.01249950 0.00197800
v 0.11386640 -0.01249950 0.00197800
v 0.11397000 -0.01499950 0.00219300
v 0.11397000 -0.01499950 0.00219300
v 0.11397000 -0.01499950 0.00219300
v 0.11397000 -0.01249950 0.00219300
v 0.11397000 -0.01249950 0.00219300
v 0.11397000 -0.01249950 0.00219300
v 0.11405120 -0.01499950 0.00229400
v 0.11405120 -0.01499950 0.00229400
v 0.11405120 -0.01499950 0.00229400
v 0.11405120 -0.01249950 0.00229400
v 0.11405120 -0.01249950 0.00229400
v 0.11405120 -0.01249950 0.00229400
v 0.11417440 -0.01499950 0.00238800
v 0.11417440 -0.01499950 0.00238800
v 0.11417440 -0.01499950 0.00238800
v 0.11417440 -0.01249950 0.00238800
v 0.11417440 -0.01249950 0.00238800
v 0.11417440 -0.01249950 0.00238800
v 0.11433960 -0.01499950 0.00247300
v 0.11433960 -0.01499950 0.00247300
v 0.11433960 -0.01499950 0.00247300
v 0.11433960 -0.01249950 0.00247300
v 0.11433960 -0.01249950 0.00247300
v 0.11433960 -0.01249950 0.00247300
v 0.11454120 -0.01499950 0.00255100
v 0.11454120 -0.01499950 0.00255100
v 0.11454120 -0.01499950 0.00255100
v 0.11454120 -0.01249950 0.00255100
v 0.11454120 -0.01249950 0.00255100
v 0.11454120 -0.01249950 0.00255100
v 0.11500320 -0.01499950 0.00269600
v 0.11500320 -0.01499950 0.00269600
v 0.11500320 -0.01499950 0.00269600
v 0.11500320 -0.01249950 0.00269600
v 0.11500320 -0.01249950 0.00269600
v 0.11500320 -0.01249950 0.00269600
v 0.11610360 -0.01499950 0.00284800
v 0.11610360 -0.01499950 0.00284800
v 0.11610360 -0.01499950 0.00284800
v 0.11610360 -0.01249950 0.00284800
v 0.11610360 -0.01249950 0.00284800
v 0.11610360 -0.01249950 0.00284800
v 0.11723480 -0.01499950 0.00294800
v 0.11723480 -0.01499950 0.00294800
v 0.11723480 -0.01499950 0.00294800
v 0.11723480 -0.01249950 0.00294800
v 0.11723480 -0.01249950 0.00294800
v 0.11723480 -0.01249950 0.00294800
v 0.11840520 -0.01499950 0.00298300
v 0.11840520 -0.01499950 0.00298300
v 0.11840520 -0.01499950 0.00298300
v 0.11840520 -0.01249950 0.00298300
v 0.11840520 -0.01249950 0.00298300
v 0.11840520 -0.01249950 0.00298300
v 0.11959520 -0.01499950 0.00298400
v 0.11959520 -0.01499950 0.00298400
v 0.11959520 -0.01499950 0.00298400
v 0.11959520 -0.01249950 0.00298400
v 0.11959520 -0.01249950 0.00298400
v 0.11959520 -0.01249950 0.00298400
v 0.12078240 -0.01499950 0.00298300
v 0.12078240 -0.01499950 0.00298300
v 0.12078240 -0.01499950 0.00298300
v 0.12078240 -0.01249950 0.00298300
v 0.12078240 -0.01249950 0.00298300
v 0.12078240 -0.01249950 0.00298300
v 0.12195000 -0.01499950 0.00294800
v 0.12195000 -0.01499950 0.00294800
v 0.12195000 -0.01499950 0.00294800
v 0.12195000 -0.01249950 0.00294800
v 0.12195000 -0.01249950 0.00294800
v 0.12195000 -0.01249950 0.00294800
v 0.12307840 -0.01499950 0.00284800
v 0.12307840 -0.01499950 0.00284800
v 0.12307840 -0.01499950 0.00284800
v 0.12307840 -0.01249950 0.00284800
v 0.12307840 -0.01249950 0.00284800
v 0.12307840 -0.01249950 0.00284800
v 0.12417880 -0.01499950 0.00269600
v 0.12417880 -0.01499950 0.00269600
v 0.12417880 -0.01499950 0.00269600
v 0.12417880 -0.01249950 0.00269600
v 0.12417880 -0.01249950 0.00269600
v 0.12417880 -0.01249950 0.00269600
v 0.12464080 -0.01499950 0.00255300
v 0.12464080 -0.01499950 0.00255300
v 0.12464080 -0.01499950 0.00255300
v 0.12464080 -0.01249950 0.00255300
v 0.12464080 -0.01249950 0.00255300
v 0.12464080 -0.01249950 0.00255300
v 0.12484240 -0.01499950 0.00247600
v 0.12484240 -0.01499950 0.00247600
v 0.12484240 -0.01499950 0.00247600
v 0.12484240 -0.01249950 0.00247600
v 0.12484240 -0.01249950 0.00247600
v 0.12484240 -0.01249950 0.00247600
v 0.12501040 -0.01499950 0.00239200
v 0.12501040 -0.01499950 0.00239200
v 0.12501040 -0.01499950 0.00239200
v 0.12501040 -0.01249950 0.00239200
v 0.12501040 -0.01249950 0.00239200
v 0.12501040 -0.01249950 0.00239200
v 0.12513360 -0.01499950 0.00229900
v 0.12513360 -0.01499950 0.00229900
v 0.12513360 -0.01499950 0.00229900
v 0.12513360 -0.01249950 0.00229900
v 0.12513360 -0.01249950 0.00229900
v 0.12513360 -0.01249950 0.00229900
v 0.12521760 -0.01499950 0.00219900
v 0.12521760 -0.01499950 0.00219900
v 0.12521760 -0.01499950 0.00219900
v 0.12521760 -0.01249950 0.00219900
v 0.12521760 -0.01249950 0.00219900
v 0.12521760 -0.01249950 0.00219900
v 0.12532400 -0.01499950 0.00198500
v 0.12532400 -0.01499950 0.00198500
v 0.12532400 -0.01499950 0.00198500
v 0.12532400 -0.01249950 0.00198500
v 0.12532400 -0.01249950 0.00198500
v 0.12532400 -0.01249950 0.00198500
v 0.12522040 -0.01499950 0.00177200
v 0.12522040 -0.01499950 0.00177200
v 0.12522040 -0.01499950 0.00177200
v 0.12522040 -0.01249950 0.00177200
v 0.12522040 -0.01249950 0.00177200
v 0.12522040 -0.01249950 0.00177200
v 0.12513640 -0.01499950 0.00167100
v 0.12513640 -0.01499950 0.00167100
v 0.12513640 -0.01499950 0.00167100
v 0.12513640 -0.01249950 0.00167100
v 0.12513640 -0.01249950 0.00167100
v 0.12513640 -0.01249950 0.00167100
v 0.12501320 -0.01499950 0.00157800
v 0.12501320 -0.01499950 0.00157800
v 0.12501320 -0.01499950 0.00157800
v 0.12501320 -0.01249950 0.00157800
v 0.12501320 -0.01249950 0.00157800
v 0.12501320 -0.01249950 0.00157800
v 0.12484520 -0.01499950 0.00149400
v 0.12484520 -0.01499950 0.00149400
v 0.12484520 -0.01499950 0.00149400
v 0.12484520 -0.01249950 0.00149400
v 0.12484520 -0.01249950 0.00149400
v 0.12484520 -0.01249950 0.00149400
v 0.12464360 -0.01499950 0.00141700
v 0.12464360 -0.01499950 0.00141700
v 0.12464360 -0.01499950 0.00141700
v 0.12464360 -0.01249950 0.00141700
v 0.12464360 -0.01249950 0.00141700
v 0.12464360 -0.01249950 0.00141700
v 0.12418440 -0.01499950 0.00127400
v 0.12418440 -0.01499950 0.00127400
v 0.12418440 -0.01499950 0.00127400
v 0.12418440 -0.01249950 0.00127400
v 0.12418440 -0.01249950 0.00127400
v 0.12418440 -0.01249950 0.00127400
v 0.12418440 -0.01249950 0.00127400
v 0.12308400 -0.01499950 0.00112200
v 0.12308400 -0.01499950 0.00112200
v 0.12308400 -0.01499950 0.00112200
v 0.12308400 -0.01499950 0.00112200
v 0.12308400 -0.01249950 0.00112200
v 0.12308400 -0.01249950 0.00112200
v 0.12308400 -0.01249950 0.00112200
v 0.12195280 -0.01499950 0.00102200
v 0.12195280 -0.01499950 0.00102200
v 0.12195280 -0.01499950 0.00102200
v 0.12195280 -0.01249950 0.00102200
v 0.12195280 -0.01249950 0.00102200
v 0.12195280 -0.01249950 0.00102200
v 0.12078240 -0.01499950 0.00098700
v 0.12078240 -0.01499950 0.00098700
v 0.12078240 -0.01499950 0.00098700
v 0.12078240 -0.01249950 0.00098700
v 0.12078240 -0.01249950 0.00098700
v 0.12078240 -0.01249950 0.00098700
v 0.11959520 -0.01499950 0.00098600
v 0.11959520 -0.01499950 0.00098600
v 0.11959520 -0.01499950 0.00098600
v 0.11959520 -0.01249950 0.00098600
v 0.11959520 -0.01249950 0.00098600
v 0.11959520 -0.01249950 0.00098600
v 0.11836880 -0.01499950 0.00099000
v 0.11836880 -0.01499950 0.00099000
v 0.11836880 -0.01499950 0.00099000
v 0.11836880 -0.01249950 0.00099000
v 0.11836880 -0.01249950 0.00099000
v 0.11836880 -0.01249950 0.00099000
v 0.11716200 -0.01499950 0.00103000
v 0.11716200 -0.01499950 0.00103000
v 0.11716200 -0.01499950 0.00103000
v 0.11716200 -0.01249950 0.00103000
v 0.11716200 -0.01249950 0.00103000
v 0.11716200 -0.01249950 0.00103000
v 0.11600000 -0.01499950 0.00114000
v 0.11600000 -0.01499950 0.00114000
v 0.11600000 -0.01499950 0.00114000
v 0.11600000 -0.01249950 0.00114000
v 0.11600000 -0.01249950 0.00114000
v 0.11600000 -0.01249950 0.00114000
v 0.12528760 -0.01499950 0.00084900
v 0.12528760 -0.01499950 0.00084900
v 0.12528760 -0.01499950 0.00084900
v 0.12591480 -0.01499950 0.00108900
v 0.12591480 -0.01499950 0.00108900
v 0.12591480 -0.01499950 0.00108900
v 0.12528760 -0.01249950 0.00084900
v 0.12528760 -0.01249950 0.00084900
v 0.12528760 -0.01249950 0.00084900
v 0.12591480 -0.01249950 0.00108900
v 0.12591480 -0.01249950 0.00108900
v 0.12591480 -0.01249950 0.00108900
v 0.12618080 -0.01499950 0.00121700
v 0.12618080 -0.01499950 0.00121700
v 0.12618080 -0.01499950 0.00121700
v 0.12618080 -0.01249950 0.00121700
v 0.12618080 -0.01249950 0.00121700
v 0.12618080 -0.01249950 0.00121700
v 0.12639360 -0.01499950 0.00135400
v 0.12639360 -0.01499950 0.00135400
v 0.12639360 -0.01499950 0.00135400
v 0.12639360 -0.01249950 0.00135400
v 0.12639360 -0.01249950 0.00135400
v 0.12639360 -0.01249950 0.00135400
v 0.12663720 -0.01499950 0.00165800
v 0.12663720 -0.01499950 0.00165800
v 0.12663720 -0.01499950 0.00165800
v 0.12663720 -0.01249950 0.00165800
v 0.12663720 -0.01249950 0.00165800
v 0.12663720 -0.01249950 0.00165800
v 0.12673800 -0.01499950 0.00198500
v 0.12673800 -0.01499950 0.00198500
v 0.12673800 -0.01499950 0.00198500
v 0.12673800 -0.01249950 0.00198500
v 0.12673800 -0.01249950 0.00198500
v 0.12673800 -0.01249950 0.00198500
v 0.12668480 -0.01499950 0.00223000
v 0.12668480 -0.01499950 0.00223000
v 0.12668480 -0.01499950 0.00223000
v 0.12668480 -0.01249950 0.00223000
v 0.12668480 -0.01249950 0.00223000
v 0.12668480 -0.01249950 0.00223000
v 0.12655040 -0.01499950 0.00246600
v 0.12655040 -0.01499950 0.00246600
v 0.12655040 -0.01499950 0.00246600
v 0.12655040 -0.01249950 0.00246600
v 0.12655040 -0.01249950 0.00246600
v 0.12655040 -0.01249950 0.00246600
v 0.12627600 -0.01499950 0.00268500
v 0.12627600 -0.01499950 0.00268500
v 0.12627600 -0.01499950 0.00268500
v 0.12627600 -0.01249950 0.00268500
v 0.12627600 -0.01249950 0.00268500
v 0.12627600 -0.01249950 0.00268500
v 0.12591200 -0.01499950 0.00289400
v 0.12591200 -0.01499950 0.00289400
v 0.12591200 -0.01499950 0.00289400
v 0.12591200 -0.01249950 0.00289400
v 0.12591200 -0.01249950 0.00289400
v 0.12591200 -0.01249950 0.00289400
v 0.12540520 -0.01499950 0.00307100
v 0.12540520 -0.01499950 0.00307100
v 0.12540520 -0.01499950 0.00307100
v 0.12540520 -0.01249950 0.00307100
v 0.12540520 -0.01249950 0.00307100
v 0.12540520 -0.01249950 0.00307100
v 0.12485080 -0.01499950 0.00322400
v 0.12485080 -0.01499950 0.00322400
v 0.12485080 -0.01499950 0.00322400
v 0.12485080 -0.01249950 0.00322400
v 0.12485080 -0.01249950 0.00322400
v 0.12485080 -0.01249950 0.00322400
v 0.12423200 -0.01499950 0.00334000
v 0.12423200 -0.01499950 0.00334000
v 0.12423200 -0.01499950 0.00334000
v 0.12423200 -0.01249950 0.00334000
v 0.12423200 -0.01249950 0.00334000
v 0.12423200 -0.01249950 0.00334000
v 0.12357400 -0.01499950 0.00343500
v 0.12357400 -0.01499950 0.00343500
v 0.12357400 -0.01499950 0.00343500
v 0.12357400 -0.01249950 0.00343500
v 0.12357400 -0.01249950 0.00343500
v 0.12357400 -0.01249950 0.00343500
v 0.12259400 -0.01499950 0.00351900
v 0.12259400 -0.01499950 0.00351900
v 0.12259400 -0.01499950 0.00351900
v 0.12259400 -0.01249950 0.00351900
v 0.12259400 -0.01249950 0.00351900
v 0.12259400 -0.01249950 0.00351900
v 0.12160560 -0.01499950 0.00358000
v 0.12160560 -0.01499950 0.00358000
v 0.12160560 -0.01499950 0.00358000
v 0.12160560 -0.01249950 0.00358000
v 0.12160560 -0.01249950 0.00358000
v 0.12160560 -0.01249950 0.00358000
v 0.12060320 -0.01499950 0.00360700
v 0.12060320 -0.01499950 0.00360700
v 0.12060320 -0.01499950 0.00360700
v 0.12060320 -0.01249950 0.00360700
v 0.12060320 -0.01249950 0.00360700
v 0.12060320 -0.01249950 0.00360700
v 0.11959520 -0.01499950 0.00361500
v 0.11959520 -0.01499950 0.00361500
v 0.11959520 -0.01499950 0.00361500
v 0.11959520 -0.01249950 0.00361500
v 0.11959520 -0.01249950 0.00361500
v 0.11959520 -0.01249950 0.00361500
v 0.11876080 -0.01499950 0.00361100
v 0.11876080 -0.01499950 0.00361100
v 0.11876080 -0.01499950 0.00361100
v 0.11876080 -0.01249950 0.00361100
v 0.11876080 -0.01249950 0.00361100
v 0.11876080 -0.01249950 0.00361100
v 0.11793200 -0.01499950 0.00359400
v 0.11793200 -0.01499950 0.00359400
v 0.11793200 -0.01499950 0.00359400
v 0.11793200 -0.01249950 0.00359400
v 0.11793200 -0.01249950 0.00359400
v 0.11793200 -0.01249950 0.00359400
v 0.11710600 -0.01499950 0.00355600
v 0.11710600 -0.01499950 0.00355600
v 0.11710600 -0.01499950 0.00355600
v 0.11710600 -0.01249950 0.00355600
v 0.11710600 -0.01249950 0.00355600
v 0.11710600 -0.01249950 0.00355600
v 0.11628560 -0.01499950 0.00350300
v 0.11628560 -0.01499950 0.00350300
v 0.11628560 -0.01499950 0.00350300
v 0.11628560 -0.01249950 0.00350300
v 0.11628560 -0.01249950 0.00350300
v 0.11628560 -0.01249950 0.00350300
v 0.11574240 -0.01499950 0.00344500
v 0.11574240 -0.01499950 0.00344500
v 0.11574240 -0.01499950 0.00344500
v 0.11574240 -0.01249950 0.00344500
v 0.11574240 -0.01249950 0.00344500
v 0.11574240 -0.01249950 0.00344500
v 0.11521040 -0.01499950 0.00337800
v 0.11521040 -0.01499950 0.00337800
v 0.11521040 -0.01499950 0.00337800
v 0.11521040 -0.01249950 0.00337800
v 0.11521040 -0.01249950 0.00337800
v 0.11521040 -0.01249950 0.00337800
v 0.11470080 -0.01499950 0.00329100
v 0.11470080 -0.01499950 0.00329100
v 0.11470080 -0.01499950 0.00329100
v 0.11470080 -0.01249950 0.00329100
v 0.11470080 -0.01249950 0.00329100
v 0.11470080 -0.01249950 0.00329100
v 0.11420520 -0.01499950 0.00319200
v 0.11420520 -0.01499950 0.00319200
v 0.11420520 -0.01499950 0.00319200
v 0.11420520 -0.01249950 0.00319200
v 0.11420520 -0.01249950 0.00319200
v 0.11420520 -0.01249950 0.00319200
v 0.11420520 -0.01249950 0.00319200
v 0.11381600 -0.01499950 0.00308800
v 0.11381600 -0.01499950 0.00308800
v 0.11381600 -0.01499950 0.00308800
v 0.11381600 -0.01499950 0.00308800
v 0.11381600 -0.01249950 0.00308800
v 0.11381600 -0.01249950 0.00308800
v 0.11381600 -0.01249950 0.00308800
v 0.11346040 -0.01499950 0.00297200
v 0.11346040 -0.01499950 0.00297200
v 0.11346040 -0.01499950 0.00297200
v 0.11346040 -0.01249950 0.00297200
v 0.11346040 -0.01249950 0.00297200
v 0.11346040 -0.01249950 0.00297200
v 0.11316080 -0.01499950 0.00283700
v 0.11316080 -0.01499950 0.00283700
v 0.11316080 -0.01499950 0.00283700
v 0.11316080 -0.01249950 0.00283700
v 0.11316080 -0.01249950 0.00283700
v 0.11316080 -0.01249950 0.00283700
v 0.11289760 -0.01499950 0.00269100
v 0.11289760 -0.01499950 0.00269100
v 0.11289760 -0.01499950 0.00269100
v 0.11289760 -0.01249950 0.00269100
v 0.11289760 -0.01249950 0.00269100
v 0.11289760 -0.01249950 0.00269100
v 0.11269880 -0.01499950 0.00252200
v 0.11269880 -0.01499950 0.00252200
v 0.11269880 -0.01499950 0.00252200
v 0.11269880 -0.01249950 0.00252200
v 0.11269880 -0.01249950 0.00252200
v 0.11269880 -0.01249950 0.00252200
v 0.11254760 -0.01499950 0.00234800
v 0.11254760 -0.01499950 0.00234800
v 0.11254760 -0.01499950 0.00234800
v 0.11254760 -0.01249950 0.00234800
v 0.11254760 -0.01249950 0.00234800
v 0.11254760 -0.01249950 0.00234800
v 0.11247200 -0.01499950 0.00216800
v 0.11247200 -0.01499950 0.00216800
v 0.11247200 -0.01499950 0.00216800
v 0.11247200 -0.01249950 0.00216800
v 0.11247200 -0.01249950 0.00216800
v 0.11247200 -0.01249950 0.00216800
v 0.11244400 -0.01499950 0.00198500
v 0.11244400 -0.01499950 0.00198500
v 0.11244400 -0.01499950 0.00198500
v 0.11244400 -0.01249950 0.00198500
v 0.11244400 -0.01249950 0.00198500
v 0.11244400 -0.01249950 0.00198500
v 0.11249720 -0.01499950 0.00174100
v 0.11249720 -0.01499950 0.00174100
v 0.11249720 -0.01499950 0.00174100
v 0.11249720 -0.01249950 0.00174100
v 0.11249720 -0.01249950 0.00174100
v 0.11249720 -0.01249950 0.00174100
v 0.11262880 -0.01499950 0.00150600
v 0.11262880 -0.01499950 0.00150600
v 0.11262880 -0.01499950 0.00150600
v 0.11262880 -0.01249950 0.00150600
v 0.11262880 -0.01249950 0.00150600
v 0.11262880 -0.01249950 0.00150600
v 0.11290320 -0.01499950 0.00128700
v 0.11290320 -0.01499950 0.00128700
v 0.11290320 -0.01499950 0.00128700
v 0.11290320 -0.01249950 0.00128700
v 0.11290320 -0.01249950 0.00128700
v 0.11290320 -0.01249950 0.00128700
v 0.11326440 -0.01499950 0.00107900
v 0.11326440 -0.01499950 0.00107900
v 0.11326440 -0.01499950 0.00107900
v 0.11326440 -0.01249950 0.00107900
v 0.11326440 -0.01249950 0.00107900
v 0.11326440 -0.01249950 0.00107900
v 0.11377120 -0.01499950 0.00090300
v 0.11377120 -0.01499950 0.00090300
v 0.11377120 -0.01499950 0.00090300
v 0.11377120 -0.01249950 0.00090300
v 0.11377120 -0.01249950 0.00090300
v 0.11377120 -0.01249950 0.00090300
v 0.11432280 -0.01499950 0.00074900
v 0.11432280 -0.01499950 0.00074900
v 0.11432280 -0.01499950 0.00074900
v 0.11432280 -0.01249950 0.00074900
v 0.11432280 -0.01249950 0.00074900
v 0.11432280 -0.01249950 0.00074900
v 0.11494160 -0.01499950 0.00063300
v 0.11494160 -0.01499950 0.00063300
v 0.11494160 -0.01499950 0.00063300
v 0.11494160 -0.01249950 0.00063300
v 0.11494160 -0.01249950 0.00063300
v 0.11494160 -0.01249950 0.00063300
v 0.11559960 -0.01499950 0.00053700
v 0.11559960 -0.01499950 0.00053700
v 0.11559960 -0.01499950 0.00053700
v 0.11559960 -0.01249950 0.00053700
v 0.11559960 -0.01249950 0.00053700
v 0.11559960 -0.01249950 0.00053700
v 0.11658240 -0.01499950 0.00045200
v 0.11658240 -0.01499950 0.00045200
v 0.11658240 -0.01499950 0.00045200
v 0.11658240 -0.01249950 0.00045200
v 0.11658240 -0.01249950 0.00045200
v 0.11658240 -0.01249950 0.00045200
v 0.11757640 -0.01499950 0.00039000
v 0.11757640 -0.01499950 0.00039000
v 0.11757640 -0.01499950 0.00039000
v 0.11757640 -0.01249950 0.00039000
v 0.11757640 -0.01249950 0.00039000
v 0.11757640 -0.01249950 0.00039000
v 0.11858160 -0.01499950 0.00036300
v 0.11858160 -0.01499950 0.00036300
v 0.11858160 -0.01499950 0.00036300
v 0.11858160 -0.01249950 0.00036300
v 0.11858160 -0.01249950 0.00036300
v 0.11858160 -0.01249950 0.00036300
v 0.11959520 -0.01499950 0.00035500
v 0.11959520 -0.01499950 0.00035500
v 0.11959520 -0.01499950 0.00035500
v 0.11959520 -0.01249950 0.00035500
v 0.11959520 -0.01249950 0.00035500
v 0.11959520 -0.01249950 0.00035500
v 0.12109880 -0.01499950 0.00037000
v 0.12109880 -0.01499950 0.00037000
v 0.12109880 -0.01499950 0.00037000
v 0.12109880 -0.01249950 0.00037000
v 0.12109880 -0.01249950 0.00037000
v 0.12109880 -0.01249950 0.00037000
v 0.12256320 -0.01499950 0.00043900
v 0.12256320 -0.01499950 0.00043900
v 0.12256320 -0.01499950 0.00043900
v 0.12256320 -0.01249950 0.00043900
v 0.12256320 -0.01249950 0.00043900
v 0.12256320 -0.01249950 0.00043900
v 0.12326880 -0.01499950 0.00051000
v 0.12326880 -0.01499950 0.00051000
v 0.12326880 -0.01499950 0.00051000
v 0.12326880 -0.01249950 0.00051000
v 0.12326880 -0.01249950 0.00051000
v 0.12326880 -0.01249950 0.00051000
v 0.12395200 -0.01499950 0.00060800
v 0.12395200 -0.01499950 0.00060800
v 0.12395200 -0.01499950 0.00060800
v 0.12395200 -0.01249950 0.00060800
v 0.12395200 -0.01249950 0.00060800
v 0.12395200 -0.01249950 0.00060800
v 0.12484800 -0.01499950 -0.00275600
v 0.12484800 -0.01499950 -0.00275600
v 0.12484800 -0.01499950 -0.00275600
v 0.12460160 -0.01499950 -0.00269700
v 0.12460160 -0.01499950 -0.00269700
v 0.12460160 -0.01499950 -0.00269700
v 0.12484800 -0.01249950 -0.00275600
v 0.12484800 -0.01249950 -0.00275600
v 0.12484800 -0.01249950 -0.00275600
v 0.12460160 -0.01249950 -0.00269700
v 0.12460160 -0.01249950 -0.00269700
v 0.12460160 -0.01249950 -0.00269700
v 0.12436360 -0.01499950 -0.00263500
v 0.12436360 -0.01499950 -0.00263500
v 0.12436360 -0.01499950 -0.00263500
v 0.12436360 -0.01249950 -0.00263500
v 0.12436360 -0.01249950 -0.00263500
v 0.12436360 -0.01249950 -0.00263500
v 0.12413680 -0.01499950 -0.00256700
v 0.12413680 -0.01499950 -0.00256700
v 0.12413680 -0.01499950 -0.00256700
v 0.12413680 -0.01249950 -0.00256700
v 0.12413680 -0.01249950 -0.00256700
v 0.12413680 -0.01249950 -0.00256700
v 0.12391560 -0.01499950 -0.00249700
v 0.12391560 -0.01499950 -0.00249700
v 0.12391560 -0.01499950 -0.00249700
v 0.12391560 -0.01249950 -0.00249700
v 0.12391560 -0.01249950 -0.00249700
v 0.12391560 -0.01249950 -0.00249700
v 0.12345920 -0.01499950 -0.00232400
v 0.12345920 -0.01499950 -0.00232400
v 0.12345920 -0.01499950 -0.00232400
v 0.12345920 -0.01249950 -0.00232400
v 0.12345920 -0.01249950 -0.00232400
v 0.12345920 -0.01249950 -0.00232400
v 0.12301400 -0.01499950 -0.00214900
v 0.12301400 -0.01499950 -0.00214900
v 0.12301400 -0.01499950 -0.00214900
v 0.12301400 -0.01249950 -0.00214900
v 0.12301400 -0.01249950 -0.00214900
v 0.12301400 -0.01249950 -0.00214900
v 0.12258000 -0.01499950 -0.00196900
v 0.12258000 -0.01499950 -0.00196900
v 0.12258000 -0.01499950 -0.00196900
v 0.12258000 -0.01249950 -0.00196900
v 0.12258000 -0.01249950 -0.00196900
v 0.12258000 -0.01249950 -0.00196900
v 0.12215440 -0.01499950 -0.00178700
v 0.12215440 -0.01499950 -0.00178700
v 0.12215440 -0.01499950 -0.00178700
v 0.12215440 -0.01249950 -0.00178700
v 0.12215440 -0.01249950 -0.00178700
v 0.12215440 -0.01249950 -0.00178700
v 0.12156640 -0.01499950 -0.00154100
v 0.12156640 -0.01499950 -0.00154100
v 0.12156640 -0.01499950 -0.00154100
v 0.12156640 -0.01249950 -0.00154100
v 0.12156640 -0.01249950 -0.00154100
v 0.12156640 -0.01249950 -0.00154100
v 0.12096440 -0.01499950 -0.00130000
v 0.12096440 -0.01499950 -0.00130000
v 0.12096440 -0.01499950 -0.00130000
v 0.12096440 -0.01249950 -0.00130000
v 0.12096440 -0.01249950 -0.00130000
v 0.12096440 -0.01249950 -0.00130000
v 0.12033720 -0.01499950 -0.00106700
v 0.12033720 -0.01499950 -0.00106700
v 0.12033720 -0.01499950 -0.00106700
v 0.12033720 -0.01249950 -0.00106700
v 0.12033720 -0.01249950 -0.00106700
v 0.12033720 -0.01249950 -0.00106700
v 0.11969040 -0.01499950 -0.00084100
v 0.11969040 -0.01499950 -0.00084100
v 0.11969040 -0.01499950 -0.00084100
v 0.11969040 -0.01249950 -0.00084100
v 0.11969040 -0.01249950 -0.00084100
v 0.11969040 -0.01249950 -0.00084100
v 0.11929560 -0.01499950 -0.00072200
v 0.11929560 -0.01499950 -0.00072200
v 0.11929560 -0.01499950 -0.00072200
v 0.11929560 -0.01249950 -0.00072200
v 0.11929560 -0.01249950 -0.00072200
v 0.11929560 -0.01249950 -0.00072200
v 0.11888120 -0.01499950 -0.00061200
v 0.11888120 -0.01499950 -0.00061200
v 0.11888120 -0.01499950 -0.00061200
v 0.11888120 -0.01249950 -0.00061200
v 0.11888120 -0.01249950 -0.00061200
v 0.11888120 -0.01249950 -0.00061200
v 0.11844160 -0.01499950 -0.00051800
v 0.11844160 -0.01499950 -0.00051800
v 0.11844160 -0.01499950 -0.00051800
v 0.11844160 -0.01249950 -0.00051800
v 0.11844160 -0.01249950 -0.00051800
v 0.11844160 -0.01249950 -0.00051800
v 0.11798240 -0.01499950 -0.00043300
v 0.11798240 -0.01499950 -0.00043300
v 0.11798240 -0.01499950 -0.00043300
v 0.11798240 -0.01249950 -0.00043300
v 0.11798240 -0.01249950 -0.00043300
v 0.11798240 -0.01249950 -0.00043300
v 0.11757920 -0.01499950 -0.00038200
v 0.11757920 -0.01499950 -0.00038200
v 0.11757920 -0.01499950 -0.00038200
v 0.11757920 -0.01249950 -0.00038200
v 0.11757920 -0.01249950 -0.00038200
v 0.11757920 -0.01249950 -0.00038200
v 0.11717320 -0.01499950 -0.00034200
v 0.11717320 -0.01499950 -0.00034200
v 0.11717320 -0.01499950 -0.00034200
v 0.11717320 -0.01249950 -0.00034200
v 0.11717320 -0.01249950 -0.00034200
v 0.11717320 -0.01249950 -0.00034200
v 0.11675320 -0.01499950 -0.00032000
v 0.11675320 -0.01499950 -0.00032000
v 0.11675320 -0.01499950 -0.00032000
v 0.11675320 -0.01249950 -0.00032000
v 0.11675320 -0.01249950 -0.00032000
v 0.11675320 -0.01249950 -0.00032000
v 0.11633040 -0.01499950 -0.00031000
v 0.11633040 -0.01499950 -0.00031000
v 0.11633040 -0.01499950 -0.00031000
v 0.11633040 -0.01249950 -0.00031000
v 0.11633040 -0.01249950 -0.00031000
v 0.11633040 -0.01249950 -0.00031000
v 0.11554920 -0.01499950 -0.00034200
v 0.11554920 -0.01499950 -0.00034200
v 0.11554920 -0.01499950 -0.00034200
v 0.11554920 -0.01249950 -0.00034200
v 0.11554920 -0.01249950 -0.00034200
v 0.11554920 -0.01249950 -0.00034200
v 0.11481840 -0.01499950 -0.00041400
v 0.11481840 -0.01499950 -0.00041400
v 0.11481840 -0.01499950 -0.00041400
v 0.11481840 -0.01249950 -0.00041400
v 0.11481840 -0.01249950 -0.00041400
v 0.11481840 -0.01249950 -0.00041400
v 0.11416600 -0.01499950 -0.00055200
v 0.11416600 -0.01499950 -0.00055200
v 0.11416600 -0.01499950 -0.00055200
v 0.11416600 -0.01249950 -0.00055200
v 0.11416600 -0.01249950 -0.00055200
v 0.11416600 -0.01249950 -0.00055200
v 0.11356120 -0.01499950 -0.00073000
v 0.11356120 -0.01499950 -0.00073000
v 0.11356120 -0.01499950 -0.00073000
v 0.11356120 -0.01249950 -0.00073000
v 0.11356120 -0.01249950 -0.00073000
v 0.11356120 -0.01249950 -0.00073000
v 0.11306000 -0.01499950 -0.00098600
v 0.11306000 -0.01499950 -0.00098600
v 0.11306000 -0.01499950 -0.00098600
v 0.11306000 -0.01249950 -0.00098600
v 0.11306000 -0.01249950 -0.00098600
v 0.11306000 -0.01249950 -0.00098600
v 0.11268760 -0.01499950 -0.00125900
v 0.11268760 -0.01499950 -0.00125900
v 0.11268760 -0.01499950 -0.00125900
v 0.11268760 -0.01249950 -0.00125900
v 0.11268760 -0.01249950 -0.00125900
v 0.11268760 -0.01249950 -0.00125900
v 0.11250840 -0.01499950 -0.00155700
v 0.11250840 -0.01499950 -0.00155700
v 0.11250840 -0.01499950 -0.00155700
v 0.11250840 -0.01249950 -0.00155700
v 0.11250840 -0.01249950 -0.00155700
v 0.11250840 -0.01249950 -0.00155700
v 0.11244400 -0.01499950 -0.00186900
v 0.11244400 -0.01499950 -0.00186900
v 0.11244400 -0.01499950 -0.00186900
v 0.11244400 -0.01249950 -0.00186900
v 0.11244400 -0.01249950 -0.00186900
v 0.11244400 -0.01249950 -0.00186900
v 0.11250280 -0.01499950 -0.00217700
v 0.11250280 -0.01499950 -0.00217700
v 0.11250280 -0.01499950 -0.00217700
v 0.11250280 -0.01249950 -0.00217700
v 0.11250280 -0.01249950 -0.00217700
v 0.11250280 -0.01249950 -0.00217700
v 0.11266800 -0.01499950 -0.00247200
v 0.11266800 -0.01499950 -0.00247200
v 0.11266800 -0.01499950 -0.00247200
v 0.11266800 -0.01249950 -0.00247200
v 0.11266800 -0.01249950 -0.00247200
v 0.11266800 -0.01249950 -0.00247200
v 0.11301520 -0.01499950 -0.00274600
v 0.11301520 -0.01499950 -0.00274600
v 0.11301520 -0.01499950 -0.00274600
v 0.11301520 -0.01249950 -0.00274600
v 0.11301520 -0.01249950 -0.00274600
v 0.11301520 -0.01249950 -0.00274600
v 0.11348000 -0.01499950 -0.00300500
v 0.11348000 -0.01499950 -0.00300500
v 0.11348000 -0.01499950 -0.00300500
v 0.11348000 -0.01249950 -0.00300500
v 0.11348000 -0.01249950 -0.00300500
v 0.11348000 -0.01249950 -0.00300500
v 0.11413520 -0.01499950 -0.00320100
v 0.11413520 -0.01499950 -0.00320100
v 0.11413520 -0.01499950 -0.00320100
v 0.11413520 -0.01249950 -0.00320100
v 0.11413520 -0.01249950 -0.00320100
v 0.11413520 -0.01249950 -0.00320100
v 0.11484640 -0.01499950 -0.00335400
v 0.11484640 -0.01499950 -0.00335400
v 0.11484640 -0.01499950 -0.00335400
v 0.11484640 -0.01249950 -0.00335400
v 0.11484640 -0.01249950 -0.00335400
v 0.11484640 -0.01249950 -0.00335400
v 0.11564440 -0.01499950 -0.00344200
v 0.11564440 -0.01499950 -0.00344200
v 0.11564440 -0.01499950 -0.00344200
v 0.11564440 -0.01249950 -0.00344200
v 0.11564440 -0.01249950 -0.00344200
v 0.11564440 -0.01249950 -0.00344200
v 0.11649280 -0.01499950 -0.00349200
v 0.11649280 -0.01499950 -0.00349200
v 0.11649280 -0.01499950 -0.00349200
v 0.11649280 -0.01499950 -0.00349200
v 0.11649280 -0.01249950 -0.00349200
v 0.11649280 -0.01249950 -0.00349200
v 0.11649280 -0.01249950 -0.00349200
v 0.11667200 -0.01499950 -0.00286200
v 0.11667200 -0.01499950 -0.00286200
v 0.11667200 -0.01499950 -0.00286200
v 0.11667200 -0.01249950 -0.00286200
v 0.11667200 -0.01249950 -0.00286200
v 0.11667200 -0.01249950 -0.00286200
v 0.11610360 -0.01499950 -0.00284400
v 0.11610360 -0.01499950 -0.00284400
v 0.11610360 -0.01499950 -0.00284400
v 0.11610360 -0.01249950 -0.00284400
v 0.11610360 -0.01249950 -0.00284400
v 0.11610360 -0.01249950 -0.00284400
v 0.11556320 -0.01499950 -0.00280100
v 0.11556320 -0.01499950 -0.00280100
v 0.11556320 -0.01499950 -0.00280100
v 0.11556320 -0.01249950 -0.00280100
v 0.11556320 -0.01249950 -0.00280100
v 0.11556320 -0.01249950 -0.00280100
v 0.11507040 -0.01499950 -0.00271100
v 0.11507040 -0.01499950 -0.00271100
v 0.11507040 -0.01499950 -0.00271100
v 0.11507040 -0.01249950 -0.00271100
v 0.11507040 -0.01249950 -0.00271100
v 0.11507040 -0.01249950 -0.00271100
v 0.11461120 -0.01499950 -0.00259200
v 0.11461120 -0.01499950 -0.00259200
v 0.11461120 -0.01499950 -0.00259200
v 0.11461120 -0.01249950 -0.00259200
v 0.11461120 -0.01249950 -0.00259200
v 0.11461120 -0.01249950 -0.00259200
v 0.11428360 -0.01499950 -0.00243400
v 0.11428360 -0.01499950 -0.00243400
v 0.11428360 -0.01499950 -0.00243400
v 0.11428360 -0.01249950 -0.00243400
v 0.11428360 -0.01249950 -0.00243400
v 0.11428360 -0.01249950 -0.00243400
v 0.11403440 -0.01499950 -0.00226500
v 0.11403440 -0.01499950 -0.00226500
v 0.11403440 -0.01499950 -0.00226500
v 0.11403440 -0.01249950 -0.00226500
v 0.11403440 -0.01249950 -0.00226500
v 0.11403440 -0.01249950 -0.00226500
v 0.11391400 -0.01499950 -0.00207900
v 0.11391400 -0.01499950 -0.00207900
v 0.11391400 -0.01499950 -0.00207900
v 0.11391400 -0.01249950 -0.00207900
v 0.11391400 -0.01249950 -0.00207900
v 0.11391400 -0.01249950 -0.00207900
v 0.11386640 -0.01499950 -0.00188300
v 0.11386640 -0.01499950 -0.00188300
v 0.11386640 -0.01499950 -0.00188300
v 0.11386640 -0.01249950 -0.00188300
v 0.11386640 -0.01249950 -0.00188300
v 0.11386640 -0.01249950 -0.00188300
v 0.11391120 -0.01499950 -0.00169500
v 0.11391120 -0.01499950 -0.00169500
v 0.11391120 -0.01499950 -0.00169500
v 0.11391120 -0.01249950 -0.00169500
v 0.11391120 -0.01249950 -0.00169500
v 0.11391120 -0.01249950 -0.00169500
v 0.11402600 -0.01499950 -0.00151700
v 0.11402600 -0.01499950 -0.00151700
v 0.11402600 -0.01499950 -0.00151700
v 0.11402600 -0.01249950 -0.00151700
v 0.11402600 -0.01249950 -0.00151700
v 0.11402600 -0.01249950 -0.00151700
v 0.11426120 -0.01499950 -0.00135500
v 0.11426120 -0.01499950 -0.00135500
v 0.11426120 -0.01499950 -0.00135500
v 0.11426120 -0.01249950 -0.00135500
v 0.11426120 -0.01249950 -0.00135500
v 0.11426120 -0.01249950 -0.00135500
v 0.11456640 -0.01499950 -0.00120200
v 0.11456640 -0.01499950 -0.00120200
v 0.11456640 -0.01499950 -0.00120200
v 0.11456640 -0.01249950 -0.00120200
v 0.11456640 -0.01249950 -0.00120200
v 0.11456640 -0.01249950 -0.00120200
v 0.11494440 -0.01499950 -0.00109200
v 0.11494440 -0.01499950 -0.00109200
v 0.11494440 -0.01499950 -0.00109200
v 0.11494440 -0.01249950 -0.00109200
v 0.11494440 -0.01249950 -0.00109200
v 0.11494440 -0.01249950 -0.00109200
v 0.11535040 -0.01499950 -0.00100600
v 0.11535040 -0.01499950 -0.00100600
v 0.11535040 -0.01499950 -0.00100600
v 0.11535040 -0.01249950 -0.00100600
v 0.11535040 -0.01249950 -0.00100600
v 0.11535040 -0.01249950 -0.00100600
v 0.11580680 -0.01499950 -0.00096200
v 0.11580680 -0.01499950 -0.00096200
v 0.11580680 -0.01499950 -0.00096200
v 0.11580680 -0.01499950 -0.00096200
v 0.11580680 -0.01249950 -0.00096200
v 0.11580680 -0.01249950 -0.00096200
v 0.11580680 -0.01249950 -0.00096200
v 0.11629120 -0.01499950 -0.00094100
v 0.11629120 -0.01499950 -0.00094100
v 0.11629120 -0.01499950 -0.00094100
v 0.11629120 -0.01249950 -0.00094100
v 0.11629120 -0.01249950 -0.00094100
v 0.11629120 -0.01249950 -0.00094100
v 0.11685120 -0.01499950 -0.00097100
v 0.11685120 -0.01499950 -0.00097100
v 0.11685120 -0.01499950 -0.00097100
v 0.11685120 -0.01499950 -0.00097100
v 0.11685120 -0.01249950 -0.00097100
v 0.11685120 -0.01249950 -0.00097100
v 0.11685120 -0.01249950 -0.00097100
v 0.11738600 -0.01499950 -0.00102500
v 0.11738600 -0.01499950 -0.00102500
v 0.11738600 -0.01499950 -0.00102500
v 0.11738600 -0.01249950 -0.00102500
v 0.11738600 -0.01249950 -0.00102500
v 0.11738600 -0.01249950 -0.00102500
v 0.11788440 -0.01499950 -0.00111600
v 0.11788440 -0.01499950 -0.00111600
v 0.11788440 -0.01499950 -0.00111600
v 0.11788440 -0.01249950 -0.00111600
v 0.11788440 -0.01249950 -0.00111600
v 0.11788440 -0.01249950 -0.00111600
v 0.11835760 -0.01499950 -0.00122800
v 0.11835760 -0.01499950 -0.00122800
v 0.11835760 -0.01499950 -0.00122800
v 0.11835760 -0.01249950 -0.00122800
v 0.11835760 -0.01249950 -0.00122800
v 0.11835760 -0.01249950 -0.00122800
v 0.11916120 -0.01499950 -0.00148200
v 0.11916120 -0.01499950 -0.00148200
v 0.11916120 -0.01499950 -0.00148200
v 0.11916120 -0.01249950 -0.00148200
v 0.11916120 -0.01249950 -0.00148200
v 0.11916120 -0.01249950 -0.00148200
v 0.11992560 -0.01499950 -0.00174900
v 0.11992560 -0.01499950 -0.00174900
v 0.11992560 -0.01499950 -0.00174900
v 0.11992560 -0.01249950 -0.00174900
v 0.11992560 -0.01249950 -0.00174900
v 0.11992560 -0.01249950 -0.00174900
v 0.12063960 -0.01499950 -0.00203400
v 0.12063960 -0.01499950 -0.00203400
v 0.12063960 -0.01499950 -0.00203400
v 0.12063960 -0.01249950 -0.00203400
v 0.12063960 -0.01249950 -0.00203400
v 0.12063960 -0.01249950 -0.00203400
v 0.12132280 -0.01499950 -0.00232900
v 0.12132280 -0.01499950 -0.00232900
v 0.12132280 -0.01499950 -0.00232900
v 0.12132280 -0.01249950 -0.00232900
v 0.12132280 -0.01249950 -0.00232900
v 0.12132280 -0.01249950 -0.00232900
v 0.12182120 -0.01499950 -0.00254100
v 0.12182120 -0.01499950 -0.00254100
v 0.12182120 -0.01499950 -0.00254100
v 0.12182120 -0.01249950 -0.00254100
v 0.12182120 -0.01249950 -0.00254100
v 0.12182120 -0.01249950 -0.00254100
v 0.12233640 -0.01499950 -0.00274800
v 0.12233640 -0.01499950 -0.00274800
v 0.12233640 -0.01499950 -0.00274800
v 0.12233640 -0.01249950 -0.00274800
v 0.12233640 -0.01249950 -0.00274800
v 0.12233640 -0.01249950 -0.00274800
v 0.12287960 -0.01499950 -0.00294400
v 0.12287960 -0.01499950 -0.00294400
v 0.12287960 -0.01499950 -0.00294400
v 0.12287960 -0.01249950 -0.00294400
v 0.12287960 -0.01249950 -0.00294400
v 0.12287960 -0.01249950 -0.00294400
v 0.12344520 -0.01499950 -0.00313300
v 0.12344520 -0.01499950 -0.00313300
v 0.12344520 -0.01499950 -0.00313300
v 0.12344520 -0.01249950 -0.00313300
v 0.12344520 -0.01249950 -0.00313300
v 0.12344520 -0.01249950 -0.00313300
v 0.12387640 -0.01499950 -0.00325300
v 0.12387640 -0.01499950 -0.00325300
v 0.12387640 -0.01499950 -0.00325300
v 0.12387640 -0.01249950 -0.00325300
v 0.12387640 -0.01249950 -0.00325300
v 0.12387640 -0.01249950 -0.00325300
v 0.12432720 -0.01499950 -0.00336400
v 0.12432720 -0.01499950 -0.00336400
v 0.12432720 -0.01499950 -0.00336400
v 0.12432720 -0.01249950 -0.00336400
v 0.12432720 -0.01249950 -0.00336400
v 0.12432720 -0.01249950 -0.00336400
v 0.12480600 -0.01499950 -0.00345600
v 0.12480600 -0.01499950 -0.00345600
v 0.12480600 -0.01499950 -0.00345600
v 0.12480600 -0.01249950 -0.00345600
v 0.12480600 -0.01249950 -0.00345600
v 0.12480600 -0.01249950 -0.00345600
v 0.12530720 -0.01499950 -0.00353700
v 0.12530720 -0.01499950 -0.00353700
v 0.12530720 -0.01499950 -0.00353700
v 0.12530720 -0.01499950 -0.00353700
v 0.12530720 -0.01249950 -0.00353700
v 0.12530720 -0.01249950 -0.00353700
v 0.12530720 -0.01249950 -0.00353700
v 0.12559840 -0.01499950 -0.00356900
v 0.12559840 -0.01499950 -0.00356900
v 0.12559840 -0.01499950 -0.00356900
v 0.12559840 -0.01499950 -0.00356900
v 0.12559840 -0.01249950 -0.00356900
v 0.12559840 -0.01249950 -0.00356900
v 0.12559840 -0.01249950 -0.00356900
v 0.12589240 -0.01499950 -0.00359400
v 0.12589240 -0.01499950 -0.00359400
v 0.12589240 -0.01499950 -0.00359400
v 0.12589240 -0.01249950 -0.00359400
v 0.12589240 -0.01249950 -0.00359400
v 0.12589240 -0.01249950 -0.00359400
v 0.12619480 -0.01499950 -0.00360500
v 0.12619480 -0.01499950 -0.00360500
v 0.12619480 -0.01499950 -0.00360500
v 0.12619480 -0.01249950 -0.00360500
v 0.12619480 -0.01249950 -0.00360500
v 0.12619480 -0.01249950 -0.00360500
v 0.12650000 -0.01499950 -0.00360800
v 0.12650000 -0.01499950 -0.00360800
v 0.12650000 -0.01499950 -0.00360800
v 0.12650000 -0.01249950 -0.00360800
v 0.12650000 -0.01249950 -0.00360800
v 0.12650000 -0.01249950 -0.00360800
v 0.12650000 -0.01499950 -0.00030400
v 0.12650000 -0.01499950 -0.00030400
v 0.12650000 -0.01499950 -0.00030400
v 0.12650000 -0.01249950 -0.00030400
v 0.12650000 -0.01249950 -0.00030400
v 0.12650000 -0.01249950 -0.00030400
v 0.12484800 -0.01499950 -0.00030400
v 0.12484800 -0.01499950 -0.00030400
v 0.12484800 -0.01499950 -0.00030400
v 0.12484800 -0.01249950 -0.00030400
v 0.12484800 -0.01249950 -0.00030400
v 0.12484800 -0.01249950 -0.00030400
v 0.15625000 -0.01499950 0.01500000
v 0.15625000 -0.01499950 0.01500000
v 0.15625000 -0.01499950 0.01500000
v 0.15625000 -0.01499950 -0.01500000
v 0.15625000 -0.01499950 -0.01500000
v 0.15625000 -0.01499950 -0.01500000
v 0.10550000 -0.01499950 -0.01312500
v -0.01875000 -0.01500050 0.01500000
v -0.01875000 -0.01500050 0.01500000
v -0.01875000 -0.01500050 0.01500000
v 0.03200000 -0.01500050 0.01312500
v 0.10550000 -0.01499950 0.01312500
v -0.01875000 -0.01500050 -0.01500000
v -0.01875000 -0.01500050 -0.01500000
v -0.01875000 -0.01500050 -0.01500000
v 0.03200000 -0.01500050 -0.01312500
v 0.12564880 0.00084550 0.01500000
v 0.12564880 0.00084550 0.01500000
v 0.12564880 0.00084550 0.01500000
v 0.12612760 0.00109250 0.01500000
v 0.12612760 0.00109250 0.01500000
v 0.12612760 0.00109250 0.01500000
v 0.12564880 0.00084550 0.01250000
v 0.12564880 0.00084550 0.01250000
v 0.12564880 0.00084550 0.01250000
v 0.12612760 0.00109250 0.01250000
v 0.12612760 0.00109250 0.01250000
v 0.12612760 0.00109250 0.01250000
v 0.12649160 0.00135450 0.01500000
v 0.12649160 0.00135450 0.01500000
v 0.12649160 0.00135450 0.01500000
v 0.12649160 0.00135450 0.01250000
v 0.12649160 0.00135450 0.01250000
v 0.12649160 0.00135450 0.01250000
v 0.12667360 0.00163950 0.01500000
v 0.12667360 0.00163950 0.01500000
v 0.12667360 0.00163950 0.01500000
v 0.12667360 0.00163950 0.01250000
v 0.12667360 0.00163950 0.01250000
v 0.12667360 0.00163950 0.01250000
v 0.12674920 0.00193850 0.01500000
v 0.12674920 0.00193850 0.01500000
v 0.12674920 0.00193850 0.01500000
v 0.12674920 0.00193850 0.01250000
v 0.12674920 0.00193850 0.01250000
v 0.12674920 0.00193850 0.01250000
v 0.12665960 0.00227250 0.01500000
v 0.12665960 0.00227250 0.01500000
v 0.12665960 0.00227250 0.01500000
v 0.12665960 0.00227250 0.01250000
v 0.12665960 0.00227250 0.01250000
v 0.12665960 0.00227250 0.01250000
v 0.12644680 0.00258850 0.01500000
v 0.12644680 0.00258850 0.01500000
v 0.12644680 0.00258850 0.01500000
v 0.12644680 0.00258850 0.01250000
v 0.12644680 0.00258850 0.01250000
v 0.12644680 0.00258850 0.01250000
v 0.12602680 0.00287650 0.01500000
v 0.12602680 0.00287650 0.01500000
v 0.12602680 0.00287650 0.01500000
v 0.12602680 0.00287650 0.01250000
v 0.12602680 0.00287650 0.01250000
v 0.12602680 0.00287650 0.01250000
v 0.12547240 0.00314650 0.01500000
v 0.12547240 0.00314650 0.01500000
v 0.12547240 0.00314650 0.01500000
v 0.12547240 0.00314650 0.01250000
v 0.12547240 0.00314650 0.01250000
v 0.12547240 0.00314650 0.01250000
v 0.12479480 0.00334750 0.01500000
v 0.12479480 0.00334750 0.01500000
v 0.12479480 0.00334750 0.01500000
v 0.12479480 0.00334750 0.01250000
v 0.12479480 0.00334750 0.01250000
v 0.12479480 0.00334750 0.01250000
v 0.12406120 0.00350350 0.01500000
v 0.12406120 0.00350350 0.01500000
v 0.12406120 0.00350350 0.01500000
v 0.12406120 0.00350350 0.01250000
v 0.12406120 0.00350350 0.01250000
v 0.12406120 0.00350350 0.01250000
v 0.12324080 0.00358650 0.01500000
v 0.12324080 0.00358650 0.01500000
v 0.12324080 0.00358650 0.01500000
v 0.12324080 0.00358650 0.01250000
v 0.12324080 0.00358650 0.01250000
v 0.12324080 0.00358650 0.01250000
v 0.12236440 0.00362350 0.01500000
v 0.12236440 0.00362350 0.01500000
v 0.12236440 0.00362350 0.01500000
v 0.12236440 0.00362350 0.01250000
v 0.12236440 0.00362350 0.01250000
v 0.12236440 0.00362350 0.01250000
v 0.12175960 0.00360850 0.01500000
v 0.12175960 0.00360850 0.01500000
v 0.12175960 0.00360850 0.01500000
v 0.12175960 0.00360850 0.01250000
v 0.12175960 0.00360850 0.01250000
v 0.12175960 0.00360850 0.01250000
v 0.12117720 0.00356850 0.01500000
v 0.12117720 0.00356850 0.01500000
v 0.12117720 0.00356850 0.01500000
v 0.12117720 0.00356850 0.01250000
v 0.12117720 0.00356850 0.01250000
v 0.12117720 0.00356850 0.01250000
v 0.12063120 0.00348650 0.01500000
v 0.12063120 0.00348650 0.01500000
v 0.12063120 0.00348650 0.01500000
v 0.12063120 0.00348650 0.01250000
v 0.12063120 0.00348650 0.01250000
v 0.12063120 0.00348650 0.01250000
v 0.12010760 0.00337850 0.01500000
v 0.12010760 0.00337850 0.01500000
v 0.12010760 0.00337850 0.01500000
v 0.12010760 0.00337850 0.01250000
v 0.12010760 0.00337850 0.01250000
v 0.12010760 0.00337850 0.01250000
v 0.11969040 0.00323250 0.01500000
v 0.11969040 0.00323250 0.01500000
v 0.11969040 0.00323250 0.01500000
v 0.11969040 0.00323250 0.01250000
v 0.11969040 0.00323250 0.01250000
v 0.11969040 0.00323250 0.01250000
v 0.11969040 0.00323250 0.01250000
v 0.11934040 0.00307250 0.01500000
v 0.11934040 0.00307250 0.01500000
v 0.11934040 0.00307250 0.01500000
v 0.11934040 0.00307250 0.01500000
v 0.11934040 0.00307250 0.01250000
v 0.11934040 0.00307250 0.01250000
v 0.11934040 0.00307250 0.01250000
v 0.11909680 0.00288750 0.01500000
v 0.11909680 0.00288750 0.01500000
v 0.11909680 0.00288750 0.01500000
v 0.11909680 0.00288750 0.01250000
v 0.11909680 0.00288750 0.01250000
v 0.11909680 0.00288750 0.01250000
v 0.11891760 0.00268950 0.01500000
v 0.11891760 0.00268950 0.01500000
v 0.11891760 0.00268950 0.01500000
v 0.11891760 0.00268950 0.01250000
v 0.11891760 0.00268950 0.01250000
v 0.11891760 0.00268950 0.01250000
v 0.11869080 0.00283850 0.01500000
v 0.11869080 0.00283850 0.01500000
v 0.11869080 0.00283850 0.01500000
v 0.11869080 0.00283850 0.01250000
v 0.11869080 0.00283850 0.01250000
v 0.11869080 0.00283850 0.01250000
v 0.11869080 0.00283850 0.01250000
v 0.11842760 0.00297750 0.01500000
v 0.11842760 0.00297750 0.01500000
v 0.11842760 0.00297750 0.01500000
v 0.11842760 0.00297750 0.01500000
v 0.11842760 0.00297750 0.01250000
v 0.11842760 0.00297750 0.01250000
v 0.11842760 0.00297750 0.01250000
v 0.11842760 0.00297750 0.01250000
v 0.11810000 0.00309650 0.01500000
v 0.11810000 0.00309650 0.01500000
v 0.11810000 0.00309650 0.01500000
v 0.11810000 0.00309650 0.01500000
v 0.11810000 0.00309650 0.01250000
v 0.11810000 0.00309650 0.01250000
v 0.11810000 0.00309650 0.01250000
v 0.11773320 0.00320450 0.01500000
v 0.11773320 0.00320450 0.01500000
v 0.11773320 0.00320450 0.01500000
v 0.11773320 0.00320450 0.01250000
v 0.11773320 0.00320450 0.01250000
v 0.11773320 0.00320450 0.01250000
v 0.11734400 0.00327850 0.01500000
v 0.11734400 0.00327850 0.01500000
v 0.11734400 0.00327850 0.01500000
v 0.11734400 0.00327850 0.01250000
v 0.11734400 0.00327850 0.01250000
v 0.11734400 0.00327850 0.01250000
v 0.11694360 0.00333550 0.01500000
v 0.11694360 0.00333550 0.01500000
v 0.11694360 0.00333550 0.01500000
v 0.11694360 0.00333550 0.01250000
v 0.11694360 0.00333550 0.01250000
v 0.11694360 0.00333550 0.01250000
v 0.11651800 0.00336450 0.01500000
v 0.11651800 0.00336450 0.01500000
v 0.11651800 0.00336450 0.01500000
v 0.11651800 0.00336450 0.01250000
v 0.11651800 0.00336450 0.01250000
v 0.11651800 0.00336450 0.01250000
v 0.11608120 0.00337850 0.01500000
v 0.11608120 0.00337850 0.01500000
v 0.11608120 0.00337850 0.01500000
v 0.11608120 0.00337850 0.01250000
v 0.11608120 0.00337850 0.01250000
v 0.11608120 0.00337850 0.01250000
v 0.11560520 0.00336350 0.01500000
v 0.11560520 0.00336350 0.01500000
v 0.11560520 0.00336350 0.01500000
v 0.11560520 0.00336350 0.01250000
v 0.11560520 0.00336350 0.01250000
v 0.11560520 0.00336350 0.01250000
v 0.11514320 0.00333150 0.01500000
v 0.11514320 0.00333150 0.01500000
v 0.11514320 0.00333150 0.01500000
v 0.11514320 0.00333150 0.01250000
v 0.11514320 0.00333150 0.01250000
v 0.11514320 0.00333150 0.01250000
v 0.11470360 0.00327250 0.01500000
v 0.11470360 0.00327250 0.01500000
v 0.11470360 0.00327250 0.01500000
v 0.11470360 0.00327250 0.01250000
v 0.11470360 0.00327250 0.01250000
v 0.11470360 0.00327250 0.01250000
v 0.11427520 0.00319550 0.01500000
v 0.11427520 0.00319550 0.01500000
v 0.11427520 0.00319550 0.01500000
v 0.11427520 0.00319550 0.01250000
v 0.11427520 0.00319550 0.01250000
v 0.11427520 0.00319550 0.01250000
v 0.11386920 0.00308750 0.01500000
v 0.11386920 0.00308750 0.01500000
v 0.11386920 0.00308750 0.01500000
v 0.11386920 0.00308750 0.01250000
v 0.11386920 0.00308750 0.01250000
v 0.11386920 0.00308750 0.01250000
v 0.11349960 0.00296650 0.01500000
v 0.11349960 0.00296650 0.01500000
v 0.11349960 0.00296650 0.01500000
v 0.11349960 0.00296650 0.01250000
v 0.11349960 0.00296650 0.01250000
v 0.11349960 0.00296650 0.01250000
v 0.11349960 0.00296650 0.01250000
v 0.11319720 0.00282450 0.01500000
v 0.11319720 0.00282450 0.01500000
v 0.11319720 0.00282450 0.01500000
v 0.11319720 0.00282450 0.01500000
v 0.11319720 0.00282450 0.01250000
v 0.11319720 0.00282450 0.01250000
v 0.11319720 0.00282450 0.01250000
v 0.11319720 0.00282450 0.01250000
v 0.11293400 0.00266850 0.01500000
v 0.11293400 0.00266850 0.01500000
v 0.11293400 0.00266850 0.01500000
v 0.11293400 0.00266850 0.01500000
v 0.11293400 0.00266850 0.01250000
v 0.11293400 0.00266850 0.01250000
v 0.11293400 0.00266850 0.01250000
v 0.11272400 0.00248750 0.01500000
v 0.11272400 0.00248750 0.01500000
v 0.11272400 0.00248750 0.01500000
v 0.11272400 0.00248750 0.01250000
v 0.11272400 0.00248750 0.01250000
v 0.11272400 0.00248750 0.01250000
v 0.11256160 0.00230250 0.01500000
v 0.11256160 0.00230250 0.01500000
v 0.11256160 0.00230250 0.01500000
v 0.11256160 0.00230250 0.01250000
v 0.11256160 0.00230250 0.01250000
v 0.11256160 0.00230250 0.01250000
v 0.11247760 0.00211050 0.01500000
v 0.11247760 0.00211050 0.01500000
v 0.11247760 0.00211050 0.01500000
v 0.11247760 0.00211050 0.01250000
v 0.11247760 0.00211050 0.01250000
v 0.11247760 0.00211050 0.01250000
v 0.11244400 0.00191550 0.01500000
v 0.11244400 0.00191550 0.01500000
v 0.11244400 0.00191550 0.01500000
v 0.11244400 0.00191550 0.01500000
v 0.11244400 0.00191550 0.01250000
v 0.11244400 0.00191550 0.01250000
v 0.11244400 0.00191550 0.01250000
v 0.11250840 0.00164550 0.01500000
v 0.11250840 0.00164550 0.01500000
v 0.11250840 0.00164550 0.01500000
v 0.11250840 0.00164550 0.01500000
v 0.11250840 0.00164550 0.01250000
v 0.11250840 0.00164550 0.01250000
v 0.11250840 0.00164550 0.01250000
v 0.11250840 0.00164550 0.01250000
v 0.11266520 0.00138750 0.01500000
v 0.11266520 0.00138750 0.01500000
v 0.11266520 0.00138750 0.01500000
v 0.11266520 0.00138750 0.01500000
v 0.11266520 0.00138750 0.01250000
v 0.11266520 0.00138750 0.01250000
v 0.11266520 0.00138750 0.01250000
v 0.11297880 0.00114850 0.01500000
v 0.11297880 0.00114850 0.01500000
v 0.11297880 0.00114850 0.01500000
v 0.11297880 0.00114850 0.01250000
v 0.11297880 0.00114850 0.01250000
v 0.11297880 0.00114850 0.01250000
v 0.11339320 0.00092250 0.01500000
v 0.11339320 0.00092250 0.01500000
v 0.11339320 0.00092250 0.01500000
v 0.11339320 0.00092250 0.01250000
v 0.11339320 0.00092250 0.01250000
v 0.11339320 0.00092250 0.01250000
v 0.11397280 0.00073550 0.01500000
v 0.11397280 0.00073550 0.01500000
v 0.11397280 0.00073550 0.01500000
v 0.11397280 0.00073550 0.01250000
v 0.11397280 0.00073550 0.01250000
v 0.11397280 0.00073550 0.01250000
v 0.11460280 0.00058250 0.01500000
v 0.11460280 0.00058250 0.01500000
v 0.11460280 0.00058250 0.01500000
v 0.11460280 0.00058250 0.01250000
v 0.11460280 0.00058250 0.01250000
v 0.11460280 0.00058250 0.01250000
v 0.11531400 0.00048150 0.01500000
v 0.11531400 0.00048150 0.01500000
v 0.11531400 0.00048150 0.01500000
v 0.11531400 0.00048150 0.01250000
v 0.11531400 0.00048150 0.01250000
v 0.11531400 0.00048150 0.01250000
v 0.11607280 0.00041050 0.01500000
v 0.11607280 0.00041050 0.01500000
v 0.11607280 0.00041050 0.01500000
v 0.11607280 0.00041050 0.01250000
v 0.11607280 0.00041050 0.01250000
v 0.11607280 0.00041050 0.01250000
v 0.11637800 0.00102450 0.01500000
v 0.11637800 0.00102450 0.01500000
v 0.11637800 0.00102450 0.01500000
v 0.11637800 0.00102450 0.01250000
v 0.11637800 0.00102450 0.01250000
v 0.11637800 0.00102450 0.01250000
v 0.11585440 0.00106350 0.01500000
v 0.11585440 0.00106350 0.01500000
v 0.11585440 0.00106350 0.01500000
v 0.11585440 0.00106350 0.01250000
v 0.11585440 0.00106350 0.01250000
v 0.11585440 0.00106350 0.01250000
v 0.11535600 0.00112150 0.01500000
v 0.11535600 0.00112150 0.01500000
v 0.11535600 0.00112150 0.01500000
v 0.11535600 0.00112150 0.01250000
v 0.11535600 0.00112150 0.01250000
v 0.11535600 0.00112150 0.01250000
v 0.11490520 0.00121550 0.01500000
v 0.11490520 0.00121550 0.01500000
v 0.11490520 0.00121550 0.01500000
v 0.11490520 0.00121550 0.01250000
v 0.11490520 0.00121550 0.01250000
v 0.11490520 0.00121550 0.01250000
v 0.11448520 0.00133150 0.01500000
v 0.11448520 0.00133150 0.01500000
v 0.11448520 0.00133150 0.01500000
v 0.11448520 0.00133150 0.01250000
v 0.11448520 0.00133150 0.01250000
v 0.11448520 0.00133150 0.01250000
v 0.11421360 0.00146550 0.01500000
v 0.11421360 0.00146550 0.01500000
v 0.11421360 0.00146550 0.01500000
v 0.11421360 0.00146550 0.01250000
v 0.11421360 0.00146550 0.01250000
v 0.11421360 0.00146550 0.01250000
v 0.11400640 0.00160750 0.01500000
v 0.11400640 0.00160750 0.01500000
v 0.11400640 0.00160750 0.01500000
v 0.11400640 0.00160750 0.01250000
v 0.11400640 0.00160750 0.01250000
v 0.11400640 0.00160750 0.01250000
v 0.11390000 0.00176450 0.01500000
v 0.11390000 0.00176450 0.01500000
v 0.11390000 0.00176450 0.01500000
v 0.11390000 0.00176450 0.01250000
v 0.11390000 0.00176450 0.01250000
v 0.11390000 0.00176450 0.01250000
v 0.11385520 0.00192850 0.01500000
v 0.11385520 0.00192850 0.01500000
v 0.11385520 0.00192850 0.01500000
v 0.11385520 0.00192850 0.01250000
v 0.11385520 0.00192850 0.01250000
v 0.11385520 0.00192850 0.01250000
v 0.11389720 0.00209150 0.01500000
v 0.11389720 0.00209150 0.01500000
v 0.11389720 0.00209150 0.01500000
v 0.11389720 0.00209150 0.01250000
v 0.11389720 0.00209150 0.01250000
v 0.11389720 0.00209150 0.01250000
v 0.11389720 0.00209150 0.01250000
v 0.11400080 0.00224650 0.01500000
v 0.11400080 0.00224650 0.01500000
v 0.11400080 0.00224650 0.01500000
v 0.11400080 0.00224650 0.01500000
v 0.11400080 0.00224650 0.01250000
v 0.11400080 0.00224650 0.01250000
v 0.11400080 0.00224650 0.01250000
v 0.11420520 0.00238750 0.01500000
v 0.11420520 0.00238750 0.01500000
v 0.11420520 0.00238750 0.01500000
v 0.11420520 0.00238750 0.01250000
v 0.11420520 0.00238750 0.01250000
v 0.11420520 0.00238750 0.01250000
v 0.11447680 0.00251850 0.01500000
v 0.11447680 0.00251850 0.01500000
v 0.11447680 0.00251850 0.01500000
v 0.11447680 0.00251850 0.01250000
v 0.11447680 0.00251850 0.01250000
v 0.11447680 0.00251850 0.01250000
v 0.11482120 0.00261650 0.01500000
v 0.11482120 0.00261650 0.01500000
v 0.11482120 0.00261650 0.01500000
v 0.11482120 0.00261650 0.01250000
v 0.11482120 0.00261650 0.01250000
v 0.11482120 0.00261650 0.01250000
v 0.11482120 0.00261650 0.01250000
v 0.11519080 0.00269250 0.01500000
v 0.11519080 0.00269250 0.01500000
v 0.11519080 0.00269250 0.01500000
v 0.11519080 0.00269250 0.01500000
v 0.11519080 0.00269250 0.01250000
v 0.11519080 0.00269250 0.01250000
v 0.11519080 0.00269250 0.01250000
v 0.11560520 0.00273050 0.01500000
v 0.11560520 0.00273050 0.01500000
v 0.11560520 0.00273050 0.01500000
v 0.11560520 0.00273050 0.01250000
v 0.11560520 0.00273050 0.01250000
v 0.11560520 0.00273050 0.01250000
v 0.11604200 0.00274750 0.01500000
v 0.11604200 0.00274750 0.01500000
v 0.11604200 0.00274750 0.01500000
v 0.11604200 0.00274750 0.01250000
v 0.11604200 0.00274750 0.01250000
v 0.11604200 0.00274750 0.01250000
v 0.11656560 0.00272650 0.01500000
v 0.11656560 0.00272650 0.01500000
v 0.11656560 0.00272650 0.01500000
v 0.11656560 0.00272650 0.01250000
v 0.11656560 0.00272650 0.01250000
v 0.11656560 0.00272650 0.01250000
v 0.11681480 0.00270650 0.01500000
v 0.11681480 0.00270650 0.01500000
v 0.11681480 0.00270650 0.01500000
v 0.11681480 0.00270650 0.01250000
v 0.11681480 0.00270650 0.01250000
v 0.11681480 0.00270650 0.01250000
v 0.11704720 0.00267450 0.01500000
v 0.11704720 0.00267450 0.01500000
v 0.11704720 0.00267450 0.01500000
v 0.11704720 0.00267450 0.01250000
v 0.11704720 0.00267450 0.01250000
v 0.11704720 0.00267450 0.01250000
v 0.11725720 0.00262950 0.01500000
v 0.11725720 0.00262950 0.01500000
v 0.11725720 0.00262950 0.01500000
v 0.11725720 0.00262950 0.01250000
v 0.11725720 0.00262950 0.01250000
v 0.11725720 0.00262950 0.01250000
v 0.11745320 0.00257050 0.01500000
v 0.11745320 0.00257050 0.01500000
v 0.11745320 0.00257050 0.01500000
v 0.11745320 0.00257050 0.01250000
v 0.11745320 0.00257050 0.01250000
v 0.11745320 0.00257050 0.01250000
v 0.11780880 0.00243350 0.01500000
v 0.11780880 0.00243350 0.01500000
v 0.11780880 0.00243350 0.01500000
v 0.11780880 0.00243350 0.01250000
v 0.11780880 0.00243350 0.01250000
v 0.11780880 0.00243350 0.01250000
v 0.11805520 0.00226750 0.01500000
v 0.11805520 0.00226750 0.01500000
v 0.11805520 0.00226750 0.01500000
v 0.11805520 0.00226750 0.01250000
v 0.11805520 0.00226750 0.01250000
v 0.11805520 0.00226750 0.01250000
v 0.11824280 0.00209550 0.01500000
v 0.11824280 0.00209550 0.01500000
v 0.11824280 0.00209550 0.01500000
v 0.11824280 0.00209550 0.01250000
v 0.11824280 0.00209550 0.01250000
v 0.11824280 0.00209550 0.01250000
v 0.11834080 0.00191450 0.01500000
v 0.11834080 0.00191450 0.01500000
v 0.11834080 0.00191450 0.01500000
v 0.11834080 0.00191450 0.01250000
v 0.11834080 0.00191450 0.01250000
v 0.11834080 0.00191450 0.01250000
v 0.11834080 0.00191450 0.01250000
v 0.11838280 0.00172750 0.01500000
v 0.11838280 0.00172750 0.01500000
v 0.11838280 0.00172750 0.01500000
v 0.11838280 0.00172750 0.01500000
v 0.11838280 0.00172750 0.01250000
v 0.11838280 0.00172750 0.01250000
v 0.11838280 0.00172750 0.01250000
v 0.11838280 0.00172750 0.01250000
v 0.11838000 0.00170250 0.01500000
v 0.11838000 0.00170250 0.01500000
v 0.11838000 0.00170250 0.01500000
v 0.11838000 0.00170250 0.01500000
v 0.11838000 0.00170250 0.01250000
v 0.11838000 0.00170250 0.01250000
v 0.11838000 0.00170250 0.01250000
v 0.11837720 0.00167750 0.01500000
v 0.11837720 0.00167750 0.01500000
v 0.11837720 0.00167750 0.01500000
v 0.11837720 0.00167750 0.01250000
v 0.11837720 0.00167750 0.01250000
v 0.11837720 0.00167750 0.01250000
v 0.11837160 0.00165350 0.01500000
v 0.11837160 0.00165350 0.01500000
v 0.11837160 0.00165350 0.01500000
v 0.11837160 0.00165350 0.01250000
v 0.11837160 0.00165350 0.01250000
v 0.11837160 0.00165350 0.01250000
v 0.11837160 0.00165350 0.01250000
v 0.11836320 0.00162850 0.01500000
v 0.11836320 0.00162850 0.01500000
v 0.11836320 0.00162850 0.01500000
v 0.11836320 0.00162850 0.01500000
v 0.11836320 0.00162850 0.01250000
v 0.11836320 0.00162850 0.01250000
v 0.11836320 0.00162850 0.01250000
v 0.11987240 0.00156050 0.01500000
v 0.11987240 0.00156050 0.01500000
v 0.11987240 0.00156050 0.01500000
v 0.11987240 0.00156050 0.01250000
v 0.11987240 0.00156050 0.01250000
v 0.11987240 0.00156050 0.01250000
v 0.11979960 0.00166750 0.01500000
v 0.11979960 0.00166750 0.01500000
v 0.11979960 0.00166750 0.01500000
v 0.11979960 0.00166750 0.01250000
v 0.11979960 0.00166750 0.01250000
v 0.11979960 0.00166750 0.01250000
v 0.11979960 0.00166750 0.01250000
v 0.11973800 0.00177450 0.01500000
v 0.11973800 0.00177450 0.01500000
v 0.11973800 0.00177450 0.01500000
v 0.11973800 0.00177450 0.01500000
v 0.11973800 0.00177450 0.01250000
v 0.11973800 0.00177450 0.01250000
v 0.11973800 0.00177450 0.01250000
v 0.11973800 0.00177450 0.01250000
v 0.11970160 0.00188350 0.01500000
v 0.11970160 0.00188350 0.01500000
v 0.11970160 0.00188350 0.01500000
v 0.11970160 0.00188350 0.01500000
v 0.11970160 0.00188350 0.01250000
v 0.11970160 0.00188350 0.01250000
v 0.11970160 0.00188350 0.01250000
v 0.11968200 0.00199350 0.01500000
v 0.11968200 0.00199350 0.01500000
v 0.11968200 0.00199350 0.01500000
v 0.11968200 0.00199350 0.01250000
v 0.11968200 0.00199350 0.01250000
v 0.11968200 0.00199350 0.01250000
v 0.11973520 0.00218850 0.01500000
v 0.11973520 0.00218850 0.01500000
v 0.11973520 0.00218850 0.01500000
v 0.11973520 0.00218850 0.01250000
v 0.11973520 0.00218850 0.01250000
v 0.11973520 0.00218850 0.01250000
v 0.11986400 0.00237350 0.01500000
v 0.11986400 0.00237350 0.01500000
v 0.11986400 0.00237350 0.01500000
v 0.11986400 0.00237350 0.01250000
v 0.11986400 0.00237350 0.01250000
v 0.11986400 0.00237350 0.01250000
v 0.12011880 0.00254050 0.01500000
v 0.12011880 0.00254050 0.01500000
v 0.12011880 0.00254050 0.01500000
v 0.12011880 0.00254050 0.01250000
v 0.12011880 0.00254050 0.01250000
v 0.12011880 0.00254050 0.01250000
v 0.12044920 0.00269650 0.01500000
v 0.12044920 0.00269650 0.01500000
v 0.12044920 0.00269650 0.01500000
v 0.12044920 0.00269650 0.01250000
v 0.12044920 0.00269650 0.01250000
v 0.12044920 0.00269650 0.01250000
v 0.12088320 0.00281550 0.01500000
v 0.12088320 0.00281550 0.01500000
v 0.12088320 0.00281550 0.01500000
v 0.12088320 0.00281550 0.01250000
v 0.12088320 0.00281550 0.01250000
v 0.12088320 0.00281550 0.01250000
v 0.12134520 0.00290650 0.01500000
v 0.12134520 0.00290650 0.01500000
v 0.12134520 0.00290650 0.01500000
v 0.12134520 0.00290650 0.01250000
v 0.12134520 0.00290650 0.01250000
v 0.12134520 0.00290650 0.01250000
v 0.12186040 0.00295250 0.01500000
v 0.12186040 0.00295250 0.01500000
v 0.12186040 0.00295250 0.01500000
v 0.12186040 0.00295250 0.01250000
v 0.12186040 0.00295250 0.01250000
v 0.12186040 0.00295250 0.01250000
v 0.12240360 0.00297250 0.01500000
v 0.12240360 0.00297250 0.01500000
v 0.12240360 0.00297250 0.01500000
v 0.12240360 0.00297250 0.01250000
v 0.12240360 0.00297250 0.01250000
v 0.12240360 0.00297250 0.01250000
v 0.12298320 0.00295050 0.01500000
v 0.12298320 0.00295050 0.01500000
v 0.12298320 0.00295050 0.01500000
v 0.12298320 0.00295050 0.01250000
v 0.12298320 0.00295050 0.01250000
v 0.12298320 0.00295050 0.01250000
v 0.12353200 0.00289950 0.01500000
v 0.12353200 0.00289950 0.01500000
v 0.12353200 0.00289950 0.01500000
v 0.12353200 0.00289950 0.01250000
v 0.12353200 0.00289950 0.01250000
v 0.12353200 0.00289950 0.01250000
v 0.12402480 0.00280150 0.01500000
v 0.12402480 0.00280150 0.01500000
v 0.12402480 0.00280150 0.01500000
v 0.12402480 0.00280150 0.01250000
v 0.12402480 0.00280150 0.01250000
v 0.12402480 0.00280150 0.01250000
v 0.12448400 0.00267350 0.01500000
v 0.12448400 0.00267350 0.01500000
v 0.12448400 0.00267350 0.01500000
v 0.12448400 0.00267350 0.01250000
v 0.12448400 0.00267350 0.01250000
v 0.12448400 0.00267350 0.01250000
v 0.12484240 0.00251250 0.01500000
v 0.12484240 0.00251250 0.01500000
v 0.12484240 0.00251250 0.01500000
v 0.12484240 0.00251250 0.01250000
v 0.12484240 0.00251250 0.01250000
v 0.12484240 0.00251250 0.01250000
v 0.12511680 0.00233950 0.01500000
v 0.12511680 0.00233950 0.01500000
v 0.12511680 0.00233950 0.01500000
v 0.12511680 0.00233950 0.01250000
v 0.12511680 0.00233950 0.01250000
v 0.12511680 0.00233950 0.01250000
v 0.12526240 0.00214650 0.01500000
v 0.12526240 0.00214650 0.01500000
v 0.12526240 0.00214650 0.01500000
v 0.12526240 0.00214650 0.01250000
v 0.12526240 0.00214650 0.01250000
v 0.12526240 0.00214650 0.01250000
v 0.12532400 0.00194250 0.01500000
v 0.12532400 0.00194250 0.01500000
v 0.12532400 0.00194250 0.01500000
v 0.12532400 0.00194250 0.01250000
v 0.12532400 0.00194250 0.01250000
v 0.12532400 0.00194250 0.01250000
v 0.12527920 0.00177250 0.01500000
v 0.12527920 0.00177250 0.01500000
v 0.12527920 0.00177250 0.01500000
v 0.12527920 0.00177250 0.01250000
v 0.12527920 0.00177250 0.01250000
v 0.12527920 0.00177250 0.01250000
v 0.12517000 0.00161050 0.01500000
v 0.12517000 0.00161050 0.01500000
v 0.12517000 0.00161050 0.01500000
v 0.12517000 0.00161050 0.01250000
v 0.12517000 0.00161050 0.01250000
v 0.12517000 0.00161050 0.01250000
v 0.12495720 0.00146250 0.01500000
v 0.12495720 0.00146250 0.01500000
v 0.12495720 0.00146250 0.01500000
v 0.12495720 0.00146250 0.01250000
v 0.12495720 0.00146250 0.01250000
v 0.12495720 0.00146250 0.01250000
v 0.12468000 0.00132350 0.01500000
v 0.12468000 0.00132350 0.01500000
v 0.12468000 0.00132350 0.01500000
v 0.12468000 0.00132350 0.01250000
v 0.12468000 0.00132350 0.01250000
v 0.12468000 0.00132350 0.01250000
v 0.12468000 0.00132350 0.01250000
v 0.12421240 0.00119150 0.01500000
v 0.12421240 0.00119150 0.01500000
v 0.12421240 0.00119150 0.01500000
v 0.12421240 0.00119150 0.01500000
v 0.12421240 0.00119150 0.01250000
v 0.12421240 0.00119150 0.01250000
v 0.12421240 0.00119150 0.01250000
v 0.12371120 0.00108450 0.01500000
v 0.12371120 0.00108450 0.01500000
v 0.12371120 0.00108450 0.01500000
v 0.12371120 0.00108450 0.01250000
v 0.12371120 0.00108450 0.01250000
v 0.12371120 0.00108450 0.01250000
v 0.12315680 0.00101450 0.01500000
v 0.12315680 0.00101450 0.01500000
v 0.12315680 0.00101450 0.01500000
v 0.12315680 0.00101450 0.01250000
v 0.12315680 0.00101450 0.01250000
v 0.12315680 0.00101450 0.01250000
v 0.12257440 0.00096350 0.01500000
v 0.12257440 0.00096350 0.01500000
v 0.12257440 0.00096350 0.01500000
v 0.12257440 0.00096350 0.01250000
v 0.12257440 0.00096350 0.01250000
v 0.12257440 0.00096350 0.01250000
v 0.12280400 0.00034950 0.01500000
v 0.12280400 0.00034950 0.01500000
v 0.12280400 0.00034950 0.01500000
v 0.12280400 0.00034950 0.01250000
v 0.12280400 0.00034950 0.01250000
v 0.12280400 0.00034950 0.01250000
v 0.12360760 0.00040650 0.01500000
v 0.12360760 0.00040650 0.01500000
v 0.12360760 0.00040650 0.01500000
v 0.12360760 0.00040650 0.01250000
v 0.12360760 0.00040650 0.01250000
v 0.12360760 0.00040650 0.01250000
v 0.12436360 0.00049950 0.01500000
v 0.12436360 0.00049950 0.01500000
v 0.12436360 0.00049950 0.01500000
v 0.12436360 0.00049950 0.01250000
v 0.12436360 0.00049950 0.01250000
v 0.12436360 0.00049950 0.01250000
v 0.12503280 0.00065350 0.01500000
v 0.12503280 0.00065350 0.01500000
v 0.12503280 0.00065350 0.01500000
v 0.12503280 0.00065350 0.01250000
v 0.12503280 0.00065350 0.01250000
v 0.12503280 0.00065350 0.01250000
v 0.12484800 -0.00276450 0.01500000
v 0.12484800 -0.00276450 0.01500000
v 0.12484800 -0.00276450 0.01500000
v 0.12484800 -0.00276450 0.01500000
v 0.12460160 -0.00270550 0.01500000
v 0.12460160 -0.00270550 0.01500000
v 0.12460160 -0.00270550 0.01500000
v 0.12460160 -0.00270550 0.01500000
v 0.12484800 -0.00276450 0.01250000
v 0.12484800 -0.00276450 0.01250000
v 0.12484800 -0.00276450 0.01250000
v 0.12460160 -0.00270550 0.01250000
v 0.12460160 -0.00270550 0.01250000
v 0.12460160 -0.00270550 0.01250000
v 0.12436360 -0.00264350 0.01500000
v 0.12436360 -0.00264350 0.01500000
v 0.12436360 -0.00264350 0.01500000
v 0.12436360 -0.00264350 0.01250000
v 0.12436360 -0.00264350 0.01250000
v 0.12436360 -0.00264350 0.01250000
v 0.12413680 -0.00257550 0.01500000
v 0.12413680 -0.00257550 0.01500000
v 0.12413680 -0.00257550 0.01500000
v 0.12413680 -0.00257550 0.01500000
v 0.12413680 -0.00257550 0.01250000
v 0.12413680 -0.00257550 0.01250000
v 0.12413680 -0.00257550 0.01250000
v 0.12413680 -0.00257550 0.01250000
v 0.12391560 -0.00250550 0.01500000
v 0.12391560 -0.00250550 0.01500000
v 0.12391560 -0.00250550 0.01500000
v 0.12391560 -0.00250550 0.01500000
v 0.12391560 -0.00250550 0.01250000
v 0.12391560 -0.00250550 0.01250000
v 0.12391560 -0.00250550 0.01250000
v 0.12345920 -0.00233250 0.01500000
v 0.12345920 -0.00233250 0.01500000
v 0.12345920 -0.00233250 0.01500000
v 0.12345920 -0.00233250 0.01250000
v 0.12345920 -0.00233250 0.01250000
v 0.12345920 -0.00233250 0.01250000
v 0.12301400 -0.00215750 0.01500000
v 0.12301400 -0.00215750 0.01500000
v 0.12301400 -0.00215750 0.01500000
v 0.12301400 -0.00215750 0.01250000
v 0.12301400 -0.00215750 0.01250000
v 0.12301400 -0.00215750 0.01250000
v 0.12258000 -0.00197750 0.01500000
v 0.12258000 -0.00197750 0.01500000
v 0.12258000 -0.00197750 0.01500000
v 0.12258000 -0.00197750 0.01250000
v 0.12258000 -0.00197750 0.01250000
v 0.12258000 -0.00197750 0.01250000
v 0.12215440 -0.00179550 0.01500000
v 0.12215440 -0.00179550 0.01500000
v 0.12215440 -0.00179550 0.01500000
v 0.12215440 -0.00179550 0.01250000
v 0.12215440 -0.00179550 0.01250000
v 0.12215440 -0.00179550 0.01250000
v 0.12156640 -0.00154950 0.01500000
v 0.12156640 -0.00154950 0.01500000
v 0.12156640 -0.00154950 0.01500000
v 0.12156640 -0.00154950 0.01250000
v 0.12156640 -0.00154950 0.01250000
v 0.12156640 -0.00154950 0.01250000
v 0.12096440 -0.00130850 0.01500000
v 0.12096440 -0.00130850 0.01500000
v 0.12096440 -0.00130850 0.01500000
v 0.12096440 -0.00130850 0.01250000
v 0.12096440 -0.00130850 0.01250000
v 0.12096440 -0.00130850 0.01250000
v 0.12033720 -0.00107550 0.01500000
v 0.12033720 -0.00107550 0.01500000
v 0.12033720 -0.00107550 0.01500000
v 0.12033720 -0.00107550 0.01250000
v 0.12033720 -0.00107550 0.01250000
v 0.12033720 -0.00107550 0.01250000
v 0.11969040 -0.00084950 0.01500000
v 0.11969040 -0.00084950 0.01500000
v 0.11969040 -0.00084950 0.01500000
v 0.11969040 -0.00084950 0.01250000
v 0.11969040 -0.00084950 0.01250000
v 0.11969040 -0.00084950 0.01250000
v 0.11929560 -0.00073050 0.01500000
v 0.11929560 -0.00073050 0.01500000
v 0.11929560 -0.00073050 0.01500000
v 0.11929560 -0.00073050 0.01250000
v 0.11929560 -0.00073050 0.01250000
v 0.11929560 -0.00073050 0.01250000
v 0.11888120 -0.00062050 0.01500000
v 0.11888120 -0.00062050 0.01500000
v 0.11888120 -0.00062050 0.01500000
v 0.11888120 -0.00062050 0.01250000
v 0.11888120 -0.00062050 0.01250000
v 0.11888120 -0.00062050 0.01250000
v 0.11844160 -0.00052650 0.01500000
v 0.11844160 -0.00052650 0.01500000
v 0.11844160 -0.00052650 0.01500000
v 0.11844160 -0.00052650 0.01250000
v 0.11844160 -0.00052650 0.01250000
v 0.11844160 -0.00052650 0.01250000
v 0.11798240 -0.00044150 0.01500000
v 0.11798240 -0.00044150 0.01500000
v 0.11798240 -0.00044150 0.01500000
v 0.11798240 -0.00044150 0.01250000
v 0.11798240 -0.00044150 0.01250000
v 0.11798240 -0.00044150 0.01250000
v 0.11757920 -0.00039050 0.01500000
v 0.11757920 -0.00039050 0.01500000
v 0.11757920 -0.00039050 0.01500000
v 0.11757920 -0.00039050 0.01250000
v 0.11757920 -0.00039050 0.01250000
v 0.11757920 -0.00039050 0.01250000
v 0.11717320 -0.00035050 0.01500000
v 0.11717320 -0.00035050 0.01500000
v 0.11717320 -0.00035050 0.01500000
v 0.11717320 -0.00035050 0.01250000
v 0.11717320 -0.00035050 0.01250000
v 0.11717320 -0.00035050 0.01250000
v 0.11675320 -0.00032850 0.01500000
v 0.11675320 -0.00032850 0.01500000
v 0.11675320 -0.00032850 0.01500000
v 0.11675320 -0.00032850 0.01250000
v 0.11675320 -0.00032850 0.01250000
v 0.11675320 -0.00032850 0.01250000
v 0.11633040 -0.00031850 0.01500000
v 0.11633040 -0.00031850 0.01500000
v 0.11633040 -0.00031850 0.01500000
v 0.11633040 -0.00031850 0.01250000
v 0.11633040 -0.00031850 0.01250000
v 0.11633040 -0.00031850 0.01250000
v 0.11554920 -0.00035150 0.01500000
v 0.11554920 -0.00035150 0.01500000
v 0.11554920 -0.00035150 0.01500000
v 0.11554920 -0.00035150 0.01250000
v 0.11554920 -0.00035150 0.01250000
v 0.11554920 -0.00035150 0.01250000
v 0.11481840 -0.00042250 0.01500000
v 0.11481840 -0.00042250 0.01500000
v 0.11481840 -0.00042250 0.01500000
v 0.11481840 -0.00042250 0.01250000
v 0.11481840 -0.00042250 0.01250000
v 0.11481840 -0.00042250 0.01250000
v 0.11481840 -0.00042250 0.01250000
v 0.11416600 -0.00056050 0.01500000
v 0.11416600 -0.00056050 0.01500000
v 0.11416600 -0.00056050 0.01500000
v 0.11416600 -0.00056050 0.01500000
v 0.11416600 -0.00056050 0.01250000
v 0.11416600 -0.00056050 0.01250000
v 0.11416600 -0.00056050 0.01250000
v 0.11356120 -0.00073850 0.01500000
v 0.11356120 -0.00073850 0.01500000
v 0.11356120 -0.00073850 0.01500000
v 0.11356120 -0.00073850 0.01250000
v 0.11356120 -0.00073850 0.01250000
v 0.11356120 -0.00073850 0.01250000
v 0.11306000 -0.00099450 0.01500000
v 0.11306000 -0.00099450 0.01500000
v 0.11306000 -0.00099450 0.01500000
v 0.11306000 -0.00099450 0.01250000
v 0.11306000 -0.00099450 0.01250000
v 0.11306000 -0.00099450 0.01250000
v 0.11268760 -0.00126750 0.01500000
v 0.11268760 -0.00126750 0.01500000
v 0.11268760 -0.00126750 0.01500000
v 0.11268760 -0.00126750 0.01250000
v 0.11268760 -0.00126750 0.01250000
v 0.11268760 -0.00126750 0.01250000
v 0.11268760 -0.00126750 0.01250000
v 0.11250840 -0.00156550 0.01500000
v 0.11250840 -0.00156550 0.01500000
v 0.11250840 -0.00156550 0.01500000
v 0.11250840 -0.00156550 0.01500000
v 0.11250840 -0.00156550 0.01500000
v 0.11250840 -0.00156550 0.01250000
v 0.11250840 -0.00156550 0.01250000
v 0.11250840 -0.00156550 0.01250000
v 0.11244400 -0.00187750 0.01500000
v 0.11244400 -0.00187750 0.01500000
v 0.11244400 -0.00187750 0.01500000
v 0.11244400 -0.00187750 0.01250000
v 0.11244400 -0.00187750 0.01250000
v 0.11244400 -0.00187750 0.01250000
v 0.11250280 -0.00218550 0.01500000
v 0.11250280 -0.00218550 0.01500000
v 0.11250280 -0.00218550 0.01500000
v 0.11250280 -0.00218550 0.01250000
v 0.11250280 -0.00218550 0.01250000
v 0.11250280 -0.00218550 0.01250000
v 0.11266800 -0.00248050 0.01500000
v 0.11266800 -0.00248050 0.01500000
v 0.11266800 -0.00248050 0.01500000
v 0.11266800 -0.00248050 0.01250000
v 0.11266800 -0.00248050 0.01250000
v 0.11266800 -0.00248050 0.01250000
v 0.11301520 -0.00275450 0.01500000
v 0.11301520 -0.00275450 0.01500000
v 0.11301520 -0.00275450 0.01500000
v 0.11301520 -0.00275450 0.01250000
v 0.11301520 -0.00275450 0.01250000
v 0.11301520 -0.00275450 0.01250000
v 0.11348000 -0.00301350 0.01500000
v 0.11348000 -0.00301350 0.01500000
v 0.11348000 -0.00301350 0.01500000
v 0.11348000 -0.00301350 0.01250000
v 0.11348000 -0.00301350 0.01250000
v 0.11348000 -0.00301350 0.01250000
v 0.11413520 -0.00320950 0.01500000
v 0.11413520 -0.00320950 0.01500000
v 0.11413520 -0.00320950 0.01500000
v 0.11413520 -0.00320950 0.01250000
v 0.11413520 -0.00320950 0.01250000
v 0.11413520 -0.00320950 0.01250000
v 0.11484640 -0.00336250 0.01500000
v 0.11484640 -0.00336250 0.01500000
v 0.11484640 -0.00336250 0.01500000
v 0.11484640 -0.00336250 0.01250000
v 0.11484640 -0.00336250 0.01250000
v 0.11484640 -0.00336250 0.01250000
v 0.11564440 -0.00345050 0.01500000
v 0.11564440 -0.00345050 0.01500000
v 0.11564440 -0.00345050 0.01500000
v 0.11564440 -0.00345050 0.01250000
v 0.11564440 -0.00345050 0.01250000
v 0.11564440 -0.00345050 0.01250000
v 0.11649280 -0.00350150 0.01500000
v 0.11649280 -0.00350150 0.01500000
v 0.11649280 -0.00350150 0.01500000
v 0.11649280 -0.00350150 0.01250000
v 0.11649280 -0.00350150 0.01250000
v 0.11649280 -0.00350150 0.01250000
v 0.11667200 -0.00287050 0.01500000
v 0.11667200 -0.00287050 0.01500000
v 0.11667200 -0.00287050 0.01500000
v 0.11667200 -0.00287050 0.01250000
v 0.11667200 -0.00287050 0.01250000
v 0.11667200 -0.00287050 0.01250000
v 0.11610360 -0.00285250 0.01500000
v 0.11610360 -0.00285250 0.01500000
v 0.11610360 -0.00285250 0.01500000
v 0.11610360 -0.00285250 0.01250000
v 0.11610360 -0.00285250 0.01250000
v 0.11610360 -0.00285250 0.01250000
v 0.11556320 -0.00280950 0.01500000
v 0.11556320 -0.00280950 0.01500000
v 0.11556320 -0.00280950 0.01500000
v 0.11556320 -0.00280950 0.01250000
v 0.11556320 -0.00280950 0.01250000
v 0.11556320 -0.00280950 0.01250000
v 0.11507040 -0.00271950 0.01500000
v 0.11507040 -0.00271950 0.01500000
v 0.11507040 -0.00271950 0.01500000
v 0.11507040 -0.00271950 0.01250000
v 0.11507040 -0.00271950 0.01250000
v 0.11507040 -0.00271950 0.01250000
v 0.11461120 -0.00260050 0.01500000
v 0.11461120 -0.00260050 0.01500000
v 0.11461120 -0.00260050 0.01500000
v 0.11461120 -0.00260050 0.01250000
v 0.11461120 -0.00260050 0.01250000
v 0.11461120 -0.00260050 0.01250000
v 0.11428360 -0.00244250 0.01500000
v 0.11428360 -0.00244250 0.01500000
v 0.11428360 -0.00244250 0.01500000
v 0.11428360 -0.00244250 0.01250000
v 0.11428360 -0.00244250 0.01250000
v 0.11428360 -0.00244250 0.01250000
v 0.11403440 -0.00227350 0.01500000
v 0.11403440 -0.00227350 0.01500000
v 0.11403440 -0.00227350 0.01500000
v 0.11403440 -0.00227350 0.01250000
v 0.11403440 -0.00227350 0.01250000
v 0.11403440 -0.00227350 0.01250000
v 0.11391400 -0.00208750 0.01500000
v 0.11391400 -0.00208750 0.01500000
v 0.11391400 -0.00208750 0.01500000
v 0.11391400 -0.00208750 0.01250000
v 0.11391400 -0.00208750 0.01250000
v 0.11391400 -0.00208750 0.01250000
v 0.11386640 -0.00189150 0.01500000
v 0.11386640 -0.00189150 0.01500000
v 0.11386640 -0.00189150 0.01500000
v 0.11386640 -0.00189150 0.01250000
v 0.11386640 -0.00189150 0.01250000
v 0.11386640 -0.00189150 0.01250000
v 0.11391120 -0.00170350 0.01500000
v 0.11391120 -0.00170350 0.01500000
v 0.11391120 -0.00170350 0.01500000
v 0.11391120 -0.00170350 0.01250000
v 0.11391120 -0.00170350 0.01250000
v 0.11391120 -0.00170350 0.01250000
v 0.11402600 -0.00152550 0.01500000
v 0.11402600 -0.00152550 0.01500000
v 0.11402600 -0.00152550 0.01500000
v 0.11402600 -0.00152550 0.01250000
v 0.11402600 -0.00152550 0.01250000
v 0.11402600 -0.00152550 0.01250000
v 0.11402600 -0.00152550 0.01250000
v 0.11426120 -0.00136350 0.01500000
v 0.11426120 -0.00136350 0.01500000
v 0.11426120 -0.00136350 0.01500000
v 0.11426120 -0.00136350 0.01500000
v 0.11426120 -0.00136350 0.01250000
v 0.11426120 -0.00136350 0.01250000
v 0.11426120 -0.00136350 0.01250000
v 0.11456640 -0.00121050 0.01500000
v 0.11456640 -0.00121050 0.01500000
v 0.11456640 -0.00121050 0.01500000
v 0.11456640 -0.00121050 0.01250000
v 0.11456640 -0.00121050 0.01250000
v 0.11456640 -0.00121050 0.01250000
v 0.11494440 -0.00110050 0.01500000
v 0.11494440 -0.00110050 0.01500000
v 0.11494440 -0.00110050 0.01500000
v 0.11494440 -0.00110050 0.01250000
v 0.11494440 -0.00110050 0.01250000
v 0.11494440 -0.00110050 0.01250000
v 0.11535040 -0.00101450 0.01500000
v 0.11535040 -0.00101450 0.01500000
v 0.11535040 -0.00101450 0.01500000
v 0.11535040 -0.00101450 0.01250000
v 0.11535040 -0.00101450 0.01250000
v 0.11535040 -0.00101450 0.01250000
v 0.11580680 -0.00097050 0.01500000
v 0.11580680 -0.00097050 0.01500000
v 0.11580680 -0.00097050 0.01500000
v 0.11580680 -0.00097050 0.01250000
v 0.11580680 -0.00097050 0.01250000
v 0.11580680 -0.00097050 0.01250000
v 0.11629120 -0.00094950 0.01500000
v 0.11629120 -0.00094950 0.01500000
v 0.11629120 -0.00094950 0.01500000
v 0.11629120 -0.00094950 0.01250000
v 0.11629120 -0.00094950 0.01250000
v 0.11629120 -0.00094950 0.01250000
v 0.11685120 -0.00097950 0.01500000
v 0.11685120 -0.00097950 0.01500000
v 0.11685120 -0.00097950 0.01500000
v 0.11685120 -0.00097950 0.01250000
v 0.11685120 -0.00097950 0.01250000
v 0.11685120 -0.00097950 0.01250000
v 0.11685120 -0.00097950 0.01250000
v 0.11738600 -0.00103350 0.01500000
v 0.11738600 -0.00103350 0.01500000
v 0.11738600 -0.00103350 0.01500000
v 0.11738600 -0.00103350 0.01500000
v 0.11738600 -0.00103350 0.01250000
v 0.11738600 -0.00103350 0.01250000
v 0.11738600 -0.00103350 0.01250000
v 0.11788440 -0.00112450 0.01500000
v 0.11788440 -0.00112450 0.01500000
v 0.11788440 -0.00112450 0.01500000
v 0.11788440 -0.00112450 0.01250000
v 0.11788440 -0.00112450 0.01250000
v 0.11788440 -0.00112450 0.01250000
v 0.11835760 -0.00123650 0.01500000
v 0.11835760 -0.00123650 0.01500000
v 0.11835760 -0.00123650 0.01500000
v 0.11835760 -0.00123650 0.01250000
v 0.11835760 -0.00123650 0.01250000
v 0.11835760 -0.00123650 0.01250000
v 0.11916120 -0.00149050 0.01500000
v 0.11916120 -0.00149050 0.01500000
v 0.11916120 -0.00149050 0.01500000
v 0.11916120 -0.00149050 0.01250000
v 0.11916120 -0.00149050 0.01250000
v 0.11916120 -0.00149050 0.01250000
v 0.11992560 -0.00175750 0.01500000
v 0.11992560 -0.00175750 0.01500000
v 0.11992560 -0.00175750 0.01500000
v 0.11992560 -0.00175750 0.01250000
v 0.11992560 -0.00175750 0.01250000
v 0.11992560 -0.00175750 0.01250000
v 0.12063960 -0.00204250 0.01500000
v 0.12063960 -0.00204250 0.01500000
v 0.12063960 -0.00204250 0.01500000
v 0.12063960 -0.00204250 0.01250000
v 0.12063960 -0.00204250 0.01250000
v 0.12063960 -0.00204250 0.01250000
v 0.12132280 -0.00233750 0.01500000
v 0.12132280 -0.00233750 0.01500000
v 0.12132280 -0.00233750 0.01500000
v 0.12132280 -0.00233750 0.01250000
v 0.12132280 -0.00233750 0.01250000
v 0.12132280 -0.00233750 0.01250000
v 0.12182120 -0.00254950 0.01500000
v 0.12182120 -0.00254950 0.01500000
v 0.12182120 -0.00254950 0.01500000
v 0.12182120 -0.00254950 0.01250000
v 0.12182120 -0.00254950 0.01250000
v 0.12182120 -0.00254950 0.01250000
v 0.12233640 -0.00275650 0.01500000
v 0.12233640 -0.00275650 0.01500000
v 0.12233640 -0.00275650 0.01500000
v 0.12233640 -0.00275650 0.01250000
v 0.12233640 -0.00275650 0.01250000
v 0.12233640 -0.00275650 0.01250000
v 0.12287960 -0.00295250 0.01500000
v 0.12287960 -0.00295250 0.01500000
v 0.12287960 -0.00295250 0.01500000
v 0.12287960 -0.00295250 0.01250000
v 0.12287960 -0.00295250 0.01250000
v 0.12287960 -0.00295250 0.01250000
v 0.12344520 -0.00314150 0.01500000
v 0.12344520 -0.00314150 0.01500000
v 0.12344520 -0.00314150 0.01500000
v 0.12344520 -0.00314150 0.01250000
v 0.12344520 -0.00314150 0.01250000
v 0.12344520 -0.00314150 0.01250000
v 0.12387640 -0.00326150 0.01500000
v 0.12387640 -0.00326150 0.01500000
v 0.12387640 -0.00326150 0.01500000
v 0.12387640 -0.00326150 0.01250000
v 0.12387640 -0.00326150 0.01250000
v 0.12387640 -0.00326150 0.01250000
v 0.12432720 -0.00337250 0.01500000
v 0.12432720 -0.00337250 0.01500000
v 0.12432720 -0.00337250 0.01500000
v 0.12432720 -0.00337250 0.01250000
v 0.12432720 -0.00337250 0.01250000
v 0.12432720 -0.00337250 0.01250000
v 0.12480600 -0.00346450 0.01500000
v 0.12480600 -0.00346450 0.01500000
v 0.12480600 -0.00346450 0.01500000
v 0.12480600 -0.00346450 0.01250000
v 0.12480600 -0.00346450 0.01250000
v 0.12480600 -0.00346450 0.01250000
v 0.12530720 -0.00354550 0.01500000
v 0.12530720 -0.00354550 0.01500000
v 0.12530720 -0.00354550 0.01500000
v 0.12530720 -0.00354550 0.01250000
v 0.12530720 -0.00354550 0.01250000
v 0.12530720 -0.00354550 0.01250000
v 0.12559840 -0.00357850 0.01500000
v 0.12559840 -0.00357850 0.01500000
v 0.12559840 -0.00357850 0.01500000
v 0.12559840 -0.00357850 0.01250000
v 0.12559840 -0.00357850 0.01250000
v 0.12559840 -0.00357850 0.01250000
v 0.12589240 -0.00360250 0.01500000
v 0.12589240 -0.00360250 0.01500000
v 0.12589240 -0.00360250 0.01500000
v 0.12589240 -0.00360250 0.01250000
v 0.12589240 -0.00360250 0.01250000
v 0.12589240 -0.00360250 0.01250000
v 0.12619480 -0.00361350 0.01500000
v 0.12619480 -0.00361350 0.01500000
v 0.12619480 -0.00361350 0.01500000
v 0.12619480 -0.00361350 0.01250000
v 0.12619480 -0.00361350 0.01250000
v 0.12619480 -0.00361350 0.01250000
v 0.12650000 -0.00361650 0.01500000
v 0.12650000 -0.00361650 0.01500000
v 0.12650000 -0.00361650 0.01500000
v 0.12650000 -0.00361650 0.01250000
v 0.12650000 -0.00361650 0.01250000
v 0.12650000 -0.00361650 0.01250000
v 0.12650000 -0.00031250 0.01500000
v 0.12650000 -0.00031250 0.01500000
v 0.12650000 -0.00031250 0.01500000
v 0.12650000 -0.00031250 0.01250000
v 0.12650000 -0.00031250 0.01250000
v 0.12650000 -0.00031250 0.01250000
v 0.12484800 -0.00031250 0.01500000
v 0.12484800 -0.00031250 0.01500000
v 0.12484800 -0.00031250 0.01500000
v 0.12484800 -0.00031250 0.01250000
v 0.12484800 -0.00031250 0.01250000
v 0.12484800 -0.00031250 0.01250000
v 0.10550000 0.01500050 -0.01312500
v 0.03200000 0.01500050 -0.01312500
v 0.03200000 0.01500050 0.01312500
v 0.10550000 0.01500050 0.01312500
v 0.10550000 -0.01312450 -0.01500000
v 0.03200000 -0.01312550 -0.01500000
v 0.03200000 0.01312450 -0.01500000
v 0.10550000 0.01312550 -0.01500000
v 0.03200000 0.01312450 0.01500000
v 0.03200000 -0.01312550 0.01500000
v 0.10550000 -0.01312450 0.01500000
v 0.10550000 0.01312550 0.01500000
v -0.01875000 0.00995350 -0.00096500
v -0.01875000 0.01000050 -0.00000000
v -0.01875000 0.00995350 0.00096500
v -0.01875000 0.00981350 0.00192100
v -0.01875000 0.00958250 0.00285900
v -0.01875000 0.00926150 0.00377100
v -0.01875000 0.00885450 0.00464700
v -0.01875000 0.00836450 0.00548000
v -0.01875000 0.00779650 0.00626200
v -0.01875000 0.00715550 0.00698500
v -0.01875000 0.00644850 0.00764300
v -0.01875000 0.00568050 0.00823000
v -0.01875000 0.00485950 0.00874000
v -0.01875000 0.00399350 0.00916800
v -0.01875000 0.00309050 0.00951100
v -0.01875000 0.00215750 0.00976400
v -0.01875000 0.00120550 0.00992700
v -0.01875000 0.00024150 0.00999700
v -0.01875000 -0.00072450 0.00997400
v -0.01875000 -0.00168350 0.00985700
v -0.01875000 -0.00262750 0.00964900
v -0.01875000 -0.00354650 0.00935000
v -0.01875000 -0.00443150 0.00896400
v -0.01875000 -0.00527650 0.00849500
v -0.01875000 -0.00607150 0.00794600
v -0.01875000 -0.00681050 0.00732300
v -0.01875000 -0.00748550 0.00663100
v -0.01875000 -0.00809050 0.00587800
v -0.01875000 -0.00861950 0.00507000
v -0.01875000 -0.00906850 0.00421400
v -0.01875000 -0.00943350 0.00331900
v -0.01875000 -0.00970950 0.00239300
v -0.01875000 -0.00989550 0.00144500
v -0.01875000 -0.00998850 0.00048300
v -0.01875000 -0.00998850 -0.00048300
v -0.01875000 -0.00989550 -0.00144500
v -0.01875000 -0.00970950 -0.00239300
v -0.01875000 -0.00943350 -0.00331900
v -0.01875000 -0.00906850 -0.00421400
v -0.01875000 -0.00861950 -0.00507000
v -0.01875000 -0.00809050 -0.00587800
v -0.01875000 -0.00748550 -0.00663100
v -0.01875000 -0.00681050 -0.00732300
v -0.01875000 -0.00607150 -0.00794600
v -0.01875000 -0.00527650 -0.00849500
v -0.01875000 -0.00443150 -0.00896400
v -0.01875000 -0.00354650 -0.00935000
v -0.01875000 -0.00262750 -0.00964900
v -0.01875000 -0.00168350 -0.00985700
v -0.01875000 -0.00072450 -0.00997400
v -0.01875000 0.00024150 -0.00999700
v -0.01875000 0.00120550 -0.00992700
v -0.01875000 0.00215750 -0.00976400
v -0.01875000 0.00309050 -0.00951100
v -0.01875000 0.00399350 -0.00916800
v -0.01875000 0.00485950 -0.00874000
v -0.01875000 0.00568050 -0.00823000
v -0.01875000 0.00644850 -0.00764300
v -0.01875000 0.00715550 -0.00698500
v -0.01875000 0.00779650 -0.00626200
v -0.01875000 0.00836450 -0.00548000
v -0.01875000 0.00885450 -0.00464700
v -0.01875000 0.00926150 -0.00377100
v -0.01875000 0.00958250 -0.00285900
v -0.01875000 0.00981350 -0.00192100
v 0.15625000 0.01500050 -0.01500000
v 0.15625000 0.01500050 -0.01500000
v 0.15625000 0.01500050 -0.01500000
v -0.01875000 0.01500050 -0.01500000
v -0.01875000 0.01500050 -0.01500000
v -0.01875000 0.01500050 -0.01500000
v -0.01875000 0.01500050 0.01500000
v -0.01875000 0.01500050 0.01500000
v -0.01875000 0.01500050 0.01500000
v 0.15625000 0.01500050 0.01500000
v 0.15625000 0.01500050 0.01500000
v 0.15625000 0.01500050 0.01500000
v -0.01751800 -0.01214250 -0.00000000
v -0.01751800 -0.01214250 -0.00000000
v -0.01751800 -0.01214250 -0.00000000
v -0.01751800 -0.01214250 -0.00000000
v -0.01788480 -0.01209450 0.00106500
v -0.01788480 -0.01209450 0.00106500
v -0.01788480 -0.01209450 0.00106500
v -0.01788480 -0.01209450 0.00106500
v -0.01788480 -0.01209450 0.00106500
v -0.01788480 -0.01209450 0.00106500
v -0.01788480 -0.01209450 0.00106500
v -0.01825160 -0.01195150 0.00212200
v -0.01825160 -0.01195150 0.00212200
v -0.01825160 -0.01195150 0.00212200
v -0.01825160 -0.01195150 0.00212200
v -0.01825160 -0.01195150 0.00212200
v -0.01825160 -0.01195150 0.00212200
v -0.01861840 -0.01171750 0.00316200
v -0.01861840 -0.01171750 0.00316200
v -0.01861840 -0.01171750 0.00316200
v -0.01861840 -0.01171750 0.00316200
v -0.01861840 -0.01171750 0.00316200
v -0.01861840 -0.01171750 0.00316200
v -0.01861840 -0.01171750 0.00316200
v -0.01633360 -0.01201050 -0.00000000
v -0.01633360 -0.01201050 -0.00000000
v -0.01633360 -0.01201050 -0.00000000
v -0.01633360 -0.01201050 -0.00000000
v -0.01670320 -0.01196250 0.00105400
v -0.01670320 -0.01196250 0.00105400
v -0.01670320 -0.01196250 0.00105400
v -0.01670320 -0.01196250 0.00105400
v -0.01670320 -0.01196250 0.00105400
v -0.01670320 -0.01196250 0.00105400
v -0.01707000 -0.01182150 0.00209900
v -0.01707000 -0.01182150 0.00209900
v -0.01707000 -0.01182150 0.00209900
v -0.01707000 -0.01182150 0.00209900
v -0.01707000 -0.01182150 0.00209900
v -0.01707000 -0.01182150 0.00209900
v -0.01743680 -0.01158950 0.00312800
v -0.01743680 -0.01158950 0.00312800
v -0.01743680 -0.01158950 0.00312800
v -0.01743680 -0.01158950 0.00312800
v -0.01743680 -0.01158950 0.00312800
v -0.01743680 -0.01158950 0.00312800
v -0.01780360 -0.01126950 0.00413300
v -0.01780360 -0.01126950 0.00413300
v -0.01780360 -0.01126950 0.00413300
v -0.01780360 -0.01126950 0.00413300
v -0.01780360 -0.01126950 0.00413300
v -0.01780360 -0.01126950 0.00413300
v -0.01817040 -0.01086450 0.00510700
v -0.01817040 -0.01086450 0.00510700
v -0.01817040 -0.01086450 0.00510700
v -0.01817040 -0.01086450 0.00510700
v -0.01817040 -0.01086450 0.00510700
v -0.01817040 -0.01086450 0.00510700
v -0.01853720 -0.01037650 0.00604200
v -0.01853720 -0.01037650 0.00604200
v -0.01853720 -0.01037650 0.00604200
v -0.01853720 -0.01037650 0.00604200
v -0.01853720 -0.01037650 0.00604200
v -0.01853720 -0.01037650 0.00604200
v -0.01525000 -0.01179550 -0.00000000
v -0.01525000 -0.01179550 -0.00000000
v -0.01525000 -0.01179550 -0.00000000
v -0.01525000 -0.01179550 -0.00000000
v -0.01561680 -0.01174850 0.00103500
v -0.01561680 -0.01174850 0.00103500
v -0.01561680 -0.01174850 0.00103500
v -0.01561680 -0.01174850 0.00103500
v -0.01561680 -0.01174850 0.00103500
v -0.01561680 -0.01174850 0.00103500
v -0.01598640 -0.01161050 0.00206100
v -0.01598640 -0.01161050 0.00206100
v -0.01598640 -0.01161050 0.00206100
v -0.01598640 -0.01161050 0.00206100
v -0.01598640 -0.01161050 0.00206100
v -0.01598640 -0.01161050 0.00206100
v -0.01635320 -0.01138250 0.00307200
v -0.01635320 -0.01138250 0.00307200
v -0.01635320 -0.01138250 0.00307200
v -0.01635320 -0.01138250 0.00307200
v -0.01635320 -0.01138250 0.00307200
v -0.01635320 -0.01138250 0.00307200
v -0.01672000 -0.01106850 0.00405900
v -0.01672000 -0.01106850 0.00405900
v -0.01672000 -0.01106850 0.00405900
v -0.01672000 -0.01106850 0.00405900
v -0.01672000 -0.01106850 0.00405900
v -0.01672000 -0.01106850 0.00405900
v -0.01708680 -0.01067050 0.00501600
v -0.01708680 -0.01067050 0.00501600
v -0.01708680 -0.01067050 0.00501600
v -0.01708680 -0.01067050 0.00501600
v -0.01708680 -0.01067050 0.00501600
v -0.01708680 -0.01067050 0.00501600
v -0.01745360 -0.01019050 0.00593400
v -0.01745360 -0.01019050 0.00593400
v -0.01745360 -0.01019050 0.00593400
v -0.01745360 -0.01019050 0.00593400
v -0.01745360 -0.01019050 0.00593400
v -0.01745360 -0.01019050 0.00593400
v -0.01782040 -0.00963250 0.00680700
v -0.01782040 -0.00963250 0.00680700
v -0.01782040 -0.00963250 0.00680700
v -0.01782040 -0.00963250 0.00680700
v -0.01782040 -0.00963250 0.00680700
v -0.01782040 -0.00963250 0.00680700
v -0.01818720 -0.00899850 0.00762600
v -0.01818720 -0.00899850 0.00762600
v -0.01818720 -0.00899850 0.00762600
v -0.01818720 -0.00899850 0.00762600
v -0.01818720 -0.00899850 0.00762600
v -0.01818720 -0.00899850 0.00762600
v -0.01855400 -0.00829350 0.00838500
v -0.01855400 -0.00829350 0.00838500
v -0.01855400 -0.00829350 0.00838500
v -0.01855400 -0.00829350 0.00838500
v -0.01855400 -0.00829350 0.00838500
v -0.01855400 -0.00829350 0.00838500
v -0.01431200 -0.01150750 -0.00000000
v -0.01431200 -0.01150750 -0.00000000
v -0.01431200 -0.01150750 -0.00000000
v -0.01431200 -0.01150750 -0.00000000
v -0.01467880 -0.01146150 0.00101000
v -0.01467880 -0.01146150 0.00101000
v -0.01467880 -0.01146150 0.00101000
v -0.01467880 -0.01146150 0.00101000
v -0.01467880 -0.01146150 0.00101000
v -0.01467880 -0.01146150 0.00101000
v -0.01504560 -0.01132650 0.00201100
v -0.01504560 -0.01132650 0.00201100
v -0.01504560 -0.01132650 0.00201100
v -0.01504560 -0.01132650 0.00201100
v -0.01504560 -0.01132650 0.00201100
v -0.01504560 -0.01132650 0.00201100
v -0.01541240 -0.01110350 0.00299700
v -0.01541240 -0.01110350 0.00299700
v -0.01541240 -0.01110350 0.00299700
v -0.01541240 -0.01110350 0.00299700
v -0.01541240 -0.01110350 0.00299700
v -0.01541240 -0.01110350 0.00299700
v -0.01577920 -0.01079750 0.00396000
v -0.01577920 -0.01079750 0.00396000
v -0.01577920 -0.01079750 0.00396000
v -0.01577920 -0.01079750 0.00396000
v -0.01577920 -0.01079750 0.00396000
v -0.01577920 -0.01079750 0.00396000
v -0.01614880 -0.01040950 0.00489300
v -0.01614880 -0.01040950 0.00489300
v -0.01614880 -0.01040950 0.00489300
v -0.01614880 -0.01040950 0.00489300
v -0.01614880 -0.01040950 0.00489300
v -0.01614880 -0.01040950 0.00489300
v -0.01651560 -0.00994150 0.00578900
v -0.01651560 -0.00994150 0.00578900
v -0.01651560 -0.00994150 0.00578900
v -0.01651560 -0.00994150 0.00578900
v -0.01651560 -0.00994150 0.00578900
v -0.01651560 -0.00994150 0.00578900
v -0.01688240 -0.00939650 0.00664000
v -0.01688240 -0.00939650 0.00664000
v -0.01688240 -0.00939650 0.00664000
v -0.01688240 -0.00939650 0.00664000
v -0.01688240 -0.00939650 0.00664000
v -0.01688240 -0.00939650 0.00664000
v -0.01724920 -0.00877850 0.00743900
v -0.01724920 -0.00877850 0.00743900
v -0.01724920 -0.00877850 0.00743900
v -0.01724920 -0.00877850 0.00743900
v -0.01724920 -0.00877850 0.00743900
v -0.01724920 -0.00877850 0.00743900
v -0.01761600 -0.00809050 0.00817900
v -0.01761600 -0.00809050 0.00817900
v -0.01761600 -0.00809050 0.00817900
v -0.01761600 -0.00809050 0.00817900
v -0.01761600 -0.00809050 0.00817900
v -0.01761600 -0.00809050 0.00817900
v -0.01798280 -0.00734050 0.00885600
v -0.01798280 -0.00734050 0.00885600
v -0.01798280 -0.00734050 0.00885600
v -0.01798280 -0.00734050 0.00885600
v -0.01798280 -0.00734050 0.00885600
v -0.01798280 -0.00734050 0.00885600
v -0.01834960 -0.00653350 0.00946500
v -0.01834960 -0.00653350 0.00946500
v -0.01834960 -0.00653350 0.00946500
v -0.01834960 -0.00653350 0.00946500
v -0.01834960 -0.00653350 0.00946500
v -0.01834960 -0.00653350 0.00946500
v -0.01871640 -0.00567750 0.01000200
v -0.01871640 -0.00567750 0.01000200
v -0.01871640 -0.00567750 0.01000200
v -0.01871640 -0.00567750 0.01000200
v -0.01871640 -0.00567750 0.01000200
v -0.01871640 -0.00567750 0.01000200
v -0.01355320 -0.01115750 -0.00000000
v -0.01355320 -0.01115750 -0.00000000
v -0.01355320 -0.01115750 -0.00000000
v -0.01355320 -0.01115750 -0.00000000
v -0.01392000 -0.01111250 0.00097900
v -0.01392000 -0.01111250 0.00097900
v -0.01392000 -0.01111250 0.00097900
v -0.01392000 -0.01111250 0.00097900
v -0.01392000 -0.01111250 0.00097900
v -0.01392000 -0.01111250 0.00097900
v -0.01428680 -0.01098150 0.00195000
v -0.01428680 -0.01098150 0.00195000
v -0.01428680 -0.01098150 0.00195000
v -0.01428680 -0.01098150 0.00195000
v -0.01428680 -0.01098150 0.00195000
v -0.01428680 -0.01098150 0.00195000
v -0.01465360 -0.01076650 0.00290600
v -0.01465360 -0.01076650 0.00290600
v -0.01465360 -0.01076650 0.00290600
v -0.01465360 -0.01076650 0.00290600
v -0.01465360 -0.01076650 0.00290600
v -0.01465360 -0.01076650 0.00290600
v -0.01502040 -0.01046950 0.00384000
v -0.01502040 -0.01046950 0.00384000
v -0.01502040 -0.01046950 0.00384000
v -0.01502040 -0.01046950 0.00384000
v -0.01502040 -0.01046950 0.00384000
v -0.01502040 -0.01046950 0.00384000
v -0.01538720 -0.01009250 0.00474400
v -0.01538720 -0.01009250 0.00474400
v -0.01538720 -0.01009250 0.00474400
v -0.01538720 -0.01009250 0.00474400
v -0.01538720 -0.01009250 0.00474400
v -0.01538720 -0.01009250 0.00474400
v -0.01575680 -0.00963950 0.00561300
v -0.01575680 -0.00963950 0.00561300
v -0.01575680 -0.00963950 0.00561300
v -0.01575680 -0.00963950 0.00561300
v -0.01575680 -0.00963950 0.00561300
v -0.01575680 -0.00963950 0.00561300
v -0.01612360 -0.00911150 0.00643800
v -0.01612360 -0.00911150 0.00643800
v -0.01612360 -0.00911150 0.00643800
v -0.01612360 -0.00911150 0.00643800
v -0.01612360 -0.00911150 0.00643800
v -0.01612360 -0.00911150 0.00643800
v -0.01649040 -0.00851150 0.00721300
v -0.01649040 -0.00851150 0.00721300
v -0.01649040 -0.00851150 0.00721300
v -0.01649040 -0.00851150 0.00721300
v -0.01649040 -0.00851150 0.00721300
v -0.01649040 -0.00851150 0.00721300
v -0.01685720 -0.00784450 0.00793100
v -0.01685720 -0.00784450 0.00793100
v -0.01685720 -0.00784450 0.00793100
v -0.01685720 -0.00784450 0.00793100
v -0.01685720 -0.00784450 0.00793100
v -0.01685720 -0.00784450 0.00793100
v -0.01722400 -0.00711650 0.00858700
v -0.01722400 -0.00711650 0.00858700
v -0.01722400 -0.00711650 0.00858700
v -0.01722400 -0.00711650 0.00858700
v -0.01722400 -0.00711650 0.00858700
v -0.01722400 -0.00711650 0.00858700
v -0.01759080 -0.00633450 0.00917700
v -0.01759080 -0.00633450 0.00917700
v -0.01759080 -0.00633450 0.00917700
v -0.01759080 -0.00633450 0.00917700
v -0.01759080 -0.00633450 0.00917700
v -0.01759080 -0.00633450 0.00917700
v -0.01795760 -0.00550450 0.00969800
v -0.01795760 -0.00550450 0.00969800
v -0.01795760 -0.00550450 0.00969800
v -0.01795760 -0.00550450 0.00969800
v -0.01795760 -0.00550450 0.00969800
v -0.01795760 -0.00550450 0.00969800
v -0.01832440 -0.00463250 0.01014500
v -0.01832440 -0.00463250 0.01014500
v -0.01832440 -0.00463250 0.01014500
v -0.01832440 -0.00463250 0.01014500
v -0.01832440 -0.00463250 0.01014500
v -0.01832440 -0.00463250 0.01014500
v -0.01869120 -0.00372550 0.01051500
v -0.01869120 -0.00372550 0.01051500
v -0.01869120 -0.00372550 0.01051500
v -0.01869120 -0.00372550 0.01051500
v -0.01869120 -0.00372550 0.01051500
v -0.01869120 -0.00372550 0.01051500
v -0.01300720 -0.01075950 -0.00000000
v -0.01300720 -0.01075950 -0.00000000
v -0.01300720 -0.01075950 -0.00000000
v -0.01300720 -0.01075950 -0.00000000
v -0.01337400 -0.01071750 0.00094400
v -0.01337400 -0.01071750 0.00094400
v -0.01337400 -0.01071750 0.00094400
v -0.01337400 -0.01071750 0.00094400
v -0.01337400 -0.01071750 0.00094400
v -0.01337400 -0.01071750 0.00094400
v -0.01374080 -0.01059050 0.00188000
v -0.01374080 -0.01059050 0.00188000
v -0.01374080 -0.01059050 0.00188000
v -0.01374080 -0.01059050 0.00188000
v -0.01374080 -0.01059050 0.00188000
v -0.01374080 -0.01059050 0.00188000
v -0.01410760 -0.01038350 0.00280200
v -0.01410760 -0.01038350 0.00280200
v -0.01410760 -0.01038350 0.00280200
v -0.01410760 -0.01038350 0.00280200
v -0.01410760 -0.01038350 0.00280200
v -0.01410760 -0.01038350 0.00280200
v -0.01447440 -0.01009650 0.00370300
v -0.01447440 -0.01009650 0.00370300
v -0.01447440 -0.01009650 0.00370300
v -0.01447440 -0.01009650 0.00370300
v -0.01447440 -0.01009650 0.00370300
v -0.01447440 -0.01009650 0.00370300
v -0.01484120 -0.00973350 0.00457500
v -0.01484120 -0.00973350 0.00457500
v -0.01484120 -0.00973350 0.00457500
v -0.01484120 -0.00973350 0.00457500
v -0.01484120 -0.00973350 0.00457500
v -0.01484120 -0.00973350 0.00457500
v -0.01521080 -0.00929550 0.00541300
v -0.01521080 -0.00929550 0.00541300
v -0.01521080 -0.00929550 0.00541300
v -0.01521080 -0.00929550 0.00541300
v -0.01521080 -0.00929550 0.00541300
v -0.01521080 -0.00929550 0.00541300
v -0.01557760 -0.00878650 0.00620900
v -0.01557760 -0.00878650 0.00620900
v -0.01557760 -0.00878650 0.00620900
v -0.01557760 -0.00878650 0.00620900
v -0.01557760 -0.00878650 0.00620900
v -0.01557760 -0.00878650 0.00620900
v -0.01594440 -0.00820850 0.00695600
v -0.01594440 -0.00820850 0.00695600
v -0.01594440 -0.00820850 0.00695600
v -0.01594440 -0.00820850 0.00695600
v -0.01594440 -0.00820850 0.00695600
v -0.01594440 -0.00820850 0.00695600
v -0.01631120 -0.00756550 0.00764800
v -0.01631120 -0.00756550 0.00764800
v -0.01631120 -0.00756550 0.00764800
v -0.01631120 -0.00756550 0.00764800
v -0.01631120 -0.00756550 0.00764800
v -0.01631120 -0.00756550 0.00764800
v -0.01667800 -0.00686350 0.00828100
v -0.01667800 -0.00686350 0.00828100
v -0.01667800 -0.00686350 0.00828100
v -0.01667800 -0.00686350 0.00828100
v -0.01667800 -0.00686350 0.00828100
v -0.01667800 -0.00686350 0.00828100
v -0.01704480 -0.00610950 0.00885000
v -0.01704480 -0.00610950 0.00885000
v -0.01704480 -0.00610950 0.00885000
v -0.01704480 -0.00610950 0.00885000
v -0.01704480 -0.00610950 0.00885000
v -0.01704480 -0.00610950 0.00885000
v -0.01741160 -0.00530850 0.00935300
v -0.01741160 -0.00530850 0.00935300
v -0.01741160 -0.00530850 0.00935300
v -0.01741160 -0.00530850 0.00935300
v -0.01741160 -0.00530850 0.00935300
v -0.01741160 -0.00530850 0.00935300
v -0.01777840 -0.00446750 0.00978400
v -0.01777840 -0.00446750 0.00978400
v -0.01777840 -0.00446750 0.00978400
v -0.01777840 -0.00446750 0.00978400
v -0.01777840 -0.00446750 0.00978400
v -0.01777840 -0.00446750 0.00978400
v -0.01814520 -0.00359250 0.01014000
v -0.01814520 -0.00359250 0.01014000
v -0.01814520 -0.00359250 0.01014000
v -0.01814520 -0.00359250 0.01014000
v -0.01814520 -0.00359250 0.01014000
v -0.01814520 -0.00359250 0.01014000
v -0.01851480 -0.00268950 0.01041800
v -0.01851480 -0.00268950 0.01041800
v -0.01851480 -0.00268950 0.01041800
v -0.01851480 -0.00268950 0.01041800
v -0.01851480 -0.00268950 0.01041800
v -0.01851480 -0.00268950 0.01041800
v -0.01269640 -0.01033150 -0.00000000
v -0.01269640 -0.01033150 -0.00000000
v -0.01269640 -0.01033150 -0.00000000
v -0.01269640 -0.01033150 -0.00000000
v -0.01306320 -0.01029050 0.00090600
v -0.01306320 -0.01029050 0.00090600
v -0.01306320 -0.01029050 0.00090600
v -0.01306320 -0.01029050 0.00090600
v -0.01306320 -0.01029050 0.00090600
v -0.01306320 -0.01029050 0.00090600
v -0.01343280 -0.01016850 0.00180500
v -0.01343280 -0.01016850 0.00180500
v -0.01343280 -0.01016850 0.00180500
v -0.01343280 -0.01016850 0.00180500
v -0.01343280 -0.01016850 0.00180500
v -0.01343280 -0.01016850 0.00180500
v -0.01379960 -0.00996950 0.00269100
v -0.01379960 -0.00996950 0.00269100
v -0.01379960 -0.00996950 0.00269100
v -0.01379960 -0.00996950 0.00269100
v -0.01379960 -0.00996950 0.00269100
v -0.01379960 -0.00996950 0.00269100
v -0.01416640 -0.00969450 0.00355500
v -0.01416640 -0.00969450 0.00355500
v -0.01416640 -0.00969450 0.00355500
v -0.01416640 -0.00969450 0.00355500
v -0.01416640 -0.00969450 0.00355500
v -0.01416640 -0.00969450 0.00355500
v -0.01453320 -0.00934550 0.00439300
v -0.01453320 -0.00934550 0.00439300
v -0.01453320 -0.00934550 0.00439300
v -0.01453320 -0.00934550 0.00439300
v -0.01453320 -0.00934550 0.00439300
v -0.01453320 -0.00934550 0.00439300
v -0.01490000 -0.00892550 0.00519700
v -0.01490000 -0.00892550 0.00519700
v -0.01490000 -0.00892550 0.00519700
v -0.01490000 -0.00892550 0.00519700
v -0.01490000 -0.00892550 0.00519700
v -0.01490000 -0.00892550 0.00519700
v -0.01526680 -0.00843650 0.00596200
v -0.01526680 -0.00843650 0.00596200
v -0.01526680 -0.00843650 0.00596200
v -0.01526680 -0.00843650 0.00596200
v -0.01526680 -0.00843650 0.00596200
v -0.01526680 -0.00843650 0.00596200
v -0.01563360 -0.00788150 0.00667900
v -0.01563360 -0.00788150 0.00667900
v -0.01563360 -0.00788150 0.00667900
v -0.01563360 -0.00788150 0.00667900
v -0.01563360 -0.00788150 0.00667900
v -0.01563360 -0.00788150 0.00667900
v -0.01600040 -0.00726350 0.00734400
v -0.01600040 -0.00726350 0.00734400
v -0.01600040 -0.00726350 0.00734400
v -0.01600040 -0.00726350 0.00734400
v -0.01600040 -0.00726350 0.00734400
v -0.01600040 -0.00726350 0.00734400
v -0.01637000 -0.00659050 0.00795100
v -0.01637000 -0.00659050 0.00795100
v -0.01637000 -0.00659050 0.00795100
v -0.01637000 -0.00659050 0.00795100
v -0.01637000 -0.00659050 0.00795100
v -0.01637000 -0.00659050 0.00795100
v -0.01673680 -0.00586550 0.00849800
v -0.01673680 -0.00586550 0.00849800
v -0.01673680 -0.00586550 0.00849800
v -0.01673680 -0.00586550 0.00849800
v -0.01673680 -0.00586550 0.00849800
v -0.01673680 -0.00586550 0.00849800
v -0.01710360 -0.00509750 0.00898000
v -0.01710360 -0.00509750 0.00898000
v -0.01710360 -0.00509750 0.00898000
v -0.01710360 -0.00509750 0.00898000
v -0.01710360 -0.00509750 0.00898000
v -0.01710360 -0.00509750 0.00898000
v -0.01747040 -0.00428950 0.00939400
v -0.01747040 -0.00428950 0.00939400
v -0.01747040 -0.00428950 0.00939400
v -0.01747040 -0.00428950 0.00939400
v -0.01747040 -0.00428950 0.00939400
v -0.01747040 -0.00428950 0.00939400
v -0.01783720 -0.00344950 0.00973600
v -0.01783720 -0.00344950 0.00973600
v -0.01783720 -0.00344950 0.00973600
v -0.01783720 -0.00344950 0.00973600
v -0.01783720 -0.00344950 0.00973600
v -0.01783720 -0.00344950 0.00973600
v -0.01820400 -0.00258250 0.01000300
v -0.01820400 -0.00258250 0.01000300
v -0.01820400 -0.00258250 0.01000300
v -0.01820400 -0.00258250 0.01000300
v -0.01820400 -0.00258250 0.01000300
v -0.01820400 -0.00258250 0.01000300
v -0.01857080 -0.00169450 0.01019100
v -0.01857080 -0.00169450 0.01019100
v -0.01857080 -0.00169450 0.01019100
v -0.01857080 -0.00169450 0.01019100
v -0.01857080 -0.00169450 0.01019100
v -0.01857080 -0.00169450 0.01019100
v -0.01263200 -0.00988950 -0.00000000
v -0.01263200 -0.00988950 -0.00000000
v -0.01263200 -0.00988950 -0.00000000
v -0.01263200 -0.00988950 -0.00000000
v -0.01300160 -0.00984950 0.00086800
v -0.01300160 -0.00984950 0.00086800
v -0.01300160 -0.00984950 0.00086800
v -0.01300160 -0.00984950 0.00086800
v -0.01300160 -0.00984950 0.00086800
v -0.01300160 -0.00984950 0.00086800
v -0.01336840 -0.00973350 0.00172800
v -0.01336840 -0.00973350 0.00172800
v -0.01336840 -0.00973350 0.00172800
v -0.01336840 -0.00973350 0.00172800
v -0.01336840 -0.00973350 0.00172800
v -0.01336840 -0.00973350 0.00172800
v -0.01373520 -0.00954350 0.00257500
v -0.01373520 -0.00954350 0.00257500
v -0.01373520 -0.00954350 0.00257500
v -0.01373520 -0.00954350 0.00257500
v -0.01373520 -0.00954350 0.00257500
v -0.01373520 -0.00954350 0.00257500
v -0.01410200 -0.00927950 0.00340300
v -0.01410200 -0.00927950 0.00340300
v -0.01410200 -0.00927950 0.00340300
v -0.01410200 -0.00927950 0.00340300
v -0.01410200 -0.00927950 0.00340300
v -0.01410200 -0.00927950 0.00340300
v -0.01446880 -0.00894550 0.00420500
v -0.01446880 -0.00894550 0.00420500
v -0.01446880 -0.00894550 0.00420500
v -0.01446880 -0.00894550 0.00420500
v -0.01446880 -0.00894550 0.00420500
v -0.01446880 -0.00894550 0.00420500
v -0.01483560 -0.00854350 0.00497500
v -0.01483560 -0.00854350 0.00497500
v -0.01483560 -0.00854350 0.00497500
v -0.01483560 -0.00854350 0.00497500
v -0.01483560 -0.00854350 0.00497500
v -0.01483560 -0.00854350 0.00497500
v -0.01520240 -0.00807550 0.00570700
v -0.01520240 -0.00807550 0.00570700
v -0.01520240 -0.00807550 0.00570700
v -0.01520240 -0.00807550 0.00570700
v -0.01520240 -0.00807550 0.00570700
v -0.01520240 -0.00807550 0.00570700
v -0.01556920 -0.00754450 0.00639300
v -0.01556920 -0.00754450 0.00639300
v -0.01556920 -0.00754450 0.00639300
v -0.01556920 -0.00754450 0.00639300
v -0.01556920 -0.00754450 0.00639300
v -0.01556920 -0.00754450 0.00639300
v -0.01593880 -0.00695350 0.00703000
v -0.01593880 -0.00695350 0.00703000
v -0.01593880 -0.00695350 0.00703000
v -0.01593880 -0.00695350 0.00703000
v -0.01593880 -0.00695350 0.00703000
v -0.01593880 -0.00695350 0.00703000
v -0.01630560 -0.00630850 0.00761100
v -0.01630560 -0.00630850 0.00761100
v -0.01630560 -0.00630850 0.00761100
v -0.01630560 -0.00630850 0.00761100
v -0.01630560 -0.00630850 0.00761100
v -0.01630560 -0.00630850 0.00761100
v -0.01667240 -0.00561450 0.00813400
v -0.01667240 -0.00561450 0.00813400
v -0.01667240 -0.00561450 0.00813400
v -0.01667240 -0.00561450 0.00813400
v -0.01667240 -0.00561450 0.00813400
v -0.01667240 -0.00561450 0.00813400
v -0.01703920 -0.00487950 0.00859600
v -0.01703920 -0.00487950 0.00859600
v -0.01703920 -0.00487950 0.00859600
v -0.01703920 -0.00487950 0.00859600
v -0.01703920 -0.00487950 0.00859600
v -0.01703920 -0.00487950 0.00859600
v -0.01740600 -0.00410650 0.00899200
v -0.01740600 -0.00410650 0.00899200
v -0.01740600 -0.00410650 0.00899200
v -0.01740600 -0.00410650 0.00899200
v -0.01740600 -0.00410650 0.00899200
v -0.01740600 -0.00410650 0.00899200
v -0.01777280 -0.00330150 0.00932000
v -0.01777280 -0.00330150 0.00932000
v -0.01777280 -0.00330150 0.00932000
v -0.01777280 -0.00330150 0.00932000
v -0.01777280 -0.00330150 0.00932000
v -0.01777280 -0.00330150 0.00932000
v -0.01813960 -0.00247150 0.00957500
v -0.01813960 -0.00247150 0.00957500
v -0.01813960 -0.00247150 0.00957500
v -0.01813960 -0.00247150 0.00957500
v -0.01813960 -0.00247150 0.00957500
v -0.01813960 -0.00247150 0.00957500
v -0.01850640 -0.00162250 0.00975500
v -0.01850640 -0.00162250 0.00975500
v -0.01850640 -0.00162250 0.00975500
v -0.01850640 -0.00162250 0.00975500
v -0.01850640 -0.00162250 0.00975500
v -0.01850640 -0.00162250 0.00975500
v -0.01281960 -0.00945150 -0.00000000
v -0.01281960 -0.00945150 -0.00000000
v -0.01281960 -0.00945150 -0.00000000
v -0.01281960 -0.00945150 -0.00000000
v -0.01318920 -0.00941450 0.00082900
v -0.01318920 -0.00941450 0.00082900
v -0.01318920 -0.00941450 0.00082900
v -0.01318920 -0.00941450 0.00082900
v -0.01318920 -0.00941450 0.00082900
v -0.01318920 -0.00941450 0.00082900
v -0.01355600 -0.00930350 0.00165200
v -0.01355600 -0.00930350 0.00165200
v -0.01355600 -0.00930350 0.00165200
v -0.01355600 -0.00930350 0.00165200
v -0.01355600 -0.00930350 0.00165200
v -0.01355600 -0.00930350 0.00165200
v -0.01392280 -0.00912050 0.00246200
v -0.01392280 -0.00912050 0.00246200
v -0.01392280 -0.00912050 0.00246200
v -0.01392280 -0.00912050 0.00246200
v -0.01392280 -0.00912050 0.00246200
v -0.01392280 -0.00912050 0.00246200
v -0.01428960 -0.00886950 0.00325300
v -0.01428960 -0.00886950 0.00325300
v -0.01428960 -0.00886950 0.00325300
v -0.01428960 -0.00886950 0.00325300
v -0.01428960 -0.00886950 0.00325300
v -0.01428960 -0.00886950 0.00325300
v -0.01465640 -0.00855050 0.00401900
v -0.01465640 -0.00855050 0.00401900
v -0.01465640 -0.00855050 0.00401900
v -0.01465640 -0.00855050 0.00401900
v -0.01465640 -0.00855050 0.00401900
v -0.01465640 -0.00855050 0.00401900
v -0.01502320 -0.00816550 0.00475500
v -0.01502320 -0.00816550 0.00475500
v -0.01502320 -0.00816550 0.00475500
v -0.01502320 -0.00816550 0.00475500
v -0.01502320 -0.00816550 0.00475500
v -0.01502320 -0.00816550 0.00475500
v -0.01539000 -0.00771850 0.00545400
v -0.01539000 -0.00771850 0.00545400
v -0.01539000 -0.00771850 0.00545400
v -0.01539000 -0.00771850 0.00545400
v -0.01539000 -0.00771850 0.00545400
v -0.01539000 -0.00771850 0.00545400
v -0.01575960 -0.00721050 0.00611100
v -0.01575960 -0.00721050 0.00611100
v -0.01575960 -0.00721050 0.00611100
v -0.01575960 -0.00721050 0.00611100
v -0.01575960 -0.00721050 0.00611100
v -0.01575960 -0.00721050 0.00611100
v -0.01612640 -0.00664550 0.00671900
v -0.01612640 -0.00664550 0.00671900
v -0.01612640 -0.00664550 0.00671900
v -0.01612640 -0.00664550 0.00671900
v -0.01612640 -0.00664550 0.00671900
v -0.01612640 -0.00664550 0.00671900
v -0.01649320 -0.00602950 0.00727400
v -0.01649320 -0.00602950 0.00727400
v -0.01649320 -0.00602950 0.00727400
v -0.01649320 -0.00602950 0.00727400
v -0.01649320 -0.00602950 0.00727400
v -0.01649320 -0.00602950 0.00727400
v -0.01686000 -0.00536650 0.00777500
v -0.01686000 -0.00536650 0.00777500
v -0.01686000 -0.00536650 0.00777500
v -0.01686000 -0.00536650 0.00777500
v -0.01686000 -0.00536650 0.00777500
v -0.01686000 -0.00536650 0.00777500
v -0.01722680 -0.00466350 0.00821600
v -0.01722680 -0.00466350 0.00821600
v -0.01722680 -0.00466350 0.00821600
v -0.01722680 -0.00466350 0.00821600
v -0.01722680 -0.00466350 0.00821600
v -0.01722680 -0.00466350 0.00821600
v -0.01759360 -0.00392450 0.00859500
v -0.01759360 -0.00392450 0.00859500
v -0.01759360 -0.00392450 0.00859500
v -0.01759360 -0.00392450 0.00859500
v -0.01759360 -0.00392450 0.00859500
v -0.01759360 -0.00392450 0.00859500
v -0.01796040 -0.00315550 0.00890800
v -0.01796040 -0.00315550 0.00890800
v -0.01796040 -0.00315550 0.00890800
v -0.01796040 -0.00315550 0.00890800
v -0.01796040 -0.00315550 0.00890800
v -0.01796040 -0.00315550 0.00890800
v -0.01832720 -0.00236250 0.00915200
v -0.01832720 -0.00236250 0.00915200
v -0.01832720 -0.00236250 0.00915200
v -0.01832720 -0.00236250 0.00915200
v -0.01832720 -0.00236250 0.00915200
v -0.01832720 -0.00236250 0.00915200
v -0.01869400 -0.00155050 0.00932300
v -0.01869400 -0.00155050 0.00932300
v -0.01869400 -0.00155050 0.00932300
v -0.01869400 -0.00155050 0.00932300
v -0.01869400 -0.00155050 0.00932300
v -0.01869400 -0.00155050 0.00932300
v -0.01325080 -0.00903650 -0.00000000
v -0.01325080 -0.00903650 -0.00000000
v -0.01325080 -0.00903650 -0.00000000
v -0.01325080 -0.00903650 -0.00000000
v -0.01362040 -0.00900150 0.00079300
v -0.01362040 -0.00900150 0.00079300
v -0.01362040 -0.00900150 0.00079300
v -0.01362040 -0.00900150 0.00079300
v -0.01362040 -0.00900150 0.00079300
v -0.01362040 -0.00900150 0.00079300
v -0.01398720 -0.00889450 0.00157900
v -0.01398720 -0.00889450 0.00157900
v -0.01398720 -0.00889450 0.00157900
v -0.01398720 -0.00889450 0.00157900
v -0.01398720 -0.00889450 0.00157900
v -0.01398720 -0.00889450 0.00157900
v -0.01435400 -0.00872050 0.00235400
v -0.01435400 -0.00872050 0.00235400
v -0.01435400 -0.00872050 0.00235400
v -0.01435400 -0.00872050 0.00235400
v -0.01435400 -0.00872050 0.00235400
v -0.01435400 -0.00872050 0.00235400
v -0.01472080 -0.00847950 0.00311000
v -0.01472080 -0.00847950 0.00311000
v -0.01472080 -0.00847950 0.00311000
v -0.01472080 -0.00847950 0.00311000
v -0.01472080 -0.00847950 0.00311000
v -0.01472080 -0.00847950 0.00311000
v -0.01508760 -0.00817450 0.00384300
v -0.01508760 -0.00817450 0.00384300
v -0.01508760 -0.00817450 0.00384300
v -0.01508760 -0.00817450 0.00384300
v -0.01508760 -0.00817450 0.00384300
v -0.01508760 -0.00817450 0.00384300
v -0.01545440 -0.00780750 0.00454600
v -0.01545440 -0.00780750 0.00454600
v -0.01545440 -0.00780750 0.00454600
v -0.01545440 -0.00780750 0.00454600
v -0.01545440 -0.00780750 0.00454600
v -0.01545440 -0.00780750 0.00454600
v -0.01582120 -0.00737950 0.00521500
v -0.01582120 -0.00737950 0.00521500
v -0.01582120 -0.00737950 0.00521500
v -0.01582120 -0.00737950 0.00521500
v -0.01582120 -0.00737950 0.00521500
v -0.01582120 -0.00737950 0.00521500
v -0.01619080 -0.00689450 0.00584200
v -0.01619080 -0.00689450 0.00584200
v -0.01619080 -0.00689450 0.00584200
v -0.01619080 -0.00689450 0.00584200
v -0.01619080 -0.00689450 0.00584200
v -0.01619080 -0.00689450 0.00584200
v -0.01655760 -0.00635350 0.00642400
v -0.01655760 -0.00635350 0.00642400
v -0.01655760 -0.00635350 0.00642400
v -0.01655760 -0.00635350 0.00642400
v -0.01655760 -0.00635350 0.00642400
v -0.01655760 -0.00635350 0.00642400
v -0.01692440 -0.00576450 0.00695500
v -0.01692440 -0.00576450 0.00695500
v -0.01692440 -0.00576450 0.00695500
v -0.01692440 -0.00576450 0.00695500
v -0.01692440 -0.00576450 0.00695500
v -0.01692440 -0.00576450 0.00695500
v -0.01729120 -0.00513150 0.00743300
v -0.01729120 -0.00513150 0.00743300
v -0.01729120 -0.00513150 0.00743300
v -0.01729120 -0.00513150 0.00743300
v -0.01729120 -0.00513150 0.00743300
v -0.01729120 -0.00513150 0.00743300
v -0.01765800 -0.00445850 0.00785500
v -0.01765800 -0.00445850 0.00785500
v -0.01765800 -0.00445850 0.00785500
v -0.01765800 -0.00445850 0.00785500
v -0.01765800 -0.00445850 0.00785500
v -0.01765800 -0.00445850 0.00785500
v -0.01802480 -0.00375250 0.00821700
v -0.01802480 -0.00375250 0.00821700
v -0.01802480 -0.00375250 0.00821700
v -0.01802480 -0.00375250 0.00821700
v -0.01802480 -0.00375250 0.00821700
v -0.01802480 -0.00375250 0.00821700
v -0.01839160 -0.00301750 0.00851700
v -0.01839160 -0.00301750 0.00851700
v -0.01839160 -0.00301750 0.00851700
v -0.01839160 -0.00301750 0.00851700
v -0.01839160 -0.00301750 0.00851700
v -0.01839160 -0.00301750 0.00851700
v -0.01390600 -0.00866150 -0.00000000
v -0.01390600 -0.00866150 -0.00000000
v -0.01390600 -0.00866150 -0.00000000
v -0.01390600 -0.00866150 -0.00000000
v -0.01427280 -0.00862650 0.00076000
v -0.01427280 -0.00862650 0.00076000
v -0.01427280 -0.00862650 0.00076000
v -0.01427280 -0.00862650 0.00076000
v -0.01427280 -0.00862650 0.00076000
v -0.01427280 -0.00862650 0.00076000
v -0.01463960 -0.00852550 0.00151400
v -0.01463960 -0.00852550 0.00151400
v -0.01463960 -0.00852550 0.00151400
v -0.01463960 -0.00852550 0.00151400
v -0.01463960 -0.00852550 0.00151400
v -0.01463960 -0.00852550 0.00151400
v -0.01500920 -0.00835750 0.00225600
v -0.01500920 -0.00835750 0.00225600
v -0.01500920 -0.00835750 0.00225600
v -0.01500920 -0.00835750 0.00225600
v -0.01500920 -0.00835750 0.00225600
v -0.01500920 -0.00835750 0.00225600
v -0.01537600 -0.00812750 0.00298100
v -0.01537600 -0.00812750 0.00298100
v -0.01537600 -0.00812750 0.00298100
v -0.01537600 -0.00812750 0.00298100
v -0.01537600 -0.00812750 0.00298100
v -0.01537600 -0.00812750 0.00298100
v -0.01574280 -0.00783450 0.00368300
v -0.01574280 -0.00783450 0.00368300
v -0.01574280 -0.00783450 0.00368300
v -0.01574280 -0.00783450 0.00368300
v -0.01574280 -0.00783450 0.00368300
v -0.01574280 -0.00783450 0.00368300
v -0.01610960 -0.00748250 0.00435700
v -0.01610960 -0.00748250 0.00435700
v -0.01610960 -0.00748250 0.00435700
v -0.01610960 -0.00748250 0.00435700
v -0.01610960 -0.00748250 0.00435700
v -0.01610960 -0.00748250 0.00435700
v -0.01647640 -0.00707350 0.00499800
v -0.01647640 -0.00707350 0.00499800
v -0.01647640 -0.00707350 0.00499800
v -0.01647640 -0.00707350 0.00499800
v -0.01647640 -0.00707350 0.00499800
v -0.01647640 -0.00707350 0.00499800
v -0.01684320 -0.00660750 0.00559900
v -0.01684320 -0.00660750 0.00559900
v -0.01684320 -0.00660750 0.00559900
v -0.01684320 -0.00660750 0.00559900
v -0.01684320 -0.00660750 0.00559900
v -0.01684320 -0.00660750 0.00559900
v -0.01721000 -0.00608950 0.00615700
v -0.01721000 -0.00608950 0.00615700
v -0.01721000 -0.00608950 0.00615700
v -0.01721000 -0.00608950 0.00615700
v -0.01721000 -0.00608950 0.00615700
v -0.01721000 -0.00608950 0.00615700
v -0.01757680 -0.00552450 0.00666600
v -0.01757680 -0.00552450 0.00666600
v -0.01757680 -0.00552450 0.00666600
v -0.01757680 -0.00552450 0.00666600
v -0.01757680 -0.00552450 0.00666600
v -0.01757680 -0.00552450 0.00666600
v -0.01794640 -0.00491750 0.00712400
v -0.01794640 -0.00491750 0.00712400
v -0.01794640 -0.00491750 0.00712400
v -0.01794640 -0.00491750 0.00712400
v -0.01794640 -0.00491750 0.00712400
v -0.01794640 -0.00491750 0.00712400
v -0.01831320 -0.00427350 0.00752800
v -0.01831320 -0.00427350 0.00752800
v -0.01831320 -0.00427350 0.00752800
v -0.01831320 -0.00427350 0.00752800
v -0.01831320 -0.00427350 0.00752800
v -0.01831320 -0.00427350 0.00752800
v -0.01868000 -0.00359650 0.00787600
v -0.01868000 -0.00359650 0.00787600
v -0.01868000 -0.00359650 0.00787600
v -0.01868000 -0.00359650 0.00787600
v -0.01868000 -0.00359650 0.00787600
v -0.01868000 -0.00359650 0.00787600
v -0.01476000 -0.00834050 -0.00000000
v -0.01476000 -0.00834050 -0.00000000
v -0.01476000 -0.00834050 -0.00000000
v -0.01476000 -0.00834050 -0.00000000
v -0.01512680 -0.00830750 0.00073200
v -0.01512680 -0.00830750 0.00073200
v -0.01512680 -0.00830750 0.00073200
v -0.01512680 -0.00830750 0.00073200
v -0.01512680 -0.00830750 0.00073200
v -0.01512680 -0.00830750 0.00073200
v -0.01549640 -0.00820950 0.00145800
v -0.01549640 -0.00820950 0.00145800
v -0.01549640 -0.00820950 0.00145800
v -0.01549640 -0.00820950 0.00145800
v -0.01549640 -0.00820950 0.00145800
v -0.01549640 -0.00820950 0.00145800
v -0.01586320 -0.00804850 0.00217200
v -0.01586320 -0.00804850 0.00217200
v -0.01586320 -0.00804850 0.00217200
v -0.01586320 -0.00804850 0.00217200
v -0.01586320 -0.00804850 0.00217200
v -0.01586320 -0.00804850 0.00217200
v -0.01623000 -0.00782650 0.00287000
v -0.01623000 -0.00782650 0.00287000
v -0.01623000 -0.00782650 0.00287000
v -0.01623000 -0.00782650 0.00287000
v -0.01623000 -0.00782650 0.00287000
v -0.01623000 -0.00782650 0.00287000
v -0.01659680 -0.00754450 0.00354700
v -0.01659680 -0.00754450 0.00354700
v -0.01659680 -0.00754450 0.00354700
v -0.01659680 -0.00754450 0.00354700
v -0.01659680 -0.00754450 0.00354700
v -0.01659680 -0.00754450 0.00354700
v -0.01696360 -0.00720550 0.00419600
v -0.01696360 -0.00720550 0.00419600
v -0.01696360 -0.00720550 0.00419600
v -0.01696360 -0.00720550 0.00419600
v -0.01696360 -0.00720550 0.00419600
v -0.01696360 -0.00720550 0.00419600
v -0.01733040 -0.00681150 0.00481300
v -0.01733040 -0.00681150 0.00481300
v -0.01733040 -0.00681150 0.00481300
v -0.01733040 -0.00681150 0.00481300
v -0.01733040 -0.00681150 0.00481300
v -0.01733040 -0.00681150 0.00481300
v -0.01769720 -0.00636250 0.00539200
v -0.01769720 -0.00636250 0.00539200
v -0.01769720 -0.00636250 0.00539200
v -0.01769720 -0.00636250 0.00539200
v -0.01769720 -0.00636250 0.00539200
v -0.01769720 -0.00636250 0.00539200
v -0.01806400 -0.00586450 0.00592900
v -0.01806400 -0.00586450 0.00592900
v -0.01806400 -0.00586450 0.00592900
v -0.01806400 -0.00586450 0.00592900
v -0.01806400 -0.00586450 0.00592900
v -0.01806400 -0.00586450 0.00592900
v -0.01843360 -0.00532050 0.00641900
v -0.01843360 -0.00532050 0.00641900
v -0.01843360 -0.00532050 0.00641900
v -0.01843360 -0.00532050 0.00641900
v -0.01843360 -0.00532050 0.00641900
v -0.01843360 -0.00532050 0.00641900
v -0.01577640 -0.00808750 -0.00000000
v -0.01577640 -0.00808750 -0.00000000
v -0.01577640 -0.00808750 -0.00000000
v -0.01577640 -0.00808750 -0.00000000
v -0.01614600 -0.00805550 0.00071000
v -0.01614600 -0.00805550 0.00071000
v -0.01614600 -0.00805550 0.00071000
v -0.01614600 -0.00805550 0.00071000
v -0.01614600 -0.00805550 0.00071000
v -0.01614600 -0.00805550 0.00071000
v -0.01651280 -0.00796050 0.00141300
v -0.01651280 -0.00796050 0.00141300
v -0.01651280 -0.00796050 0.00141300
v -0.01651280 -0.00796050 0.00141300
v -0.01651280 -0.00796050 0.00141300
v -0.01651280 -0.00796050 0.00141300
v -0.01687960 -0.00780450 0.00210600
v -0.01687960 -0.00780450 0.00210600
v -0.01687960 -0.00780450 0.00210600
v -0.01687960 -0.00780450 0.00210600
v -0.01687960 -0.00780450 0.00210600
v -0.01687960 -0.00780450 0.00210600
v -0.01724640 -0.00758950 0.00278300
v -0.01724640 -0.00758950 0.00278300
v -0.01724640 -0.00758950 0.00278300
v -0.01724640 -0.00758950 0.00278300
v -0.01724640 -0.00758950 0.00278300
v -0.01724640 -0.00758950 0.00278300
v -0.01761320 -0.00731650 0.00343900
v -0.01761320 -0.00731650 0.00343900
v -0.01761320 -0.00731650 0.00343900
v -0.01761320 -0.00731650 0.00343900
v -0.01761320 -0.00731650 0.00343900
v -0.01761320 -0.00731650 0.00343900
v -0.01798000 -0.00698750 0.00406900
v -0.01798000 -0.00698750 0.00406900
v -0.01798000 -0.00698750 0.00406900
v -0.01798000 -0.00698750 0.00406900
v -0.01798000 -0.00698750 0.00406900
v -0.01798000 -0.00698750 0.00406900
v -0.01834960 -0.00660450 0.00466700
v -0.01834960 -0.00660450 0.00466700
v -0.01834960 -0.00660450 0.00466700
v -0.01834960 -0.00660450 0.00466700
v -0.01834960 -0.00660450 0.00466700
v -0.01834960 -0.00660450 0.00466700
v -0.01871640 -0.00617050 0.00522900
v -0.01871640 -0.00617050 0.00522900
v -0.01871640 -0.00617050 0.00522900
v -0.01871640 -0.00617050 0.00522900
v -0.01871640 -0.00617050 0.00522900
v -0.01871640 -0.00617050 0.00522900
v -0.01691600 -0.00791250 -0.00000000
v -0.01691600 -0.00791250 -0.00000000
v -0.01691600 -0.00791250 -0.00000000
v -0.01691600 -0.00791250 -0.00000000
v -0.01728280 -0.00788150 0.00069400
v -0.01728280 -0.00788150 0.00069400
v -0.01728280 -0.00788150 0.00069400
v -0.01728280 -0.00788150 0.00069400
v -0.01728280 -0.00788150 0.00069400
v -0.01728280 -0.00788150 0.00069400
v -0.01764960 -0.00778850 0.00138300
v -0.01764960 -0.00778850 0.00138300
v -0.01764960 -0.00778850 0.00138300
v -0.01764960 -0.00778850 0.00138300
v -0.01764960 -0.00778850 0.00138300
v -0.01764960 -0.00778850 0.00138300
v -0.01801920 -0.00763550 0.00206100
v -0.01801920 -0.00763550 0.00206100
v -0.01801920 -0.00763550 0.00206100
v -0.01801920 -0.00763550 0.00206100
v -0.01801920 -0.00763550 0.00206100
v -0.01801920 -0.00763550 0.00206100
v -0.01838600 -0.00742550 0.00272300
v -0.01838600 -0.00742550 0.00272300
v -0.01838600 -0.00742550 0.00272300
v -0.01838600 -0.00742550 0.00272300
v -0.01838600 -0.00742550 0.00272300
v -0.01838600 -0.00742550 0.00272300
v -0.01813120 -0.00782350 -0.00000000
v -0.01813120 -0.00782350 -0.00000000
v -0.01813120 -0.00782350 -0.00000000
v -0.01813120 -0.00782350 -0.00000000
v -0.01849800 -0.00779350 0.00068600
v -0.01849800 -0.00779350 0.00068600
v -0.01849800 -0.00779350 0.00068600
v -0.01849800 -0.00779350 0.00068600
v -0.01849800 -0.00779350 0.00068600
v -0.01875000 -0.01215759 0.00068724
v -0.01875000 -0.01216823 0.00051290
v -0.01875000 -0.01199801 0.00197262
v -0.01875000 -0.01207172 0.00148732
v -0.01875000 -0.01175012 0.00305362
v -0.01875000 -0.01195226 0.00221875
v -0.01875000 -0.01142327 0.00401935
v -0.01875000 -0.01160126 0.00352688
v -0.01875000 -0.01136882 0.00416984
v -0.01875000 -0.01142327 0.00401935
v -0.01875000 -0.01092287 0.00513447
v -0.01875000 -0.01109469 0.00476255
v -0.01875000 -0.01039698 0.00605386
v -0.01875000 -0.01072476 0.00548102
v -0.01875000 -0.00984817 0.00682425
v -0.01875000 -0.01004639 0.00655718
v -0.01875000 -0.00978263 0.00691252
v -0.01875000 -0.00984817 0.00682425
v -0.01875000 -0.00908368 0.00769767
v -0.01875000 -0.00933126 0.00742037
v -0.01875000 -0.00832074 0.00841242
v -0.01875000 -0.00878395 0.00797882
v -0.01875000 -0.00759964 0.00895865
v -0.01875000 -0.00788570 0.00875250
v -0.01875000 -0.00749055 0.00903704
v -0.01875000 -0.00759964 0.00895865
v -0.01875000 -0.00660330 0.00956587
v -0.01875000 -0.00696324 0.00935237
v -0.01875000 -0.00568257 0.01001096
v -0.01875000 -0.00631487 0.00970629
v -0.01875000 -0.00499271 0.01023654
v -0.01875000 -0.00559506 0.01004423
v -0.01875000 -0.00471383 0.01032336
v -0.01875000 -0.00499271 0.01023654
v -0.01875000 -0.00373453 0.01054040
v -0.01875000 -0.00433453 0.01040864
v -0.01875000 -0.00306142 0.01057794
v -0.01875000 -0.00357643 0.01056082
v -0.01875000 -0.00273215 0.01058385
v -0.01875000 -0.00306142 0.01057794
v -0.01875000 -0.00192337 0.01049453
v -0.01875000 -0.00209637 0.01054304
v -0.01875000 -0.00173486 0.01043432
v -0.01875000 -0.00192337 0.01049453
v -0.01875000 -0.00115417 0.01006176
v -0.01875000 -0.00125432 0.01024327
v -0.01875000 -0.00130712 0.00948762
v -0.01875000 -0.00105370 0.00982289
v -0.01875000 -0.00227588 0.00874466
v -0.01875000 -0.00226053 0.00875783
v -0.01875000 -0.00226053 0.00875783
v -0.01875000 -0.00216615 0.00882474
v -0.01875000 -0.00346196 0.00793058
v -0.01875000 -0.00294858 0.00832281
v -0.01875000 -0.00481588 0.00680027
v -0.01875000 -0.00474624 0.00687652
v -0.01875000 -0.00474624 0.00687652
v -0.01875000 -0.00468771 0.00693000
v -0.01875000 -0.00419269 0.00738581
v -0.01875000 -0.00367107 0.00778606
v -0.01875000 -0.00612616 0.00527663
v -0.01875000 -0.00574469 0.00580785
v -0.01875000 -0.00574469 0.00580785
v -0.01875000 -0.00549877 0.00609266
v -0.01875000 -0.00715955 0.00336010
v -0.01875000 -0.00715789 0.00336518
v -0.01875000 -0.00715789 0.00336518
v -0.01875000 -0.00715688 0.00336755
v -0.01875000 -0.00688547 0.00400954
v -0.01875000 -0.00672514 0.00431028
v -0.01875000 -0.00655413 0.00463143
v -0.01875000 -0.00618320 0.00520007
v -0.01875000 -0.00773029 0.00115386
v -0.01875000 -0.00770972 0.00136851
v -0.01875000 -0.00770972 0.00136851
v -0.01875000 -0.00769254 0.00146122
v -0.01875000 -0.00758426 0.00204714
v -0.01875000 -0.00747931 0.00242813
v -0.01875000 -0.00782350 0.00000000
v -0.01875000 -0.00780218 0.00048748
v -0.01875000 -0.01214250 0.00000000
v -0.01875000 -0.01209793 0.00000000
v -0.01875000 -0.01201050 0.00000000
v -0.01875000 -0.01192269 0.00000000
v -0.01875000 -0.01179550 0.00000000
v -0.01875000 -0.01166852 0.00000000
v -0.01875000 -0.01150750 0.00000000
v -0.01875000 -0.01134628 0.00000000
v -0.01875000 -0.01115750 0.00000000
v -0.01875000 -0.01096843 0.00000000
v -0.01875000 -0.01075950 0.00000000
v -0.01875000 -0.01055114 0.00000000
v -0.01875000 -0.01033150 0.00000000
v -0.01875000 -0.01011167 0.00000000
v -0.01875000 -0.00988950 0.00000000
v -0.01875000 -0.00966709 0.00000000
v -0.01875000 -0.00945150 0.00000000
v -0.01875000 -0.00923617 0.00000000
v -0.01875000 -0.00903650 0.00000000
v -0.01875000 -0.00883712 0.00000000
v -0.01875000 -0.00866150 0.00000000
v -0.01875000 -0.00848548 0.00000000
v -0.01875000 -0.00834050 0.00000000
v -0.01875000 -0.00819554 0.00000000
v -0.01875000 -0.00808750 0.00000000
v -0.01875000 -0.00797926 0.00000000
v -0.01875000 -0.00791250 0.00000000
v -0.01875000 -0.00784595 0.00000000
v -0.01875000 -0.01216823 0.00051290
v -0.01875000 -0.01218750 0.00000000
v -0.01875000 -0.01211759 0.00115329
v -0.01875000 -0.01215759 0.00068724
v -0.01875000 -0.01207172 0.00148732
v -0.01875000 -0.01211759 0.00115329
v -0.01875000 -0.01195226 0.00221875
v -0.01875000 -0.01199801 0.00197262
v -0.01875000 -0.01172945 0.00313913
v -0.01875000 -0.01175012 0.00305362
v -0.01875000 -0.01171218 0.00319836
v -0.01875000 -0.01172945 0.00313913
v -0.01875000 -0.01160126 0.00352688
v -0.01875000 -0.01171218 0.00319836
v -0.01875000 -0.01109469 0.00476255
v -0.01875000 -0.01136882 0.00416984
v -0.01875000 -0.01072476 0.00548102
v -0.01875000 -0.01092287 0.00513447
v -0.01875000 -0.01031326 0.00617438
v -0.01875000 -0.01039698 0.00605386
v -0.01875000 -0.01004639 0.00655718
v -0.01875000 -0.01031326 0.00617438
v -0.01875000 -0.00933126 0.00742037
v -0.01875000 -0.00978263 0.00691252
v -0.01875000 -0.00878395 0.00797882
v -0.01875000 -0.00908368 0.00769767
v -0.01875000 -0.00820812 0.00850072
v -0.01875000 -0.00832074 0.00841242
v -0.01875000 -0.00788570 0.00875250
v -0.01875000 -0.00820812 0.00850072
v -0.01875000 -0.00696324 0.00935237
v -0.01875000 -0.00749055 0.00903704
v -0.01875000 -0.00631487 0.00970629
v -0.01875000 -0.00660330 0.00956587
v -0.01875000 -0.00565746 0.01002060
v -0.01875000 -0.00568257 0.01001096
v -0.01875000 -0.00559506 0.01004423
v -0.01875000 -0.00565746 0.01002060
v -0.01875000 -0.00433453 0.01040864
v -0.01875000 -0.00471383 0.01032336
v -0.01875000 -0.00368126 0.01054762
v -0.01875000 -0.00373453 0.01054040
v -0.01875000 -0.00357643 0.01056082
v -0.01875000 -0.00368126 0.01054762
v -0.01875000 -0.00246816 0.01056925
v -0.01875000 -0.00273215 0.01058385
v -0.01875000 -0.00209637 0.01054304
v -0.01875000 -0.00246816 0.01056925
v -0.01875000 -0.00146495 0.01033222
v -0.01875000 -0.00173486 0.01043432
v -0.01875000 -0.00125432 0.01024327
v -0.01875000 -0.00146495 0.01033222
v -0.01875000 -0.00105370 0.00982289
v -0.01875000 -0.00115417 0.01006176
v -0.01875000 -0.00142565 0.00933800
v -0.01875000 -0.00130712 0.00948762
v -0.01875000 -0.00216615 0.00882474
v -0.01875000 -0.00154167 0.00926988
v -0.01875000 -0.00154167 0.00926988
v -0.01875000 -0.00142565 0.00933800
v -0.01875000 -0.00294858 0.00832281
v -0.01875000 -0.00227588 0.00874466
v -0.01875000 -0.00468771 0.00693000
v -0.01875000 -0.00419269 0.00738581
v -0.01875000 -0.00367107 0.00778606
v -0.01875000 -0.00358560 0.00785207
v -0.01875000 -0.00358560 0.00785207
v -0.01875000 -0.00346196 0.00793058
v -0.01875000 -0.00549877 0.00609266
v -0.01875000 -0.00527038 0.00635861
v -0.01875000 -0.00527038 0.00635861
v -0.01875000 -0.00481588 0.00680027
v -0.01875000 -0.00715688 0.00336755
v -0.01875000 -0.00688547 0.00400954
v -0.01875000 -0.00672514 0.00431028
v -0.01875000 -0.00655413 0.00463143
v -0.01875000 -0.00618320 0.00520007
v -0.01875000 -0.00616654 0.00522566
v -0.01875000 -0.00616654 0.00522566
v -0.01875000 -0.00612616 0.00527663
v -0.01875000 -0.00769254 0.00146122
v -0.01875000 -0.00758426 0.00204714
v -0.01875000 -0.00747931 0.00242813
v -0.01875000 -0.00740028 0.00271399
v -0.01875000 -0.00740028 0.00271399
v -0.01875000 -0.00715955 0.00336010
v -0.01875000 -0.00780218 0.00048748
v -0.01875000 -0.00779350 0.00068600
v -0.01875000 -0.00779350 0.00068600
v -0.01875000 -0.00773029 0.00115386
v -0.01875000 -0.01218750 0.00000000
v -0.01875000 -0.01214250 0.00000000
v -0.01875000 -0.01209793 0.00000000
v -0.01875000 -0.01201050 0.00000000
v -0.01875000 -0.01192269 0.00000000
v -0.01875000 -0.01179550 0.00000000
v -0.01875000 -0.01166852 0.00000000
v -0.01875000 -0.01150750 0.00000000
v -0.01875000 -0.01134628 0.00000000
v -0.01875000 -0.01115750 0.00000000
v -0.01875000 -0.01096843 0.00000000
v -0.01875000 -0.01075950 0.00000000
v -0.01875000 -0.01055114 0.00000000
v -0.01875000 -0.01033150 0.00000000
v -0.01875000 -0.01011167 0.00000000
v -0.01875000 -0.00988950 0.00000000
v -0.01875000 -0.00966709 0.00000000
v -0.01875000 -0.00945150 0.00000000
v -0.01875000 -0.00923617 0.00000000
v -0.01875000 -0.00903650 0.00000000
v -0.01875000 -0.00883712 0.00000000
v -0.01875000 -0.00866150 0.00000000
v -0.01875000 -0.00848548 0.00000000
v -0.01875000 -0.00834050 0.00000000
v -0.01875000 -0.00819554 0.00000000
v -0.01875000 -0.00808750 0.00000000
v -0.01875000 -0.00797926 0.00000000
v -0.01875000 -0.00791250 0.00000000
v -0.01875000 -0.00784595 0.00000000
v -0.01875000 -0.00782350 0.00000000
vt 0.99516450 0.99401200
vt 0.99516450 0.99401200
vt 0.50200050 0.99814100
vt 0.50200050 0.99814100
vt 0.99833450 0.99618100
vt 0.99833450 0.99618100
vt 0.99833450 0.99618100
vt 0.50066300 0.00107000
vt 0.50066300 0.00107000
vt 0.50066300 0.00107000
vt 0.50164700 0.00989500
vt 0.50164700 0.00989500
vt 0.50140700 0.00772500
vt 0.50140700 0.00772500
vt 0.50140700 0.00772500
vt 0.99871750 0.00576500
vt 0.99871750 0.00576500
vt 0.99810150 0.00674300
vt 0.99810150 0.00674300
vt 0.99810150 0.00674300
vt 0.99754700 0.00509500
vt 0.99754700 0.00509500
vt 0.99695950 0.99137900
vt 0.99695950 0.99137900
vt 0.99855400 0.00544500
vt 0.99855400 0.00544500
vt 0.99855400 0.00544500
vt 0.99648500 0.99803700
vt 0.99648500 0.99803700
vt 0.99648500 0.99803700
vt 0.50195950 0.99740500
vt 0.50195950 0.99740500
vt 0.50220300 0.99955500
vt 0.50220300 0.99955500
vt 0.50220300 0.99955500
vt 0.50004750 0.01112100
vt 0.50004750 0.01112100
vt 0.99927200 0.00696300
vt 0.99927200 0.00696300
vt 0.99927200 0.00696300
vt 0.99481100 0.99990600
vt 0.99481100 0.99990600
vt 0.99809400 0.99596500
vt 0.99809400 0.99596500
vt 0.99614800 0.00088400
vt 0.99614800 0.00088400
vt 0.99614800 0.00088400
vt 0.99931100 0.99813500
vt 0.99931100 0.99813500
vt 0.99931100 0.99813500
vt 0.50200050 0.99618800
vt 0.50200050 0.99618800
vt 0.50164000 0.99716300
vt 0.50164000 0.99716300
vt 0.50164000 0.99716300
vt 0.50067050 0.00208200
vt 0.50067050 0.00208200
vt 0.50043050 0.00381900
vt 0.50043050 0.00381900
vt 0.50043050 0.00381900
vt 0.99969400 0.00403500
vt 0.99969400 0.00403500
vt 0.99907050 0.99596500
vt 0.99907050 0.99596500
vt 0.99676400 0.00185900
vt 0.99676400 0.00185900
vt 0.50200050 0.99618800
vt 0.50200050 0.99618800
vt 0.99691250 0.99713400
vt 0.99691250 0.99713400
vt 0.99691250 0.99713400
vt 0.50028750 0.99422800
vt 0.50028750 0.99422800
vt 0.50028750 0.99422800
vt 0.99968650 0.99911600
vt 0.99968650 0.99911600
vt 0.99968650 0.99911600
vt 0.99945350 0.00186600
vt 0.99945350 0.00186600
vt 0.99945350 0.00186600
vt 0.25000000 0.50000000
vt 0.25000000 0.50000000
vt 0.25000000 0.50000000
vt 0.25000000 0.50000000
vt 0.25000000 0.50000000
vt 0.25000000 0.50000000
vt 0.25000000 0.50000000
vt 0.25000000 0.50000000
vt 0.25000000 0.50000000
vt 0.25000000 0.50000000
vt 0.25000000 0.50000000
vt 0.25000000 0.50000000
vt 0.25000000 0.50000000
vt 0.25000000 0.50000000
vt 0.25000000 0.50000000
vt 0.25000000 0.50000000
vt 0.25000000 0.50000000
vt 0.25000000 0.50000000
vt 0.25000000 0.50000000
vt 0.25000000 0.50000000
vt 0.25000000 0.50000000
vt 0.25000000 0.50000000
vt 0.25000000 0.50000000
vt 0.25000000 0.50000000
vt 0.25000000 0.50000000
vt 0.25000000 0.50000000
vt 0.25000000 0.50000000
vt 0.25000000 0.50000000
vt 0.25000000 0.50000000
vt 0.25000000 0.50000000
vt 0.25000000 0.50000000
vt 0.25000000 0.50000000
vt 0.25000000 0.50000000
vt 0.25000000 0.50000000
vt 0.25000000 0.50000000
vt 0.25000000 0.50000000
vt 0.25000000 0.50000000
vt 0.25000000 0.50000000
vt 0.25000000 0.50000000
vt 0.25000000 0.50000000
vt 0.25000000 0.50000000
vt 0.25000000 0.50000000
vt 0.25000000 0.50000000
vt 0.25000000 0.50000000
vt 0.25000000 0.50000000
vt 0.25000000 0.50000000
vt 0.25000000 0.50000000
vt 0.25000000 0.50000000
vt 0.25000000 0.50000000
vt 0.25000000 0.50000000
vt 0.25000000 0.50000000
vt 0.25000000 0.50000000
vt 0.25000000 0.50000000
vt 0.25000000 0.50000000
vt 0.25000000 0.50000000
vt 0.25000000 0.50000000
vt 0.25000000 0.50000000
vt 0.25000000 0.50000000
vt 0.25000000 0.50000000
vt 0.25000000 0.50000000
vt 0.25000000 0.50000000
vt 0.25000000 0.50000000
vt 0.25000000 0.50000000
vt 0.25000000 0.50000000
vt 0.25000000 0.50000000
vt 0.25000000 0.50000000
vt 0.25000000 0.50000000
vt 0.25000000 0.50000000
vt 0.25000000 0.50000000
vt 0.25000000 0.50000000
vt 0.25000000 0.50000000
vt 0.25000000 0.50000000
vt 0.25000000 0.50000000
vt 0.25000000 0.50000000
vt 0.25000000 0.50000000
vt 0.25000000 0.50000000
vt 0.25000000 0.50000000
vt 0.25000000 0.50000000
vt 0.25000000 0.50000000
vt 0.25000000 0.50000000
vt 0.25000000 0.50000000
vt 0.25000000 0.50000000
vt 0.25000000 0.50000000
vt 0.25000000 0.50000000
vt 0.25000000 0.50000000
vt 0.25000000 0.50000000
vt 0.25000000 0.50000000
vt 0.25000000 0.50000000
vt 0.25000000 0.50000000
vt 0.25000000 0.50000000
vt 0.25000000 0.50000000
vt 0.25000000 0.50000000
vt 0.25000000 0.50000000
vt 0.25000000 0.50000000
vt 0.25000000 0.50000000
vt 0.25000000 0.50000000
vt 0.25000000 0.50000000
vt 0.25000000 0.50000000
vt 0.25000000 0.50000000
vt 0.25000000 0.50000000
vt 0.25000000 0.50000000
vt 0.25000000 0.50000000
vt 0.25000000 0.50000000
vt 0.25000000 0.50000000
vt 0.25000000 0.50000000
vt 0.25000000 0.50000000
vt 0.25000000 0.50000000
vt 0.25000000 0.50000000
vt 0.25000000 0.50000000
vt 0.25000000 0.50000000
vt 0.25000000 0.50000000
vt 0.25000000 0.50000000
vt 0.25000000 0.50000000
vt 0.25000000 0.50000000
vt 0.25000000 0.50000000
vt 0.25000000 0.50000000
vt 0.25000000 0.50000000
vt 0.25000000 0.50000000
vt 0.25000000 0.50000000
vt 0.25000000 0.50000000
vt 0.25000000 0.50000000
vt 0.25000000 0.50000000
vt 0.25000000 0.50000000
vt 0.25000000 0.50000000
vt 0.25000000 0.50000000
vt 0.25000000 0.50000000
vt 0.25000000 0.50000000
vt 0.25000000 0.50000000
vt 0.25000000 0.50000000
vt 0.25000000 0.50000000
vt 0.25000000 0.50000000
vt 0.25000000 0.50000000
vt 0.25000000 0.50000000
vt 0.25000000 0.50000000
vt 0.25000000 0.50000000
vt 0.25000000 0.50000000
vt 0.25000000 0.50000000
vt 0.25000000 0.50000000
vt 0.25000000 0.50000000
vt 0.25000000 0.50000000
vt 0.25000000 0.50000000
vt 0.25000000 0.50000000
vt 0.25000000 0.50000000
vt 0.25000000 0.50000000
vt 0.25000000 0.50000000
vt 0.25000000 0.50000000
vt 0.25000000 0.50000000
vt 0.25000000 0.50000000
vt 0.25000000 0.50000000
vt 0.25000000 0.50000000
vt 0.25000000 0.50000000
vt 0.25000000 0.50000000
vt 0.25000000 0.50000000
vt 0.25000000 0.50000000
vt 0.25000000 0.50000000
vt 0.25000000 0.50000000
vt 0.25000000 0.50000000
vt 0.25000000 0.50000000
vt 0.25000000 0.50000000
vt 0.25000000 0.50000000
vt 0.25000000 0.50000000
vt 0.25000000 0.50000000
vt 0.25000000 0.50000000
vt 0.25000000 0.50000000
vt 0.25000000 0.50000000
vt 0.25000000 0.50000000
vt 0.25000000 0.50000000
vt 0.25000000 0.50000000
vt 0.25000000 0.50000000
vt 0.25000000 0.50000000
vt 0.25000000 0.50000000
vt 0.25000000 0.50000000
vt 0.25000000 0.50000000
vt 0.25000000 0.50000000
vt 0.25000000 0.50000000
vt 0.25000000 0.50000000
vt 0.25000000 0.50000000
vt 0.25000000 0.50000000
vt 0.25000000 0.50000000
vt 0.25000000 0.50000000
vt 0.25000000 0.50000000
vt 0.25000000 0.50000000
vt 0.25000000 0.50000000
vt 0.25000000 0.50000000
vt 0.25000000 0.50000000
vt 0.25000000 0.50000000
vt 0.25000000 0.50000000
vt 0.25000000 0.50000000
vt 0.25000000 0.50000000
vt 0.25000000 0.50000000
vt 0.25000000 0.50000000
vt 0.25000000 0.50000000
vt 0.25000000 0.50000000
vt 0.25000000 0.50000000
vt 0.25000000 0.50000000
vt 0.25000000 0.50000000
vt 0.25000000 0.50000000
vt 0.25000000 0.50000000
vt 0.25000000 0.50000000
vt 0.25000000 0.50000000
vt 0.25000000 0.50000000
vt 0.25000000 0.50000000
vt 0.25000000 0.50000000
vt 0.25000000 0.50000000
vt 0.25000000 0.50000000
vt 0.25000000 0.50000000
vt 0.25000000 0.50000000
vt 0.25000000 0.50000000
vt 0.25000000 0.50000000
vt 0.25000000 0.50000000
vt 0.25000000 0.50000000
vt 0.25000000 0.50000000
vt 0.25000000 0.50000000
vt 0.25000000 0.50000000
vt 0.25000000 0.50000000
vt 0.25000000 0.50000000
vt 0.25000000 0.50000000
vt 0.25000000 0.50000000
vt 0.25000000 0.50000000
vt 0.25000000 0.50000000
vt 0.25000000 0.50000000
vt 0.25000000 0.50000000
vt 0.25000000 0.50000000
vt 0.25000000 0.50000000
vt 0.25000000 0.50000000
vt 0.25000000 0.50000000
vt 0.25000000 0.50000000
vt 0.25000000 0.50000000
vt 0.25000000 0.50000000
vt 0.25000000 0.50000000
vt 0.25000000 0.50000000
vt 0.25000000 0.50000000
vt 0.25000000 0.50000000
vt 0.25000000 0.50000000
vt 0.25000000 0.50000000
vt 0.25000000 0.50000000
vt 0.25000000 0.50000000
vt 0.25000000 0.50000000
vt 0.25000000 0.50000000
vt 0.25000000 0.50000000
vt 0.25000000 0.50000000
vt 0.25000000 0.50000000
vt 0.25000000 0.50000000
vt 0.25000000 0.50000000
vt 0.25000000 0.50000000
vt 0.25000000 0.50000000
vt 0.25000000 0.50000000
vt 0.25000000 0.50000000
vt 0.25000000 0.50000000
vt 0.25000000 0.50000000
vt 0.25000000 0.50000000
vt 0.25000000 0.50000000
vt 0.25000000 0.50000000
vt 0.25000000 0.50000000
vt 0.25000000 0.50000000
vt 0.25000000 0.50000000
vt 0.25000000 0.50000000
vt 0.25000000 0.50000000
vt 0.25000000 0.50000000
vt 0.25000000 0.50000000
vt 0.25000000 0.50000000
vt 0.25000000 0.50000000
vt 0.25000000 0.50000000
vt 0.25000000 0.50000000
vt 0.25000000 0.50000000
vt 0.25000000 0.50000000
vt 0.25000000 0.50000000
vt 0.25000000 0.50000000
vt 0.25000000 0.50000000
vt 0.25000000 0.50000000
vt 0.25000000 0.50000000
vt 0.25000000 0.50000000
vt 0.25000000 0.50000000
vt 0.25000000 0.50000000
vt 0.25000000 0.50000000
vt 0.25000000 0.50000000
vt 0.25000000 0.50000000
vt 0.25000000 0.50000000
vt 0.25000000 0.50000000
vt 0.25000000 0.50000000
vt 0.25000000 0.50000000
vt 0.25000000 0.50000000
vt 0.25000000 0.50000000
vt 0.25000000 0.50000000
vt 0.25000000 0.50000000
vt 0.25000000 0.50000000
vt 0.25000000 0.50000000
vt 0.25000000 0.50000000
vt 0.25000000 0.50000000
vt 0.25000000 0.50000000
vt 0.25000000 0.50000000
vt 0.25000000 0.50000000
vt 0.25000000 0.50000000
vt 0.25000000 0.50000000
vt 0.25000000 0.50000000
vt 0.25000000 0.50000000
vt 0.25000000 0.50000000
vt 0.25000000 0.50000000
vt 0.25000000 0.50000000
vt 0.25000000 0.50000000
vt 0.25000000 0.50000000
vt 0.25000000 0.50000000
vt 0.25000000 0.50000000
vt 0.25000000 0.50000000
vt 0.25000000 0.50000000
vt 0.25000000 0.50000000
vt 0.25000000 0.50000000
vt 0.25000000 0.50000000
vt 0.25000000 0.50000000
vt 0.25000000 0.50000000
vt 0.25000000 0.50000000
vt 0.25000000 0.50000000
vt 0.25000000 0.50000000
vt 0.25000000 0.50000000
vt 0.25000000 0.50000000
vt 0.25000000 0.50000000
vt 0.25000000 0.50000000
vt 0.25000000 0.50000000
vt 0.25000000 0.50000000
vt 0.25000000 0.50000000
vt 0.25000000 0.50000000
vt 0.25000000 0.50000000
vt 0.25000000 0.50000000
vt 0.25000000 0.50000000
vt 0.25000000 0.50000000
vt 0.25000000 0.50000000
vt 0.25000000 0.50000000
vt 0.25000000 0.50000000
vt 0.25000000 0.50000000
vt 0.25000000 0.50000000
vt 0.25000000 0.50000000
vt 0.25000000 0.50000000
vt 0.25000000 0.50000000
vt 0.25000000 0.50000000
vt 0.25000000 0.50000000
vt 0.25000000 0.50000000
vt 0.25000000 0.50000000
vt 0.25000000 0.50000000
vt 0.25000000 0.50000000
vt 0.25000000 0.50000000
vt 0.25000000 0.50000000
vt 0.25000000 0.50000000
vt 0.25000000 0.50000000
vt 0.25000000 0.50000000
vt 0.25000000 0.50000000
vt 0.25000000 0.50000000
vt 0.25000000 0.50000000
vt 0.25000000 0.50000000
vt 0.25000000 0.50000000
vt 0.25000000 0.50000000
vt 0.25000000 0.50000000
vt 0.25000000 0.50000000
vt 0.25000000 0.50000000
vt 0.25000000 0.50000000
vt 0.25000000 0.50000000
vt 0.25000000 0.50000000
vt 0.25000000 0.50000000
vt 0.25000000 0.50000000
vt 0.25000000 0.50000000
vt 0.25000000 0.50000000
vt 0.25000000 0.50000000
vt 0.25000000 0.50000000
vt 0.25000000 0.50000000
vt 0.25000000 0.50000000
vt 0.25000000 0.50000000
vt 0.25000000 0.50000000
vt 0.25000000 0.50000000
vt 0.25000000 0.50000000
vt 0.25000000 0.50000000
vt 0.25000000 0.50000000
vt 0.25000000 0.50000000
vt 0.25000000 0.50000000
vt 0.25000000 0.50000000
vt 0.25000000 0.50000000
vt 0.25000000 0.50000000
vt 0.25000000 0.50000000
vt 0.25000000 0.50000000
vt 0.25000000 0.50000000
vt 0.25000000 0.50000000
vt 0.25000000 0.50000000
vt 0.25000000 0.50000000
vt 0.25000000 0.50000000
vt 0.25000000 0.50000000
vt 0.25000000 0.50000000
vt 0.25000000 0.50000000
vt 0.25000000 0.50000000
vt 0.25000000 0.50000000
vt 0.25000000 0.50000000
vt 0.25000000 0.50000000
vt 0.25000000 0.50000000
vt 0.25000000 0.50000000
vt 0.25000000 0.50000000
vt 0.25000000 0.50000000
vt 0.25000000 0.50000000
vt 0.25000000 0.50000000
vt 0.25000000 0.50000000
vt 0.25000000 0.50000000
vt 0.25000000 0.50000000
vt 0.25000000 0.50000000
vt 0.25000000 0.50000000
vt 0.25000000 0.50000000
vt 0.25000000 0.50000000
vt 0.25000000 0.50000000
vt 0.25000000 0.50000000
vt 0.25000000 0.50000000
vt 0.25000000 0.50000000
vt 0.25000000 0.50000000
vt 0.25000000 0.50000000
vt 0.25000000 0.50000000
vt 0.25000000 0.50000000
vt 0.25000000 0.50000000
vt 0.25000000 0.50000000
vt 0.25000000 0.50000000
vt 0.25000000 0.50000000
vt 0.25000000 0.50000000
vt 0.25000000 0.50000000
vt 0.25000000 0.50000000
vt 0.25000000 0.50000000
vt 0.25000000 0.50000000
vt 0.25000000 0.50000000
vt 0.25000000 0.50000000
vt 0.25000000 0.50000000
vt 0.25000000 0.50000000
vt 0.25000000 0.50000000
vt 0.25000000 0.50000000
vt 0.25000000 0.50000000
vt 0.25000000 0.50000000
vt 0.25000000 0.50000000
vt 0.25000000 0.50000000
vt 0.25000000 0.50000000
vt 0.25000000 0.50000000
vt 0.25000000 0.50000000
vt 0.25000000 0.50000000
vt 0.25000000 0.50000000
vt 0.25000000 0.50000000
vt 0.25000000 0.50000000
vt 0.25000000 0.50000000
vt 0.25000000 0.50000000
vt 0.25000000 0.50000000
vt 0.25000000 0.50000000
vt 0.25000000 0.50000000
vt 0.25000000 0.50000000
vt 0.25000000 0.50000000
vt 0.25000000 0.50000000
vt 0.25000000 0.50000000
vt 0.25000000 0.50000000
vt 0.25000000 0.50000000
vt 0.25000000 0.50000000
vt 0.25000000 0.50000000
vt 0.25000000 0.50000000
vt 0.25000000 0.50000000
vt 0.25000000 0.50000000
vt 0.25000000 0.50000000
vt 0.25000000 0.50000000
vt 0.25000000 0.50000000
vt 0.25000000 0.50000000
vt 0.25000000 0.50000000
vt 0.25000000 0.50000000
vt 0.25000000 0.50000000
vt 0.25000000 0.50000000
vt 0.25000000 0.50000000
vt 0.25000000 0.50000000
vt 0.25000000 0.50000000
vt 0.25000000 0.50000000
vt 0.25000000 0.50000000
vt 0.25000000 0.50000000
vt 0.25000000 0.50000000
vt 0.25000000 0.50000000
vt 0.25000000 0.50000000
vt 0.25000000 0.50000000
vt 0.25000000 0.50000000
vt 0.25000000 0.50000000
vt 0.25000000 0.50000000
vt 0.25000000 0.50000000
vt 0.25000000 0.50000000
vt 0.25000000 0.50000000
vt 0.25000000 0.50000000
vt 0.25000000 0.50000000
vt 0.25000000 0.50000000
vt 0.25000000 0.50000000
vt 0.25000000 0.50000000
vt 0.25000000 0.50000000
vt 0.25000000 0.50000000
vt 0.25000000 0.50000000
vt 0.25000000 0.50000000
vt 0.25000000 0.50000000
vt 0.25000000 0.50000000
vt 0.25000000 0.50000000
vt 0.25000000 0.50000000
vt 0.25000000 0.50000000
vt 0.25000000 0.50000000
vt 0.25000000 0.50000000
vt 0.25000000 0.50000000
vt 0.25000000 0.50000000
vt 0.25000000 0.50000000
vt 0.25000000 0.50000000
vt 0.25000000 0.50000000
vt 0.25000000 0.50000000
vt 0.25000000 0.50000000
vt 0.25000000 0.50000000
vt 0.25000000 0.50000000
vt 0.25000000 0.50000000
vt 0.25000000 0.50000000
vt 0.25000000 0.50000000
vt 0.25000000 0.50000000
vt 0.25000000 0.50000000
vt 0.25000000 0.50000000
vt 0.25000000 0.50000000
vt 0.25000000 0.50000000
vt 0.25000000 0.50000000
vt 0.25000000 0.50000000
vt 0.25000000 0.50000000
vt 0.25000000 0.50000000
vt 0.25000000 0.50000000
vt 0.25000000 0.50000000
vt 0.25000000 0.50000000
vt 0.25000000 0.50000000
vt 0.25000000 0.50000000
vt 0.25000000 0.50000000
vt 0.25000000 0.50000000
vt 0.25000000 0.50000000
vt 0.25000000 0.50000000
vt 0.25000000 0.50000000
vt 0.25000000 0.50000000
vt 0.25000000 0.50000000
vt 0.25000000 0.50000000
vt 0.25000000 0.50000000
vt 0.25000000 0.50000000
vt 0.25000000 0.50000000
vt 0.25000000 0.50000000
vt 0.25000000 0.50000000
vt 0.25000000 0.50000000
vt 0.25000000 0.50000000
vt 0.25000000 0.50000000
vt 0.25000000 0.50000000
vt 0.25000000 0.50000000
vt 0.25000000 0.50000000
vt 0.25000000 0.50000000
vt 0.25000000 0.50000000
vt 0.25000000 0.50000000
vt 0.25000000 0.50000000
vt 0.25000000 0.50000000
vt 0.25000000 0.50000000
vt 0.25000000 0.50000000
vt 0.25000000 0.50000000
vt 0.25000000 0.50000000
vt 0.25000000 0.50000000
vt 0.25000000 0.50000000
vt 0.25000000 0.50000000
vt 0.25000000 0.50000000
vt 0.25000000 0.50000000
vt 0.25000000 0.50000000
vt 0.25000000 0.50000000
vt 0.25000000 0.50000000
vt 0.25000000 0.50000000
vt 0.25000000 0.50000000
vt 0.25000000 0.50000000
vt 0.25000000 0.50000000
vt 0.25000000 0.50000000
vt 0.25000000 0.50000000
vt 0.25000000 0.50000000
vt 0.25000000 0.50000000
vt 0.25000000 0.50000000
vt 0.25000000 0.50000000
vt 0.25000000 0.50000000
vt 0.25000000 0.50000000
vt 0.25000000 0.50000000
vt 0.25000000 0.50000000
vt 0.25000000 0.50000000
vt 0.25000000 0.50000000
vt 0.25000000 0.50000000
vt 0.25000000 0.50000000
vt 0.25000000 0.50000000
vt 0.25000000 0.50000000
vt 0.25000000 0.50000000
vt 0.25000000 0.50000000
vt 0.25000000 0.50000000
vt 0.25000000 0.50000000
vt 0.25000000 0.50000000
vt 0.25000000 0.50000000
vt 0.25000000 0.50000000
vt 0.25000000 0.50000000
vt 0.25000000 0.50000000
vt 0.25000000 0.50000000
vt 0.25000000 0.50000000
vt 0.25000000 0.50000000
vt 0.25000000 0.50000000
vt 0.25000000 0.50000000
vt 0.25000000 0.50000000
vt 0.25000000 0.50000000
vt 0.25000000 0.50000000
vt 0.25000000 0.50000000
vt 0.25000000 0.50000000
vt 0.25000000 0.50000000
vt 0.25000000 0.50000000
vt 0.25000000 0.50000000
vt 0.25000000 0.50000000
vt 0.25000000 0.50000000
vt 0.25000000 0.50000000
vt 0.25000000 0.50000000
vt 0.25000000 0.50000000
vt 0.25000000 0.50000000
vt 0.25000000 0.50000000
vt 0.25000000 0.50000000
vt 0.25000000 0.50000000
vt 0.25000000 0.50000000
vt 0.25000000 0.50000000
vt 0.25000000 0.50000000
vt 0.25000000 0.50000000
vt 0.25000000 0.50000000
vt 0.25000000 0.50000000
vt 0.25000000 0.50000000
vt 0.25000000 0.50000000
vt 0.25000000 0.50000000
vt 0.25000000 0.50000000
vt 0.25000000 0.50000000
vt 0.25000000 0.50000000
vt 0.25000000 0.50000000
vt 0.25000000 0.50000000
vt 0.25000000 0.50000000
vt 0.25000000 0.50000000
vt 0.25000000 0.50000000
vt 0.25000000 0.50000000
vt 0.25000000 0.50000000
vt 0.25000000 0.50000000
vt 0.25000000 0.50000000
vt 0.25000000 0.50000000
vt 0.25000000 0.50000000
vt 0.25000000 0.50000000
vt 0.25000000 0.50000000
vt 0.25000000 0.50000000
vt 0.25000000 0.50000000
vt 0.25000000 0.50000000
vt 0.25000000 0.50000000
vt 0.25000000 0.50000000
vt 0.25000000 0.50000000
vt 0.25000000 0.50000000
vt 0.25000000 0.50000000
vt 0.25000000 0.50000000
vt 0.25000000 0.50000000
vt 0.25000000 0.50000000
vt 0.25000000 0.50000000
vt 0.25000000 0.50000000
vt 0.25000000 0.50000000
vt 0.25000000 0.50000000
vt 0.25000000 0.50000000
vt 0.25000000 0.50000000
vt 0.25000000 0.50000000
vt 0.25000000 0.50000000
vt 0.25000000 0.50000000
vt 0.25000000 0.50000000
vt 0.25000000 0.50000000
vt 0.25000000 0.50000000
vt 0.25000000 0.50000000
vt 0.25000000 0.50000000
vt 0.25000000 0.50000000
vt 0.25000000 0.50000000
vt 0.25000000 0.50000000
vt 0.25000000 0.50000000
vt 0.25000000 0.50000000
vt 0.25000000 0.50000000
vt 0.25000000 0.50000000
vt 0.25000000 0.50000000
vt 0.25000000 0.50000000
vt 0.25000000 0.50000000
vt 0.25000000 0.50000000
vt 0.25000000 0.50000000
vt 0.25000000 0.50000000
vt 0.25000000 0.50000000
vt 0.25000000 0.50000000
vt 0.25000000 0.50000000
vt 0.25000000 0.50000000
vt 0.25000000 0.50000000
vt 0.25000000 0.50000000
vt 0.25000000 0.50000000
vt 0.25000000 0.50000000
vt 0.25000000 0.50000000
vt 0.25000000 0.50000000
vt 0.25000000 0.50000000
vt 0.25000000 0.50000000
vt 0.25000000 0.50000000
vt 0.25000000 0.50000000
vt 0.25000000 0.50000000
vt 0.25000000 0.50000000
vt 0.25000000 0.50000000
vt 0.25000000 0.50000000
vt 0.25000000 0.50000000
vt 0.25000000 0.50000000
vt 0.25000000 0.50000000
vt 0.25000000 0.50000000
vt 0.25000000 0.50000000
vt 0.25000000 0.50000000
vt 0.25000000 0.50000000
vt 0.25000000 0.50000000
vt 0.25000000 0.50000000
vt 0.25000000 0.50000000
vt 0.25000000 0.50000000
vt 0.25000000 0.50000000
vt 0.25000000 0.50000000
vt 0.25000000 0.50000000
vt 0.25000000 0.50000000
vt 0.25000000 0.50000000
vt 0.25000000 0.50000000
vt 0.25000000 0.50000000
vt 0.25000000 0.50000000
vt 0.25000000 0.50000000
vt 0.25000000 0.50000000
vt 0.25000000 0.50000000
vt 0.25000000 0.50000000
vt 0.25000000 0.50000000
vt 0.25000000 0.50000000
vt 0.25000000 0.50000000
vt 0.25000000 0.50000000
vt 0.25000000 0.50000000
vt 0.25000000 0.50000000
vt 0.25000000 0.50000000
vt 0.25000000 0.50000000
vt 0.25000000 0.50000000
vt 0.25000000 0.50000000
vt 0.25000000 0.50000000
vt 0.25000000 0.50000000
vt 0.25000000 0.50000000
vt 0.25000000 0.50000000
vt 0.25000000 0.50000000
vt 0.25000000 0.50000000
vt 0.25000000 0.50000000
vt 0.25000000 0.50000000
vt 0.25000000 0.50000000
vt 0.25000000 0.50000000
vt 0.25000000 0.50000000
vt 0.25000000 0.50000000
vt 0.25000000 0.50000000
vt 0.25000000 0.50000000
vt 0.25000000 0.50000000
vt 0.25000000 0.50000000
vt 0.25000000 0.50000000
vt 0.25000000 0.50000000
vt 0.25000000 0.50000000
vt 0.25000000 0.50000000
vt 0.25000000 0.50000000
vt 0.25000000 0.50000000
vt 0.25000000 0.50000000
vt 0.25000000 0.50000000
vt 0.25000000 0.50000000
vt 0.25000000 0.50000000
vt 0.25000000 0.50000000
vt 0.25000000 0.50000000
vt 0.25000000 0.50000000
vt 0.25000000 0.50000000
vt 0.25000000 0.50000000
vt 0.25000000 0.50000000
vt 0.25000000 0.50000000
vt 0.25000000 0.50000000
vt 0.25000000 0.50000000
vt 0.25000000 0.50000000
vt 0.25000000 0.50000000
vt 0.25000000 0.50000000
vt 0.25000000 0.50000000
vt 0.25000000 0.50000000
vt 0.25000000 0.50000000
vt 0.25000000 0.50000000
vt 0.25000000 0.50000000
vt 0.25000000 0.50000000
vt 0.25000000 0.50000000
vt 0.25000000 0.50000000
vt 0.25000000 0.50000000
vt 0.25000000 0.50000000
vt 0.25000000 0.50000000
vt 0.25000000 0.50000000
vt 0.25000000 0.50000000
vt 0.25000000 0.50000000
vt 0.25000000 0.50000000
vt 0.25000000 0.50000000
vt 0.25000000 0.50000000
vt 0.25000000 0.50000000
vt 0.25000000 0.50000000
vt 0.25000000 0.50000000
vt 0.25000000 0.50000000
vt 0.25000000 0.50000000
vt 0.25000000 0.50000000
vt 0.25000000 0.50000000
vt 0.25000000 0.50000000
vt 0.25000000 0.50000000
vt 0.25000000 0.50000000
vt 0.25000000 0.50000000
vt 0.25000000 0.50000000
vt 0.25000000 0.50000000
vt 0.25000000 0.50000000
vt 0.25000000 0.50000000
vt 0.25000000 0.50000000
vt 0.25000000 0.50000000
vt 0.25000000 0.50000000
vt 0.25000000 0.50000000
vt 0.25000000 0.50000000
vt 0.25000000 0.50000000
vt 0.25000000 0.50000000
vt 0.25000000 0.50000000
vt 0.25000000 0.50000000
vt 0.25000000 0.50000000
vt 0.25000000 0.50000000
vt 0.25000000 0.50000000
vt 0.25000000 0.50000000
vt 0.25000000 0.50000000
vt 0.25000000 0.50000000
vt 0.25000000 0.50000000
vt 0.25000000 0.50000000
vt 0.25000000 0.50000000
vt 0.25000000 0.50000000
vt 0.25000000 0.50000000
vt 0.25000000 0.50000000
vt 0.25000000 0.50000000
vt 0.25000000 0.50000000
vt 0.25000000 0.50000000
vt 0.25000000 0.50000000
vt 0.25000000 0.50000000
vt 0.25000000 0.50000000
vt 0.25000000 0.50000000
vt 0.25000000 0.50000000
vt 0.25000000 0.50000000
vt 0.25000000 0.50000000
vt 0.25000000 0.50000000
vt 0.25000000 0.50000000
vt 0.25000000 0.50000000
vt 0.25000000 0.50000000
vt 0.25000000 0.50000000
vt 0.25000000 0.50000000
vt 0.25000000 0.50000000
vt 0.25000000 0.50000000
vt 0.25000000 0.50000000
vt 0.25000000 0.50000000
vt 0.25000000 0.50000000
vt 0.25000000 0.50000000
vt 0.25000000 0.50000000
vt 0.25000000 0.50000000
vt 0.25000000 0.50000000
vt 0.25000000 0.50000000
vt 0.25000000 0.50000000
vt 0.25000000 0.50000000
vt 0.25000000 0.50000000
vt 0.25000000 0.50000000
vt 0.25000000 0.50000000
vt 0.25000000 0.50000000
vt 0.25000000 0.50000000
vt 0.25000000 0.50000000
vt 0.25000000 0.50000000
vt 0.25000000 0.50000000
vt 0.25000000 0.50000000
vt 0.25000000 0.50000000
vt 0.25000000 0.50000000
vt 0.25000000 0.50000000
vt 0.25000000 0.50000000
vt 0.25000000 0.50000000
vt 0.25000000 0.50000000
vt 0.25000000 0.50000000
vt 0.25000000 0.50000000
vt 0.25000000 0.50000000
vt 0.25000000 0.50000000
vt 0.25000000 0.50000000
vt 0.25000000 0.50000000
vt 0.25000000 0.50000000
vt 0.25000000 0.50000000
vt 0.25000000 0.50000000
vt 0.25000000 0.50000000
vt 0.25000000 0.50000000
vt 0.25000000 0.50000000
vt 0.25000000 0.50000000
vt 0.25000000 0.50000000
vt 0.25000000 0.50000000
vt 0.25000000 0.50000000
vt 0.25000000 0.50000000
vt 0.25000000 0.50000000
vt 0.25000000 0.50000000
vt 0.25000000 0.50000000
vt 0.25000000 0.50000000
vt 0.25000000 0.50000000
vt 0.25000000 0.50000000
vt 0.25000000 0.50000000
vt 0.25000000 0.50000000
vt 0.25000000 0.50000000
vt 0.25000000 0.50000000
vt 0.25000000 0.50000000
vt 0.25000000 0.50000000
vt 0.25000000 0.50000000
vt 0.25000000 0.50000000
vt 0.25000000 0.50000000
vt 0.25000000 0.50000000
vt 0.25000000 0.50000000
vt 0.25000000 0.50000000
vt 0.25000000 0.50000000
vt 0.25000000 0.50000000
vt 0.25000000 0.50000000
vt 0.25000000 0.50000000
vt 0.25000000 0.50000000
vt 0.25000000 0.50000000
vt 0.25000000 0.50000000
vt 0.25000000 0.50000000
vt 0.25000000 0.50000000
vt 0.25000000 0.50000000
vt 0.25000000 0.50000000
vt 0.25000000 0.50000000
vt 0.25000000 0.50000000
vt 0.25000000 0.50000000
vt 0.25000000 0.50000000
vt 0.25000000 0.50000000
vt 0.25000000 0.50000000
vt 0.25000000 0.50000000
vt 0.25000000 0.50000000
vt 0.25000000 0.50000000
vt 0.25000000 0.50000000
vt 0.25000000 0.50000000
vt 0.25000000 0.50000000
vt 0.25000000 0.50000000
vt 0.25000000 0.50000000
vt 0.25000000 0.50000000
vt 0.25000000 0.50000000
vt 0.25000000 0.50000000
vt 0.25000000 0.50000000
vt 0.25000000 0.50000000
vt 0.25000000 0.50000000
vt 0.25000000 0.50000000
vt 0.25000000 0.50000000
vt 0.25000000 0.50000000
vt 0.25000000 0.50000000
vt 0.25000000 0.50000000
vt 0.25000000 0.50000000
vt 0.25000000 0.50000000
vt 0.25000000 0.50000000
vt 0.25000000 0.50000000
vt 0.25000000 0.50000000
vt 0.25000000 0.50000000
vt 0.25000000 0.50000000
vt 0.25000000 0.50000000
vt 0.25000000 0.50000000
vt 0.25000000 0.50000000
vt 0.25000000 0.50000000
vt 0.25000000 0.50000000
vt 0.25000000 0.50000000
vt 0.25000000 0.50000000
vt 0.25000000 0.50000000
vt 0.25000000 0.50000000
vt 0.25000000 0.50000000
vt 0.25000000 0.50000000
vt 0.25000000 0.50000000
vt 0.25000000 0.50000000
vt 0.25000000 0.50000000
vt 0.25000000 0.50000000
vt 0.25000000 0.50000000
vt 0.25000000 0.50000000
vt 0.25000000 0.50000000
vt 0.25000000 0.50000000
vt 0.25000000 0.50000000
vt 0.25000000 0.50000000
vt 0.25000000 0.50000000
vt 0.25000000 0.50000000
vt 0.25000000 0.50000000
vt 0.25000000 0.50000000
vt 0.25000000 0.50000000
vt 0.25000000 0.50000000
vt 0.25000000 0.50000000
vt 0.25000000 0.50000000
vt 0.25000000 0.50000000
vt 0.25000000 0.50000000
vt 0.25000000 0.50000000
vt 0.25000000 0.50000000
vt 0.25000000 0.50000000
vt 0.25000000 0.50000000
vt 0.25000000 0.50000000
vt 0.25000000 0.50000000
vt 0.25000000 0.50000000
vt 0.25000000 0.50000000
vt 0.25000000 0.50000000
vt 0.25000000 0.50000000
vt 0.25000000 0.50000000
vt 0.25000000 0.50000000
vt 0.25000000 0.50000000
vt 0.25000000 0.50000000
vt 0.25000000 0.50000000
vt 0.25000000 0.50000000
vt 0.25000000 0.50000000
vt 0.25000000 0.50000000
vt 0.25000000 0.50000000
vt 0.25000000 0.50000000
vt 0.25000000 0.50000000
vt 0.25000000 0.50000000
vt 0.25000000 0.50000000
vt 0.25000000 0.50000000
vt 0.25000000 0.50000000
vt 0.25000000 0.50000000
vt 0.25000000 0.50000000
vt 0.25000000 0.50000000
vt 0.25000000 0.50000000
vt 0.25000000 0.50000000
vt 0.25000000 0.50000000
vt 0.25000000 0.50000000
vt 0.25000000 0.50000000
vt 0.25000000 0.50000000
vt 0.25000000 0.50000000
vt 0.25000000 0.50000000
vt 0.25000000 0.50000000
vt 0.25000000 0.50000000
vt 0.25000000 0.50000000
vt 0.25000000 0.50000000
vt 0.25000000 0.50000000
vt 0.25000000 0.50000000
vt 0.25000000 0.50000000
vt 0.25000000 0.50000000
vt 0.25000000 0.50000000
vt 0.25000000 0.50000000
vt 0.25000000 0.50000000
vt 0.25000000 0.50000000
vt 0.25000000 0.50000000
vt 0.25000000 0.50000000
vt 0.25000000 0.50000000
vt 0.25000000 0.50000000
vt 0.25000000 0.50000000
vt 0.25000000 0.50000000
vt 0.25000000 0.50000000
vt 0.25000000 0.50000000
vt 0.25000000 0.50000000
vt 0.25000000 0.50000000
vt 0.25000000 0.50000000
vt 0.25000000 0.50000000
vt 0.25000000 0.50000000
vt 0.25000000 0.50000000
vt 0.25000000 0.50000000
vt 0.25000000 0.50000000
vt 0.25000000 0.50000000
vt 0.25000000 0.50000000
vt 0.25000000 0.50000000
vt 0.25000000 0.50000000
vt 0.25000000 0.50000000
vt 0.25000000 0.50000000
vt 0.25000000 0.50000000
vt 0.25000000 0.50000000
vt 0.25000000 0.50000000
vt 0.25000000 0.50000000
vt 0.25000000 0.50000000
vt 0.25000000 0.50000000
vt 0.25000000 0.50000000
vt 0.25000000 0.50000000
vt 0.25000000 0.50000000
vt 0.25000000 0.50000000
vt 0.25000000 0.50000000
vt 0.25000000 0.50000000
vt 0.25000000 0.50000000
vt 0.25000000 0.50000000
vt 0.25000000 0.50000000
vt 0.25000000 0.50000000
vt 0.25000000 0.50000000
vt 0.25000000 0.50000000
vt 0.25000000 0.50000000
vt 0.25000000 0.50000000
vt 0.25000000 0.50000000
vt 0.25000000 0.50000000
vt 0.25000000 0.50000000
vt 0.25000000 0.50000000
vt 0.25000000 0.50000000
vt 0.25000000 0.50000000
vt 0.25000000 0.50000000
vt 0.25000000 0.50000000
vt 0.25000000 0.50000000
vt 0.25000000 0.50000000
vt 0.25000000 0.50000000
vt 0.25000000 0.50000000
vt 0.25000000 0.50000000
vt 0.25000000 0.50000000
vt 0.25000000 0.50000000
vt 0.25000000 0.50000000
vt 0.25000000 0.50000000
vt 0.25000000 0.50000000
vt 0.25000000 0.50000000
vt 0.25000000 0.50000000
vt 0.25000000 0.50000000
vt 0.25000000 0.50000000
vt 0.25000000 0.50000000
vt 0.25000000 0.50000000
vt 0.25000000 0.50000000
vt 0.25000000 0.50000000
vt 0.25000000 0.50000000
vt 0.25000000 0.50000000
vt 0.25000000 0.50000000
vt 0.25000000 0.50000000
vt 0.25000000 0.50000000
vt 0.25000000 0.50000000
vt 0.25000000 0.50000000
vt 0.25000000 0.50000000
vt 0.25000000 0.50000000
vt 0.25000000 0.50000000
vt 0.25000000 0.50000000
vt 0.25000000 0.50000000
vt 0.25000000 0.50000000
vt 0.25000000 0.50000000
vt 0.25000000 0.50000000
vt 0.25000000 0.50000000
vt 0.25000000 0.50000000
vt 0.25000000 0.50000000
vt 0.25000000 0.50000000
vt 0.25000000 0.50000000
vt 0.25000000 0.50000000
vt 0.25000000 0.50000000
vt 0.25000000 0.50000000
vt 0.25000000 0.50000000
vt 0.25000000 0.50000000
vt 0.25000000 0.50000000
vt 0.25000000 0.50000000
vt 0.25000000 0.50000000
vt 0.25000000 0.50000000
vt 0.25000000 0.50000000
vt 0.25000000 0.50000000
vt 0.25000000 0.50000000
vt 0.25000000 0.50000000
vt 0.25000000 0.50000000
vt 0.25000000 0.50000000
vt 0.25000000 0.50000000
vt 0.25000000 0.50000000
vt 0.25000000 0.50000000
vt 0.25000000 0.50000000
vt 0.25000000 0.50000000
vt 0.25000000 0.50000000
vt 0.25000000 0.50000000
vt 0.25000000 0.50000000
vt 0.25000000 0.50000000
vt 0.25000000 0.50000000
vt 0.25000000 0.50000000
vt 0.25000000 0.50000000
vt 0.25000000 0.50000000
vt 0.25000000 0.50000000
vt 0.25000000 0.50000000
vt 0.25000000 0.50000000
vt 0.25000000 0.50000000
vt 0.25000000 0.50000000
vt 0.25000000 0.50000000
vt 0.25000000 0.50000000
vt 0.25000000 0.50000000
vt 0.25000000 0.50000000
vt 0.25000000 0.50000000
vt 0.25000000 0.50000000
vt 0.25000000 0.50000000
vt 0.25000000 0.50000000
vt 0.25000000 0.50000000
vt 0.25000000 0.50000000
vt 0.25000000 0.50000000
vt 0.25000000 0.50000000
vt 0.25000000 0.50000000
vt 0.25000000 0.50000000
vt 0.25000000 0.50000000
vt 0.25000000 0.50000000
vt 0.25000000 0.50000000
vt 0.25000000 0.50000000
vt 0.25000000 0.50000000
vt 0.25000000 0.50000000
vt 0.25000000 0.50000000
vt 0.25000000 0.50000000
vt 0.25000000 0.50000000
vt 0.25000000 0.50000000
vt 0.25000000 0.50000000
vt 0.25000000 0.50000000
vt 0.25000000 0.50000000
vt 0.25000000 0.50000000
vt 0.25000000 0.50000000
vt 0.25000000 0.50000000
vt 0.25000000 0.50000000
vt 0.25000000 0.50000000
vt 0.25000000 0.50000000
vt 0.25000000 0.50000000
vt 0.25000000 0.50000000
vt 0.25000000 0.50000000
vt 0.25000000 0.50000000
vt 0.25000000 0.50000000
vt 0.25000000 0.50000000
vt 0.25000000 0.50000000
vt 0.25000000 0.50000000
vt 0.25000000 0.50000000
vt 0.25000000 0.50000000
vt 0.25000000 0.50000000
vt 0.25000000 0.50000000
vt 0.25000000 0.50000000
vt 0.25000000 0.50000000
vt 0.25000000 0.50000000
vt 0.25000000 0.50000000
vt 0.25000000 0.50000000
vt 0.25000000 0.50000000
vt 0.25000000 0.50000000
vt 0.25000000 0.50000000
vt 0.25000000 0.50000000
vt 0.25000000 0.50000000
vt 0.25000000 0.50000000
vt 0.25000000 0.50000000
vt 0.25000000 0.50000000
vt 0.25000000 0.50000000
vt 0.25000000 0.50000000
vt 0.25000000 0.50000000
vt 0.25000000 0.50000000
vt 0.25000000 0.50000000
vt 0.25000000 0.50000000
vt 0.25000000 0.50000000
vt 0.25000000 0.50000000
vt 0.25000000 0.50000000
vt 0.25000000 0.50000000
vt 0.25000000 0.50000000
vt 0.25000000 0.50000000
vt 0.25000000 0.50000000
vt 0.25000000 0.50000000
vt 0.25000000 0.50000000
vt 0.25000000 0.50000000
vt 0.25000000 0.50000000
vt 0.25000000 0.50000000
vt 0.25000000 0.50000000
vt 0.25000000 0.50000000
vt 0.25000000 0.50000000
vt 0.25000000 0.50000000
vt 0.25000000 0.50000000
vt 0.25000000 0.50000000
vt 0.25000000 0.50000000
vt 0.25000000 0.50000000
vt 0.25000000 0.50000000
vt 0.25000000 0.50000000
vt 0.25000000 0.50000000
vt 0.25000000 0.50000000
vt 0.25000000 0.50000000
vt 0.25000000 0.50000000
vt 0.25000000 0.50000000
vt 0.25000000 0.50000000
vt 0.25000000 0.50000000
vt 0.25000000 0.50000000
vt 0.25000000 0.50000000
vt 0.25000000 0.50000000
vt 0.25000000 0.50000000
vt 0.25000000 0.50000000
vt 0.25000000 0.50000000
vt 0.25000000 0.50000000
vt 0.25000000 0.50000000
vt 0.25000000 0.50000000
vt 0.25000000 0.50000000
vt 0.25000000 0.50000000
vt 0.25000000 0.50000000
vt 0.25000000 0.50000000
vt 0.25000000 0.50000000
vt 0.25000000 0.50000000
vt 0.25000000 0.50000000
vt 0.25000000 0.50000000
vt 0.25000000 0.50000000
vt 0.25000000 0.50000000
vt 0.25000000 0.50000000
vt 0.25000000 0.50000000
vt 0.25000000 0.50000000
vt 0.25000000 0.50000000
vt 0.25000000 0.50000000
vt 0.25000000 0.50000000
vt 0.25000000 0.50000000
vt 0.25000000 0.50000000
vt 0.25000000 0.50000000
vt 0.25000000 0.50000000
vt 0.25000000 0.50000000
vt 0.25000000 0.50000000
vt 0.25000000 0.50000000
vt 0.25000000 0.50000000
vt 0.25000000 0.50000000
vt 0.25000000 0.50000000
vt 0.25000000 0.50000000
vt 0.25000000 0.50000000
vt 0.25000000 0.50000000
vt 0.25000000 0.50000000
vt 0.25000000 0.50000000
vt 0.25000000 0.50000000
vt 0.25000000 0.50000000
vt 0.25000000 0.50000000
vt 0.25000000 0.50000000
vt 0.25000000 0.50000000
vt 0.25000000 0.50000000
vt 0.25000000 0.50000000
vt 0.25000000 0.50000000
vt 0.25000000 0.50000000
vt 0.25000000 0.50000000
vt 0.25000000 0.50000000
vt 0.25000000 0.50000000
vt 0.25000000 0.50000000
vt 0.25000000 0.50000000
vt 0.25000000 0.50000000
vt 0.25000000 0.50000000
vt 0.25000000 0.50000000
vt 0.25000000 0.50000000
vt 0.25000000 0.50000000
vt 0.25000000 0.50000000
vt 0.25000000 0.50000000
vt 0.25000000 0.50000000
vt 0.25000000 0.50000000
vt 0.25000000 0.50000000
vt 0.25000000 0.50000000
vt 0.25000000 0.50000000
vt 0.25000000 0.50000000
vt 0.25000000 0.50000000
vt 0.25000000 0.50000000
vt 0.25000000 0.50000000
vt 0.25000000 0.50000000
vt 0.25000000 0.50000000
vt 0.25000000 0.50000000
vt 0.25000000 0.50000000
vt 0.25000000 0.50000000
vt 0.25000000 0.50000000
vt 0.25000000 0.50000000
vt 0.25000000 0.50000000
vt 0.25000000 0.50000000
vt 0.25000000 0.50000000
vt 0.25000000 0.50000000
vt 0.25000000 0.50000000
vt 0.25000000 0.50000000
vt 0.25000000 0.50000000
vt 0.25000000 0.50000000
vt 0.25000000 0.50000000
vt 0.25000000 0.50000000
vt 0.25000000 0.50000000
vt 0.25000000 0.50000000
vt 0.25000000 0.50000000
vt 0.25000000 0.50000000
vt 0.25000000 0.50000000
vt 0.25000000 0.50000000
vt 0.25000000 0.50000000
vt 0.25000000 0.50000000
vt 0.25000000 0.50000000
vt 0.25000000 0.50000000
vt 0.25000000 0.50000000
vt 0.25000000 0.50000000
vt 0.25000000 0.50000000
vt 0.25000000 0.50000000
vt 0.25000000 0.50000000
vt 0.25000000 0.50000000
vt 0.25000000 0.50000000
vt 0.25000000 0.50000000
vt 0.25000000 0.50000000
vt 0.25000000 0.50000000
vt 0.25000000 0.50000000
vt 0.25000000 0.50000000
vt 0.25000000 0.50000000
vt 0.25000000 0.50000000
vt 0.25000000 0.50000000
vt 0.25000000 0.50000000
vt 0.25000000 0.50000000
vt 0.25000000 0.50000000
vt 0.25000000 0.50000000
vt 0.25000000 0.50000000
vt 0.25000000 0.50000000
vt 0.25000000 0.50000000
vt 0.25000000 0.50000000
vt 0.25000000 0.50000000
vt 0.25000000 0.50000000
vt 0.25000000 0.50000000
vt 0.25000000 0.50000000
vt 0.25000000 0.50000000
vt 0.25000000 0.50000000
vt 0.25000000 0.50000000
vt 0.25000000 0.50000000
vt 0.25000000 0.50000000
vt 0.25000000 0.50000000
vt 0.25000000 0.50000000
vt 0.25000000 0.50000000
vt 0.25000000 0.50000000
vt 0.25000000 0.50000000
vt 0.25000000 0.50000000
vt 0.25000000 0.50000000
vt 0.25000000 0.50000000
vt 0.25000000 0.50000000
vt 0.25000000 0.50000000
vt 0.25000000 0.50000000
vt 0.25000000 0.50000000
vt 0.25000000 0.50000000
vt 0.25000000 0.50000000
vt 0.25000000 0.50000000
vt 0.25000000 0.50000000
vt 0.25000000 0.50000000
vt 0.25000000 0.50000000
vt 0.25000000 0.50000000
vt 0.25000000 0.50000000
vt 0.25000000 0.50000000
vt 0.25000000 0.50000000
vt 0.25000000 0.50000000
vt 0.25000000 0.50000000
vt 0.25000000 0.50000000
vt 0.25000000 0.50000000
vt 0.25000000 0.50000000
vt 0.25000000 0.50000000
vt 0.25000000 0.50000000
vt 0.25000000 0.50000000
vt 0.25000000 0.50000000
vt 0.25000000 0.50000000
vt 0.25000000 0.50000000
vt 0.25000000 0.50000000
vt 0.25000000 0.50000000
vt 0.25000000 0.50000000
vt 0.25000000 0.50000000
vt 0.25000000 0.50000000
vt 0.25000000 0.50000000
vt 0.25000000 0.50000000
vt 0.25000000 0.50000000
vt 0.25000000 0.50000000
vt 0.25000000 0.50000000
vt 0.25000000 0.50000000
vt 0.25000000 0.50000000
vt 0.25000000 0.50000000
vt 0.25000000 0.50000000
vt 0.25000000 0.50000000
vt 0.25000000 0.50000000
vt 0.25000000 0.50000000
vt 0.25000000 0.50000000
vt 0.25000000 0.50000000
vt 0.25000000 0.50000000
vt 0.25000000 0.50000000
vt 0.25000000 0.50000000
vt 0.25000000 0.50000000
vt 0.25000000 0.50000000
vt 0.25000000 0.50000000
vt 0.25000000 0.50000000
vt 0.25000000 0.50000000
vt 0.25000000 0.50000000
vt 0.25000000 0.50000000
vt 0.25000000 0.50000000
vt 0.25000000 0.50000000
vt 0.25000000 0.50000000
vt 0.25000000 0.50000000
vt 0.25000000 0.50000000
vt 0.25000000 0.50000000
vt 0.25000000 0.50000000
vt 0.25000000 0.50000000
vt 0.25000000 0.50000000
vt 0.25000000 0.50000000
vt 0.25000000 0.50000000
vt 0.25000000 0.50000000
vt 0.25000000 0.50000000
vt 0.25000000 0.50000000
vt 0.25000000 0.50000000
vt 0.25000000 0.50000000
vt 0.25000000 0.50000000
vt 0.25000000 0.50000000
vt 0.25000000 0.50000000
vt 0.25000000 0.50000000
vt 0.25000000 0.50000000
vt 0.25000000 0.50000000
vt 0.25000000 0.50000000
vt 0.25000000 0.50000000
vt 0.25000000 0.50000000
vt 0.25000000 0.50000000
vt 0.25000000 0.50000000
vt 0.25000000 0.50000000
vt 0.25000000 0.50000000
vt 0.25000000 0.50000000
vt 0.25000000 0.50000000
vt 0.25000000 0.50000000
vt 0.25000000 0.50000000
vt 0.25000000 0.50000000
vt 0.25000000 0.50000000
vt 0.25000000 0.50000000
vt 0.25000000 0.50000000
vt 0.25000000 0.50000000
vt 0.25000000 0.50000000
vt 0.25000000 0.50000000
vt 0.25000000 0.50000000
vt 0.25000000 0.50000000
vt 0.25000000 0.50000000
vt 0.25000000 0.50000000
vt 0.25000000 0.50000000
vt 0.25000000 0.50000000
vt 0.25000000 0.50000000
vt 0.25000000 0.50000000
vt 0.25000000 0.50000000
vt 0.25000000 0.50000000
vt 0.25000000 0.50000000
vt 0.25000000 0.50000000
vt 0.25000000 0.50000000
vt 0.25000000 0.50000000
vt 0.25000000 0.50000000
vt 0.25000000 0.50000000
vt 0.25000000 0.50000000
vt 0.25000000 0.50000000
vt 0.25000000 0.50000000
vt 0.25000000 0.50000000
vt 0.25000000 0.50000000
vt 0.25000000 0.50000000
vt 0.25000000 0.50000000
vt 0.25000000 0.50000000
vt 0.25000000 0.50000000
vt 0.25000000 0.50000000
vt 0.25000000 0.50000000
vt 0.25000000 0.50000000
vt 0.25000000 0.50000000
vt 0.25000000 0.50000000
vt 0.25000000 0.50000000
vt 0.25000000 0.50000000
vt 0.25000000 0.50000000
vt 0.25000000 0.50000000
vt 0.25000000 0.50000000
vt 0.25000000 0.50000000
vt 0.25000000 0.50000000
vt 0.25000000 0.50000000
vt 0.25000000 0.50000000
vt 0.25000000 0.50000000
vt 0.25000000 0.50000000
vt 0.25000000 0.50000000
vt 0.25000000 0.50000000
vt 0.25000000 0.50000000
vt 0.25000000 0.50000000
vt 0.25000000 0.50000000
vt 0.25000000 0.50000000
vt 0.25000000 0.50000000
vt 0.25000000 0.50000000
vt 0.25000000 0.50000000
vt 0.25000000 0.50000000
vt 0.25000000 0.50000000
vt 0.25000000 0.50000000
vt 0.25000000 0.50000000
vt 0.25000000 0.50000000
vt 0.25000000 0.50000000
vt 0.25000000 0.50000000
vt 0.25000000 0.50000000
vt 0.25000000 0.50000000
vt 0.25000000 0.50000000
vt 0.25000000 0.50000000
vt 0.25000000 0.50000000
vt 0.25000000 0.50000000
vt 0.25000000 0.50000000
vt 0.25000000 0.50000000
vt 0.25000000 0.50000000
vt 0.25000000 0.50000000
vt 0.25000000 0.50000000
vt 0.25000000 0.50000000
vt 0.25000000 0.50000000
vt 0.25000000 0.50000000
vt 0.25000000 0.50000000
vt 0.25000000 0.50000000
vt 0.25000000 0.50000000
vt 0.25000000 0.50000000
vt 0.25000000 0.50000000
vt 0.25000000 0.50000000
vt 0.25000000 0.50000000
vt 0.25000000 0.50000000
vt 0.25000000 0.50000000
vt 0.25000000 0.50000000
vt 0.25000000 0.50000000
vt 0.25000000 0.50000000
vt 0.25000000 0.50000000
vt 0.25000000 0.50000000
vt 0.25000000 0.50000000
vt 0.25000000 0.50000000
vt 0.25000000 0.50000000
vt 0.25000000 0.50000000
vt 0.25000000 0.50000000
vt 0.25000000 0.50000000
vt 0.25000000 0.50000000
vt 0.25000000 0.50000000
vt 0.25000000 0.50000000
vt 0.25000000 0.50000000
vt 0.25000000 0.50000000
vt 0.25000000 0.50000000
vt 0.25000000 0.50000000
vt 0.25000000 0.50000000
vt 0.25000000 0.50000000
vt 0.25000000 0.50000000
vt 0.25000000 0.50000000
vt 0.25000000 0.50000000
vt 0.25000000 0.50000000
vt 0.25000000 0.50000000
vt 0.25000000 0.50000000
vt 0.25000000 0.50000000
vt 0.25000000 0.50000000
vt 0.25000000 0.50000000
vt 0.25000000 0.50000000
vt 0.25000000 0.50000000
vt 0.25000000 0.50000000
vt 0.25000000 0.50000000
vt 0.25000000 0.50000000
vt 0.25000000 0.50000000
vt 0.25000000 0.50000000
vt 0.25000000 0.50000000
vt 0.25000000 0.50000000
vt 0.25000000 0.50000000
vt 0.25000000 0.50000000
vt 0.25000000 0.50000000
vt 0.25000000 0.50000000
vt 0.25000000 0.50000000
vt 0.25000000 0.50000000
vt 0.25000000 0.50000000
vt 0.25000000 0.50000000
vt 0.25000000 0.50000000
vt 0.25000000 0.50000000
vt 0.25000000 0.50000000
vt 0.25000000 0.50000000
vt 0.25000000 0.50000000
vt 0.25000000 0.50000000
vt 0.25000000 0.50000000
vt 0.25000000 0.50000000
vt 0.25000000 0.50000000
vt 0.25000000 0.50000000
vt 0.25000000 0.50000000
vt 0.25000000 0.50000000
vt 0.25000000 0.50000000
vt 0.25000000 0.50000000
vt 0.25000000 0.50000000
vt 0.25000000 0.50000000
vt 0.25000000 0.50000000
vt 0.25000000 0.50000000
vt 0.25000000 0.50000000
vt 0.25000000 0.50000000
vt 0.25000000 0.50000000
vt 0.25000000 0.50000000
vt 0.25000000 0.50000000
vt 0.25000000 0.50000000
vt 0.25000000 0.50000000
vt 0.25000000 0.50000000
vt 0.25000000 0.50000000
vt 0.25000000 0.50000000
vt 0.25000000 0.50000000
vt 0.25000000 0.50000000
vt 0.25000000 0.50000000
vt 0.25000000 0.50000000
vt 0.25000000 0.50000000
vt 0.25000000 0.50000000
vt 0.25000000 0.50000000
vt 0.25000000 0.50000000
vt 0.25000000 0.50000000
vt 0.25000000 0.50000000
vt 0.25000000 0.50000000
vt 0.25000000 0.50000000
vt 0.25000000 0.50000000
vt 0.25000000 0.50000000
vt 0.25000000 0.50000000
vt 0.25000000 0.50000000
vt 0.25000000 0.50000000
vt 0.25000000 0.50000000
vt 0.25000000 0.50000000
vt 0.25000000 0.50000000
vt 0.25000000 0.50000000
vt 0.25000000 0.50000000
vt 0.25000000 0.50000000
vt 0.25000000 0.50000000
vt 0.25000000 0.50000000
vt 0.25000000 0.50000000
vt 0.25000000 0.50000000
vt 0.25000000 0.50000000
vt 0.25000000 0.50000000
vt 0.25000000 0.50000000
vt 0.25000000 0.50000000
vt 0.25000000 0.50000000
vt 0.25000000 0.50000000
vt 0.25000000 0.50000000
vt 0.25000000 0.50000000
vt 0.25000000 0.50000000
vt 0.25000000 0.50000000
vt 0.25000000 0.50000000
vt 0.25000000 0.50000000
vt 0.25000000 0.50000000
vt 0.25000000 0.50000000
vt 0.25000000 0.50000000
vt 0.25000000 0.50000000
vt 0.25000000 0.50000000
vt 0.25000000 0.50000000
vt 0.25000000 0.50000000
vt 0.25000000 0.50000000
vt 0.25000000 0.50000000
vt 0.25000000 0.50000000
vt 0.25000000 0.50000000
vt 0.25000000 0.50000000
vt 0.25000000 0.50000000
vt 0.25000000 0.50000000
vt 0.25000000 0.50000000
vt 0.25000000 0.50000000
vt 0.25000000 0.50000000
vt 0.25000000 0.50000000
vt 0.25000000 0.50000000
vt 0.25000000 0.50000000
vt 0.25000000 0.50000000
vt 0.25000000 0.50000000
vt 0.25000000 0.50000000
vt 0.25000000 0.50000000
vt 0.25000000 0.50000000
vt 0.25000000 0.50000000
vt 0.25000000 0.50000000
vt 0.25000000 0.50000000
vt 0.25000000 0.50000000
vt 0.25000000 0.50000000
vt 0.25000000 0.50000000
vt 0.25000000 0.50000000
vt 0.25000000 0.50000000
vt 0.25000000 0.50000000
vt 0.25000000 0.50000000
vt 0.25000000 0.50000000
vt 0.25000000 0.50000000
vt 0.25000000 0.50000000
vt 0.25000000 0.50000000
vt 0.25000000 0.50000000
vt 0.25000000 0.50000000
vt 0.25000000 0.50000000
vt 0.25000000 0.50000000
vt 0.25000000 0.50000000
vt 0.25000000 0.50000000
vt 0.25000000 0.50000000
vt 0.25000000 0.50000000
vt 0.25000000 0.50000000
vt 0.25000000 0.50000000
vt 0.25000000 0.50000000
vt 0.25000000 0.50000000
vt 0.25000000 0.50000000
vt 0.25000000 0.50000000
vt 0.25000000 0.50000000
vt 0.25000000 0.50000000
vt 0.25000000 0.50000000
vt 0.25000000 0.50000000
vt 0.25000000 0.50000000
vt 0.25000000 0.50000000
vt 0.25000000 0.50000000
vt 0.25000000 0.50000000
vt 0.25000000 0.50000000
vt 0.25000000 0.50000000
vt 0.25000000 0.50000000
vt 0.25000000 0.50000000
vt 0.25000000 0.50000000
vt 0.25000000 0.50000000
vt 0.25000000 0.50000000
vt 0.25000000 0.50000000
vt 0.25000000 0.50000000
vt 0.25000000 0.50000000
vt 0.25000000 0.50000000
vt 0.25000000 0.50000000
vt 0.25000000 0.50000000
vt 0.25000000 0.50000000
vt 0.25000000 0.50000000
vt 0.25000000 0.50000000
vt 0.25000000 0.50000000
vt 0.25000000 0.50000000
vt 0.25000000 0.50000000
vt 0.25000000 0.50000000
vt 0.25000000 0.50000000
vt 0.25000000 0.50000000
vt 0.25000000 0.50000000
vt 0.25000000 0.50000000
vt 0.25000000 0.50000000
vt 0.25000000 0.50000000
vt 0.25000000 0.50000000
vt 0.25000000 0.50000000
vt 0.25000000 0.50000000
vt 0.25000000 0.50000000
vt 0.25000000 0.50000000
vt 0.25000000 0.50000000
vt 0.25000000 0.50000000
vt 0.25000000 0.50000000
vt 0.25000000 0.50000000
vt 0.25000000 0.50000000
vt 0.25000000 0.50000000
vt 0.25000000 0.50000000
vt 0.25000000 0.50000000
vt 0.25000000 0.50000000
vt 0.25000000 0.50000000
vt 0.25000000 0.50000000
vt 0.25000000 0.50000000
vt 0.25000000 0.50000000
vt 0.25000000 0.50000000
vt 0.25000000 0.50000000
vt 0.25000000 0.50000000
vt 0.25000000 0.50000000
vt 0.25000000 0.50000000
vt 0.25000000 0.50000000
vt 0.25000000 0.50000000
vt 0.25000000 0.50000000
vt 0.25000000 0.50000000
vt 0.25000000 0.50000000
vt 0.25000000 0.50000000
vt 0.25000000 0.50000000
vt 0.25000000 0.50000000
vt 0.25000000 0.50000000
vt 0.25000000 0.50000000
vt 0.25000000 0.50000000
vt 0.25000000 0.50000000
vt 0.25000000 0.50000000
vt 0.25000000 0.50000000
vt 0.25000000 0.50000000
vt 0.25000000 0.50000000
vt 0.25000000 0.50000000
vt 0.25000000 0.50000000
vt 0.25000000 0.50000000
vt 0.25000000 0.50000000
vt 0.25000000 0.50000000
vt 0.25000000 0.50000000
vt 0.25000000 0.50000000
vt 0.25000000 0.50000000
vt 0.25000000 0.50000000
vt 0.25000000 0.50000000
vt 0.25000000 0.50000000
vt 0.25000000 0.50000000
vt 0.25000000 0.50000000
vt 0.25000000 0.50000000
vt 0.25000000 0.50000000
vt 0.25000000 0.50000000
vt 0.25000000 0.50000000
vt 0.25000000 0.50000000
vt 0.25000000 0.50000000
vt 0.25000000 0.50000000
vt 0.25000000 0.50000000
vt 0.25000000 0.50000000
vt 0.25000000 0.50000000
vt 0.25000000 0.50000000
vt 0.25000000 0.50000000
vt 0.25000000 0.50000000
vt 0.25000000 0.50000000
vt 0.25000000 0.50000000
vt 0.25000000 0.50000000
vt 0.25000000 0.50000000
vt 0.25000000 0.50000000
vt 0.25000000 0.50000000
vt 0.25000000 0.50000000
vt 0.25000000 0.50000000
vt 0.25000000 0.50000000
vt 0.25000000 0.50000000
vt 0.25000000 0.50000000
vt 0.25000000 0.50000000
vt 0.25000000 0.50000000
vt 0.25000000 0.50000000
vt 0.25000000 0.50000000
vt 0.25000000 0.50000000
vt 0.25000000 0.50000000
vt 0.25000000 0.50000000
vt 0.25000000 0.50000000
vt 0.25000000 0.50000000
vt 0.25000000 0.50000000
vt 0.25000000 0.50000000
vt 0.25000000 0.50000000
vt 0.25000000 0.50000000
vt 0.25000000 0.50000000
vt 0.25000000 0.50000000
vt 0.25000000 0.50000000
vt 0.25000000 0.50000000
vt 0.25000000 0.50000000
vt 0.25000000 0.50000000
vt 0.25000000 0.50000000
vt 0.25000000 0.50000000
vt 0.25000000 0.50000000
vt 0.25000000 0.50000000
vt 0.25000000 0.50000000
vt 0.25000000 0.50000000
vt 0.25000000 0.50000000
vt 0.25000000 0.50000000
vt 0.25000000 0.50000000
vt 0.25000000 0.50000000
vt 0.25000000 0.50000000
vt 0.25000000 0.50000000
vt 0.25000000 0.50000000
vt 0.25000000 0.50000000
vt 0.25000000 0.50000000
vt 0.25000000 0.50000000
vt 0.25000000 0.50000000
vt 0.25000000 0.50000000
vt 0.25000000 0.50000000
vt 0.25000000 0.50000000
vt 0.25000000 0.50000000
vt 0.25000000 0.50000000
vt 0.25000000 0.50000000
vt 0.25000000 0.50000000
vt 0.25000000 0.50000000
vt 0.25000000 0.50000000
vt 0.25000000 0.50000000
vt 0.25000000 0.50000000
vt 0.25000000 0.50000000
vt 0.25000000 0.50000000
vt 0.25000000 0.50000000
vt 0.25000000 0.50000000
vt 0.25000000 0.50000000
vt 0.25000000 0.50000000
vt 0.25000000 0.50000000
vt 0.25000000 0.50000000
vt 0.25000000 0.50000000
vt 0.25000000 0.50000000
vt 0.25000000 0.50000000
vt 0.25000000 0.50000000
vt 0.25000000 0.50000000
vt 0.25000000 0.50000000
vt 0.25000000 0.50000000
vt 0.25000000 0.50000000
vt 0.25000000 0.50000000
vt 0.25000000 0.50000000
vt 0.25000000 0.50000000
vt 0.25000000 0.50000000
vt 0.25000000 0.50000000
vt 0.25000000 0.50000000
vt 0.25000000 0.50000000
vt 0.25000000 0.50000000
vt 0.25000000 0.50000000
vt 0.25000000 0.50000000
vt 0.25000000 0.50000000
vt 0.25000000 0.50000000
vt 0.25000000 0.50000000
vt 0.25000000 0.50000000
vt 0.25000000 0.50000000
vt 0.25000000 0.50000000
vt 0.25000000 0.50000000
vt 0.25000000 0.50000000
vt 0.25000000 0.50000000
vt 0.25000000 0.50000000
vt 0.25000000 0.50000000
vt 0.25000000 0.50000000
vt 0.25000000 0.50000000
vt 0.25000000 0.50000000
vt 0.25000000 0.50000000
vt 0.25000000 0.50000000
vt 0.25000000 0.50000000
vt 0.25000000 0.50000000
vt 0.25000000 0.50000000
vt 0.25000000 0.50000000
vt 0.25000000 0.50000000
vt 0.25000000 0.50000000
vt 0.25000000 0.50000000
vt 0.25000000 0.50000000
vt 0.25000000 0.50000000
vt 0.25000000 0.50000000
vt 0.25000000 0.50000000
vt 0.25000000 0.50000000
vt 0.25000000 0.50000000
vt 0.25000000 0.50000000
vt 0.25000000 0.50000000
vt 0.25000000 0.50000000
vt 0.25000000 0.50000000
vt 0.25000000 0.50000000
vt 0.25000000 0.50000000
vt 0.25000000 0.50000000
vt 0.25000000 0.50000000
vt 0.25000000 0.50000000
vt 0.25000000 0.50000000
vt 0.25000000 0.50000000
vt 0.25000000 0.50000000
vt 0.25000000 0.50000000
vt 0.25000000 0.50000000
vt 0.25000000 0.50000000
vt 0.25000000 0.50000000
vt 0.25000000 0.50000000
vt 0.25000000 0.50000000
vt 0.25000000 0.50000000
vt 0.25000000 0.50000000
vt 0.25000000 0.50000000
vt 0.25000000 0.50000000
vt 0.25000000 0.50000000
vt 0.25000000 0.50000000
vt 0.25000000 0.50000000
vt 0.25000000 0.50000000
vt 0.25000000 0.50000000
vt 0.25000000 0.50000000
vt 0.25000000 0.50000000
vt 0.25000000 0.50000000
vt 0.25000000 0.50000000
vt 0.25000000 0.50000000
vt 0.25000000 0.50000000
vt 0.25000000 0.50000000
vt 0.25000000 0.50000000
vt 0.25000000 0.50000000
vt 0.25000000 0.50000000
vt 0.25000000 0.50000000
vt 0.25000000 0.50000000
vt 0.25000000 0.50000000
vt 0.25000000 0.50000000
vt 0.25000000 0.50000000
vt 0.25000000 0.50000000
vt 0.25000000 0.50000000
vt 0.25000000 0.50000000
vt 0.25000000 0.50000000
vt 0.25000000 0.50000000
vt 0.25000000 0.50000000
vt 0.25000000 0.50000000
vt 0.25000000 0.50000000
vt 0.25000000 0.50000000
vt 0.25000000 0.50000000
vt 0.25000000 0.50000000
vt 0.25000000 0.50000000
vt 0.25000000 0.50000000
vt 0.25000000 0.50000000
vt 0.25000000 0.50000000
vt 0.25000000 0.50000000
vt 0.25000000 0.50000000
vt 0.25000000 0.50000000
vt 0.25000000 0.50000000
vt 0.25000000 0.50000000
vt 0.25000000 0.50000000
vt 0.25000000 0.50000000
vt 0.25000000 0.50000000
vt 0.25000000 0.50000000
vt 0.25000000 0.50000000
vt 0.25000000 0.50000000
vt 0.25000000 0.50000000
vt 0.25000000 0.50000000
vt 0.25000000 0.50000000
vt 0.25000000 0.50000000
vt 0.25000000 0.50000000
vt 0.25000000 0.50000000
vt 0.25000000 0.50000000
vt 0.25000000 0.50000000
vt 0.25000000 0.50000000
vt 0.25000000 0.50000000
vt 0.25000000 0.50000000
vt 0.25000000 0.50000000
vt 0.25000000 0.50000000
vt 0.25000000 0.50000000
vt 0.25000000 0.50000000
vt 0.25000000 0.50000000
vt 0.25000000 0.50000000
vt 0.25000000 0.50000000
vt 0.25000000 0.50000000
vt 0.25000000 0.50000000
vt 0.25000000 0.50000000
vt 0.25000000 0.50000000
vt 0.25000000 0.50000000
vt 0.25000000 0.50000000
vt 0.25000000 0.50000000
vt 0.25000000 0.50000000
vt 0.25000000 0.50000000
vt 0.25000000 0.50000000
vt 0.25000000 0.50000000
vt 0.25000000 0.50000000
vt 0.25000000 0.50000000
vt 0.25000000 0.50000000
vt 0.25000000 0.50000000
vt 0.25000000 0.50000000
vt 0.25000000 0.50000000
vt 0.25000000 0.50000000
vt 0.25000000 0.50000000
vt 0.25000000 0.50000000
vt 0.25000000 0.50000000
vt 0.25000000 0.50000000
vt 0.25000000 0.50000000
vt 0.25000000 0.50000000
vt 0.25000000 0.50000000
vt 0.25000000 0.50000000
vt 0.25000000 0.50000000
vt 0.25000000 0.50000000
vt 0.25000000 0.50000000
vt 0.25000000 0.50000000
vt 0.25000000 0.50000000
vt 0.25000000 0.50000000
vt 0.25000000 0.50000000
vt 0.25000000 0.50000000
vt 0.25000000 0.50000000
vt 0.25000000 0.50000000
vt 0.25000000 0.50000000
vt 0.25000000 0.50000000
vt 0.25000000 0.50000000
vt 0.25000000 0.50000000
vt 0.25000000 0.50000000
vt 0.25000000 0.50000000
vt 0.25000000 0.50000000
vt 0.25000000 0.50000000
vt 0.25000000 0.50000000
vt 0.25000000 0.50000000
vt 0.25000000 0.50000000
vt 0.25000000 0.50000000
vt 0.25000000 0.50000000
vt 0.25000000 0.50000000
vt 0.25000000 0.50000000
vt 0.25000000 0.50000000
vt 0.25000000 0.50000000
vt 0.25000000 0.50000000
vt 0.25000000 0.50000000
vt 0.25000000 0.50000000
vt 0.25000000 0.50000000
vt 0.25000000 0.50000000
vt 0.25000000 0.50000000
vt 0.25000000 0.50000000
vt 0.25000000 0.50000000
vt 0.25000000 0.50000000
vt 0.25000000 0.50000000
vt 0.25000000 0.50000000
vt 0.25000000 0.50000000
vt 0.25000000 0.50000000
vt 0.25000000 0.50000000
vt 0.25000000 0.50000000
vt 0.25000000 0.50000000
vt 0.25000000 0.50000000
vt 0.25000000 0.50000000
vt 0.25000000 0.50000000
vt 0.25000000 0.50000000
vt 0.25000000 0.50000000
vt 0.25000000 0.50000000
vt 0.25000000 0.50000000
vt 0.25000000 0.50000000
vt 0.25000000 0.50000000
vt 0.25000000 0.50000000
vt 0.25000000 0.50000000
vt 0.25000000 0.50000000
vt 0.25000000 0.50000000
vt 0.25000000 0.50000000
vt 0.25000000 0.50000000
vt 0.25000000 0.50000000
vt 0.25000000 0.50000000
vt 0.25000000 0.50000000
vt 0.25000000 0.50000000
vt 0.25000000 0.50000000
vt 0.25000000 0.50000000
vt 0.25000000 0.50000000
vt 0.25000000 0.50000000
vt 0.25000000 0.50000000
vt 0.25000000 0.50000000
vt 0.25000000 0.50000000
vt 0.25000000 0.50000000
vt 0.25000000 0.50000000
vt 0.25000000 0.50000000
vt 0.25000000 0.50000000
vt 0.25000000 0.50000000
vt 0.25000000 0.50000000
vt 0.25000000 0.50000000
vt 0.25000000 0.50000000
vt 0.25000000 0.50000000
vt 0.25000000 0.50000000
vt 0.25000000 0.50000000
vt 0.25000000 0.50000000
vt 0.25000000 0.50000000
vt 0.25000000 0.50000000
vt 0.25000000 0.50000000
vt 0.25000000 0.50000000
vt 0.25000000 0.50000000
vt 0.25000000 0.50000000
vt 0.25000000 0.50000000
vt 0.25000000 0.50000000
vt 0.25000000 0.50000000
vt 0.25000000 0.50000000
vt 0.25000000 0.50000000
vt 0.25000000 0.50000000
vt 0.25000000 0.50000000
vt 0.25000000 0.50000000
vt 0.25000000 0.50000000
vt 0.25000000 0.50000000
vt 0.25000000 0.50000000
vt 0.25000000 0.50000000
vt 0.25000000 0.50000000
vt 0.25000000 0.50000000
vt 0.25000000 0.50000000
vt 0.25000000 0.50000000
vt 0.25000000 0.50000000
vt 0.25000000 0.50000000
vt 0.25000000 0.50000000
vt 0.25000000 0.50000000
vt 0.25000000 0.50000000
vt 0.25000000 0.50000000
vt 0.25000000 0.50000000
vt 0.25000000 0.50000000
vt 0.25000000 0.50000000
vt 0.25000000 0.50000000
vt 0.25000000 0.50000000
vt 0.25000000 0.50000000
vt 0.25000000 0.50000000
vt 0.25000000 0.50000000
vt 0.25000000 0.50000000
vt 0.25000000 0.50000000
vt 0.25000000 0.50000000
vt 0.25000000 0.50000000
vt 0.25000000 0.50000000
vt 0.25000000 0.50000000
vt 0.25000000 0.50000000
vt 0.25000000 0.50000000
vt 0.25000000 0.50000000
vt 0.25000000 0.50000000
vt 0.25000000 0.50000000
vt 0.25000000 0.50000000
vt 0.25000000 0.50000000
vt 0.25000000 0.50000000
vt 0.25000000 0.50000000
vt 0.25000000 0.50000000
vt 0.25000000 0.50000000
vt 0.25000000 0.50000000
vt 0.25000000 0.50000000
vt 0.25000000 0.50000000
vt 0.25000000 0.50000000
vt 0.25000000 0.50000000
vt 0.25000000 0.50000000
vt 0.25000000 0.50000000
vt 0.25000000 0.50000000
vt 0.25000000 0.50000000
vt 0.25000000 0.50000000
vt 0.25000000 0.50000000
vt 0.25000000 0.50000000
vt 0.25000000 0.50000000
vt 0.25000000 0.50000000
vt 0.25000000 0.50000000
vt 0.25000000 0.50000000
vt 0.25000000 0.50000000
vt 0.25000000 0.50000000
vt 0.25000000 0.50000000
vt 0.25000000 0.50000000
vt 0.25000000 0.50000000
vt 0.25000000 0.50000000
vt 0.25000000 0.50000000
vt 0.25000000 0.50000000
vt 0.25000000 0.50000000
vt 0.25000000 0.50000000
vt 0.25000000 0.50000000
vt 0.25000000 0.50000000
vt 0.25000000 0.50000000
vt 0.25000000 0.50000000
vt 0.25000000 0.50000000
vt 0.25000000 0.50000000
vt 0.25000000 0.50000000
vt 0.25000000 0.50000000
vt 0.25000000 0.50000000
vt 0.25000000 0.50000000
vt 0.25000000 0.50000000
vt 0.25000000 0.50000000
vt 0.25000000 0.50000000
vt 0.25000000 0.50000000
vt 0.25000000 0.50000000
vt 0.25000000 0.50000000
vt 0.25000000 0.50000000
vt 0.25000000 0.50000000
vt 0.25000000 0.50000000
vt 0.25000000 0.50000000
vt 0.25000000 0.50000000
vt 0.25000000 0.50000000
vt 0.25000000 0.50000000
vt 0.25000000 0.50000000
vt 0.25000000 0.50000000
vt 0.25000000 0.50000000
vt 0.25000000 0.50000000
vt 0.25000000 0.50000000
vt 0.25000000 0.50000000
vt 0.25000000 0.50000000
vt 0.25000000 0.50000000
vt 0.25000000 0.50000000
vt 0.25000000 0.50000000
vt 0.25000000 0.50000000
vt 0.25000000 0.50000000
vt 0.25000000 0.50000000
vt 0.25000000 0.50000000
vt 0.25000000 0.50000000
vt 0.25000000 0.50000000
vt 0.25000000 0.50000000
vt 0.25000000 0.50000000
vt 0.25000000 0.50000000
vt 0.25000000 0.50000000
vt 0.25000000 0.50000000
vt 0.25000000 0.50000000
vt 0.25000000 0.50000000
vt 0.25000000 0.50000000
vt 0.25000000 0.50000000
vt 0.25000000 0.50000000
vt 0.25000000 0.50000000
vt 0.25000000 0.50000000
vt 0.25000000 0.50000000
vt 0.25000000 0.50000000
vt 0.25000000 0.50000000
vt 0.25000000 0.50000000
vt 0.25000000 0.50000000
vt 0.25000000 0.50000000
vt 0.25000000 0.50000000
vt 0.25000000 0.50000000
vt 0.25000000 0.50000000
vt 0.25000000 0.50000000
vt 0.25000000 0.50000000
vt 0.25000000 0.50000000
vt 0.25000000 0.50000000
vt 0.25000000 0.50000000
vt 0.25000000 0.50000000
vt 0.25000000 0.50000000
vt 0.25000000 0.50000000
vt 0.25000000 0.50000000
vt 0.25000000 0.50000000
vt 0.25000000 0.50000000
vt 0.25000000 0.50000000
vt 0.25000000 0.50000000
vt 0.25000000 0.50000000
vt 0.25000000 0.50000000
vt 0.25000000 0.50000000
vt 0.25000000 0.50000000
vt 0.25000000 0.50000000
vt 0.25000000 0.50000000
vt 0.25000000 0.50000000
vt 0.25000000 0.50000000
vt 0.25000000 0.50000000
vt 0.25000000 0.50000000
vt 0.25000000 0.50000000
vt 0.25000000 0.50000000
vt 0.25000000 0.50000000
vt 0.25000000 0.50000000
vt 0.25000000 0.50000000
vt 0.25000000 0.50000000
vt 0.25000000 0.50000000
vt 0.25000000 0.50000000
vt 0.25000000 0.50000000
vt 0.25000000 0.50000000
vt 0.25000000 0.50000000
vt 0.25000000 0.50000000
vt 0.25000000 0.50000000
vt 0.25000000 0.50000000
vt 0.25000000 0.50000000
vt 0.25000000 0.50000000
vt 0.25000000 0.50000000
vt 0.25000000 0.50000000
vt 0.25000000 0.50000000
vt 0.25000000 0.50000000
vt 0.25000000 0.50000000
vt 0.25000000 0.50000000
vt 0.25000000 0.50000000
vt 0.25000000 0.50000000
vt 0.25000000 0.50000000
vt 0.25000000 0.50000000
vt 0.25000000 0.50000000
vt 0.25000000 0.50000000
vt 0.25000000 0.50000000
vt 0.25000000 0.50000000
vt 0.25000000 0.50000000
vt 0.25000000 0.50000000
vt 0.25000000 0.50000000
vt 0.25000000 0.50000000
vt 0.25000000 0.50000000
vt 0.25000000 0.50000000
vt 0.25000000 0.50000000
vt 0.25000000 0.50000000
vt 0.25000000 0.50000000
vt 0.25000000 0.50000000
vt 0.25000000 0.50000000
vt 0.25000000 0.50000000
vt 0.25000000 0.50000000
vt 0.25000000 0.50000000
vt 0.25000000 0.50000000
vt 0.25000000 0.50000000
vt 0.25000000 0.50000000
vt 0.25000000 0.50000000
vt 0.25000000 0.50000000
vt 0.25000000 0.50000000
vt 0.25000000 0.50000000
vt 0.25000000 0.50000000
vt 0.25000000 0.50000000
vt 0.25000000 0.50000000
vt 0.25000000 0.50000000
vt 0.25000000 0.50000000
vt 0.25000000 0.50000000
vt 0.25000000 0.50000000
vt 0.25000000 0.50000000
vt 0.25000000 0.50000000
vt 0.25000000 0.50000000
vt 0.25000000 0.50000000
vt 0.25000000 0.50000000
vt 0.25000000 0.50000000
vt 0.25000000 0.50000000
vt 0.25000000 0.50000000
vt 0.25000000 0.50000000
vt 0.25000000 0.50000000
vt 0.25000000 0.50000000
vt 0.25000000 0.50000000
vt 0.25000000 0.50000000
vt 0.25000000 0.50000000
vt 0.25000000 0.50000000
vt 0.25000000 0.50000000
vt 0.25000000 0.50000000
vt 0.25000000 0.50000000
vt 0.25000000 0.50000000
vt 0.25000000 0.50000000
vt 0.25000000 0.50000000
vt 0.25000000 0.50000000
vt 0.25000000 0.50000000
vt 0.25000000 0.50000000
vt 0.25000000 0.50000000
vt 0.25000000 0.50000000
vt 0.25000000 0.50000000
vt 0.25000000 0.50000000
vt 0.25000000 0.50000000
vt 0.25000000 0.50000000
vt 0.25000000 0.50000000
vt 0.25000000 0.50000000
vt 0.25000000 0.50000000
vt 0.25000000 0.50000000
vt 0.25000000 0.50000000
vt 0.25000000 0.50000000
vt 0.25000000 0.50000000
vt 0.25000000 0.50000000
vt 0.25000000 0.50000000
vt 0.25000000 0.50000000
vt 0.25000000 0.50000000
vt 0.25000000 0.50000000
vt 0.25000000 0.50000000
vt 0.25000000 0.50000000
vt 0.25000000 0.50000000
vt 0.25000000 0.50000000
vt 0.25000000 0.50000000
vt 0.25000000 0.50000000
vt 0.25000000 0.50000000
vt 0.25000000 0.50000000
vt 0.25000000 0.50000000
vt 0.25000000 0.50000000
vt 0.25000000 0.50000000
vt 0.25000000 0.50000000
vt 0.25000000 0.50000000
vt 0.25000000 0.50000000
vt 0.25000000 0.50000000
vt 0.25000000 0.50000000
vt 0.25000000 0.50000000
vt 0.25000000 0.50000000
vt 0.25000000 0.50000000
vt 0.25000000 0.50000000
vt 0.25000000 0.50000000
vt 0.25000000 0.50000000
vt 0.25000000 0.50000000
vt 0.25000000 0.50000000
vt 0.25000000 0.50000000
vt 0.25000000 0.50000000
vt 0.25000000 0.50000000
vt 0.25000000 0.50000000
vt 0.25000000 0.50000000
vt 0.25000000 0.50000000
vt 0.25000000 0.50000000
vt 0.25000000 0.50000000
vt 0.25000000 0.50000000
vt 0.25000000 0.50000000
vt 0.25000000 0.50000000
vt 0.25000000 0.50000000
vt 0.25000000 0.50000000
vt 0.25000000 0.50000000
vt 0.25000000 0.50000000
vt 0.25000000 0.50000000
vt 0.25000000 0.50000000
vt 0.25000000 0.50000000
vt 0.25000000 0.50000000
vt 0.25000000 0.50000000
vt 0.25000000 0.50000000
vt 0.25000000 0.50000000
vt 0.25000000 0.50000000
vt 0.25000000 0.50000000
vt 0.25000000 0.50000000
vt 0.25000000 0.50000000
vt 0.25000000 0.50000000
vt 0.25000000 0.50000000
vt 0.25000000 0.50000000
vt 0.25000000 0.50000000
vt 0.25000000 0.50000000
vt 0.25000000 0.50000000
vt 0.25000000 0.50000000
vt 0.25000000 0.50000000
vt 0.25000000 0.50000000
vt 0.25000000 0.50000000
vt 0.25000000 0.50000000
vt 0.25000000 0.50000000
vt 0.25000000 0.50000000
vt 0.25000000 0.50000000
vt 0.25000000 0.50000000
vt 0.25000000 0.50000000
vt 0.25000000 0.50000000
vt 0.25000000 0.50000000
vt 0.25000000 0.50000000
vt 0.25000000 0.50000000
vt 0.25000000 0.50000000
vt 0.25000000 0.50000000
vt 0.25000000 0.50000000
vt 0.25000000 0.50000000
vt 0.25000000 0.50000000
vt 0.25000000 0.50000000
vt 0.25000000 0.50000000
vt 0.25000000 0.50000000
vt 0.25000000 0.50000000
vt 0.25000000 0.50000000
vt 0.25000000 0.50000000
vt 0.25000000 0.50000000
vt 0.25000000 0.50000000
vt 0.25000000 0.50000000
vt 0.25000000 0.50000000
vt 0.25000000 0.50000000
vt 0.25000000 0.50000000
vt 0.25000000 0.50000000
vt 0.25000000 0.50000000
vt 0.25000000 0.50000000
vt 0.25000000 0.50000000
vt 0.25000000 0.50000000
vt 0.25000000 0.50000000
vt 0.25000000 0.50000000
vt 0.25000000 0.50000000
vt 0.25000000 0.50000000
vt 0.25000000 0.50000000
vt 0.25000000 0.50000000
vt 0.25000000 0.50000000
vt 0.25000000 0.50000000
vt 0.25000000 0.50000000
vt 0.25000000 0.50000000
vt 0.25000000 0.50000000
vt 0.25000000 0.50000000
vt 0.25000000 0.50000000
vt 0.25000000 0.50000000
vt 0.25000000 0.50000000
vt 0.25000000 0.50000000
vt 0.25000000 0.50000000
vt 0.25000000 0.50000000
vt 0.25000000 0.50000000
vt 0.25000000 0.50000000
vt 0.25000000 0.50000000
vt 0.25000000 0.50000000
vt 0.25000000 0.50000000
vt 0.25000000 0.50000000
vt 0.25000000 0.50000000
vt 0.25000000 0.50000000
vt 0.25000000 0.50000000
vt 0.25000000 0.50000000
vt 0.25000000 0.50000000
vt 0.25000000 0.50000000
vt 0.25000000 0.50000000
vt 0.25000000 0.50000000
vt 0.25000000 0.50000000
vt 0.25000000 0.50000000
vt 0.25000000 0.50000000
vt 0.25000000 0.50000000
vt 0.25000000 0.50000000
vt 0.25000000 0.50000000
vt 0.25000000 0.50000000
vt 0.25000000 0.50000000
vt 0.25000000 0.50000000
vt 0.25000000 0.50000000
vt 0.25000000 0.50000000
vt 0.25000000 0.50000000
vt 0.25000000 0.50000000
vt 0.25000000 0.50000000
vt 0.25000000 0.50000000
vt 0.25000000 0.50000000
vt 0.25000000 0.50000000
vt 0.25000000 0.50000000
vt 0.25000000 0.50000000
vt 0.25000000 0.50000000
vt 0.25000000 0.50000000
vt 0.25000000 0.50000000
vt 0.25000000 0.50000000
vt 0.25000000 0.50000000
vt 0.25000000 0.50000000
vt 0.25000000 0.50000000
vt 0.25000000 0.50000000
vt 0.25000000 0.50000000
vt 0.25000000 0.50000000
vt 0.25000000 0.50000000
vt 0.25000000 0.50000000
vt 0.25000000 0.50000000
vt 0.25000000 0.50000000
vt 0.25000000 0.50000000
vt 0.25000000 0.50000000
vt 0.25000000 0.50000000
vt 0.25000000 0.50000000
vt 0.25000000 0.50000000
vt 0.25000000 0.50000000
vt 0.25000000 0.50000000
vt 0.25000000 0.50000000
vt 0.25000000 0.50000000
vt 0.25000000 0.50000000
vt 0.25000000 0.50000000
vt 0.25000000 0.50000000
vt 0.25000000 0.50000000
vt 0.25000000 0.50000000
vt 0.25000000 0.50000000
vt 0.25000000 0.50000000
vt 0.25000000 0.50000000
vt 0.25000000 0.50000000
vt 0.25000000 0.50000000
vt 0.25000000 0.50000000
vt 0.25000000 0.50000000
vt 0.25000000 0.50000000
vt 0.25000000 0.50000000
vt 0.25000000 0.50000000
vt 0.25000000 0.50000000
vt 0.25000000 0.50000000
vt 0.25000000 0.50000000
vt 0.25000000 0.50000000
vt 0.25000000 0.50000000
vt 0.25000000 0.50000000
vt 0.25000000 0.50000000
vt 0.25000000 0.50000000
vt 0.25000000 0.50000000
vt 0.25000000 0.50000000
vt 0.25000000 0.50000000
vt 0.25000000 0.50000000
vt 0.25000000 0.50000000
vt 0.25000000 0.50000000
vt 0.25000000 0.50000000
vt 0.25000000 0.50000000
vt 0.25000000 0.50000000
vt 0.25000000 0.50000000
vt 0.25000000 0.50000000
vt 0.25000000 0.50000000
vt 0.25000000 0.50000000
vt 0.25000000 0.50000000
vt 0.25000000 0.50000000
vt 0.25000000 0.50000000
vt 0.25000000 0.50000000
vt 0.25000000 0.50000000
vt 0.25000000 0.50000000
vt 0.25000000 0.50000000
vt 0.25000000 0.50000000
vt 0.25000000 0.50000000
vt 0.25000000 0.50000000
vt 0.25000000 0.50000000
vt 0.25000000 0.50000000
vt 0.25000000 0.50000000
vt 0.25000000 0.50000000
vt 0.25000000 0.50000000
vt 0.25000000 0.50000000
vt 0.25000000 0.50000000
vt 0.25000000 0.50000000
vt 0.25000000 0.50000000
vt 0.25000000 0.50000000
vt 0.25000000 0.50000000
vt 0.25000000 0.50000000
vt 0.25000000 0.50000000
vt 0.25000000 0.50000000
vt 0.25000000 0.50000000
vt 0.25000000 0.50000000
vt 0.25000000 0.50000000
vt 0.25000000 0.50000000
vt 0.25000000 0.50000000
vt 0.25000000 0.50000000
vt 0.25000000 0.50000000
vt 0.25000000 0.50000000
vt 0.25000000 0.50000000
vt 0.25000000 0.50000000
vt 0.25000000 0.50000000
vt 0.25000000 0.50000000
vt 0.25000000 0.50000000
vt 0.25000000 0.50000000
vt 0.25000000 0.50000000
vt 0.25000000 0.50000000
vt 0.25000000 0.50000000
vt 0.25000000 0.50000000
vt 0.25000000 0.50000000
vt 0.25000000 0.50000000
vt 0.25000000 0.50000000
vt 0.25000000 0.50000000
vt 0.25000000 0.50000000
vt 0.25000000 0.50000000
vt 0.25000000 0.50000000
vt 0.25000000 0.50000000
vt 0.25000000 0.50000000
vt 0.25000000 0.50000000
vt 0.25000000 0.50000000
vt 0.25000000 0.50000000
vt 0.25000000 0.50000000
vt 0.25000000 0.50000000
vt 0.25000000 0.50000000
vt 0.25000000 0.50000000
vt 0.25000000 0.50000000
vt 0.25000000 0.50000000
vt 0.25000000 0.50000000
vt 0.25000000 0.50000000
vt 0.25000000 0.50000000
vt 0.25000000 0.50000000
vt 0.25000000 0.50000000
vt 0.25000000 0.50000000
vt 0.25000000 0.50000000
vt 0.25000000 0.50000000
vt 0.25000000 0.50000000
vt 0.25000000 0.50000000
vt 0.25000000 0.50000000
vt 0.25000000 0.50000000
vt 0.25000000 0.50000000
vt 0.25000000 0.50000000
vt 0.25000000 0.50000000
vt 0.25000000 0.50000000
vt 0.25000000 0.50000000
vt 0.25000000 0.50000000
vt 0.25000000 0.50000000
vt 0.25000000 0.50000000
vt 0.25000000 0.50000000
vt 0.25000000 0.50000000
vt 0.25000000 0.50000000
vt 0.25000000 0.50000000
vt 0.25000000 0.50000000
vt 0.25000000 0.50000000
vt 0.25000000 0.50000000
vt 0.25000000 0.50000000
vt 0.25000000 0.50000000
vt 0.25000000 0.50000000
vt 0.25000000 0.50000000
vt 0.25000000 0.50000000
vt 0.25000000 0.50000000
vt 0.25000000 0.50000000
vt 0.25000000 0.50000000
vt 0.25000000 0.50000000
vt 0.25000000 0.50000000
vt 0.25000000 0.50000000
vt 0.25000000 0.50000000
vt 0.25000000 0.50000000
vt 0.25000000 0.50000000
vt 0.25000000 0.50000000
vt 0.25000000 0.50000000
vt 0.25000000 0.50000000
vt 0.25000000 0.50000000
vt 0.25000000 0.50000000
vt 0.25000000 0.50000000
vt 0.25000000 0.50000000
vt 0.25000000 0.50000000
vt 0.25000000 0.50000000
vt 0.25000000 0.50000000
vt 0.25000000 0.50000000
vt 0.25000000 0.50000000
vt 0.25000000 0.50000000
vt 0.25000000 0.50000000
vt 0.25000000 0.50000000
vt 0.25000000 0.50000000
vt 0.25000000 0.50000000
vt 0.25000000 0.50000000
vt 0.25000000 0.50000000
vt 0.25000000 0.50000000
vt 0.25000000 0.50000000
vt 0.25000000 0.50000000
vt 0.25000000 0.50000000
vt 0.25000000 0.50000000
vt 0.25000000 0.50000000
vt 0.25000000 0.50000000
vt 0.25000000 0.50000000
vt 0.25000000 0.50000000
vt 0.25000000 0.50000000
vt 0.25000000 0.50000000
vt 0.25000000 0.50000000
vt 0.25000000 0.50000000
vt 0.25000000 0.50000000
vt 0.25000000 0.50000000
vt 0.25000000 0.50000000
vt 0.25000000 0.50000000
vt 0.25000000 0.50000000
vt 0.25000000 0.50000000
vt 0.25000000 0.50000000
vt 0.25000000 0.50000000
vt 0.25000000 0.50000000
vt 0.25000000 0.50000000
vt 0.25000000 0.50000000
vt 0.25000000 0.50000000
vt 0.25000000 0.50000000
vt 0.25000000 0.50000000
vt 0.25000000 0.50000000
vt 0.25000000 0.50000000
vt 0.25000000 0.50000000
vt 0.25000000 0.50000000
vt 0.25000000 0.50000000
vt 0.25000000 0.50000000
vt 0.25000000 0.50000000
vt 0.25000000 0.50000000
vt 0.25000000 0.50000000
vt 0.25000000 0.50000000
vt 0.25000000 0.50000000
vt 0.25000000 0.50000000
vt 0.25000000 0.50000000
vt 0.25000000 0.50000000
vt 0.25000000 0.50000000
vt 0.25000000 0.50000000
vt 0.25000000 0.50000000
vt 0.25000000 0.50000000
vt 0.25000000 0.50000000
vt 0.25000000 0.50000000
vt 0.25000000 0.50000000
vt 0.25000000 0.50000000
vt 0.25000000 0.50000000
vt 0.25000000 0.50000000
vt 0.25000000 0.50000000
vt 0.25000000 0.50000000
vt 0.25000000 0.50000000
vt 0.25000000 0.50000000
vt 0.25000000 0.50000000
vt 0.25000000 0.50000000
vt 0.25000000 0.50000000
vt 0.25000000 0.50000000
vt 0.25000000 0.50000000
vt 0.25000000 0.50000000
vt 0.25000000 0.50000000
vt 0.25000000 0.50000000
vt 0.25000000 0.50000000
vt 0.25000000 0.50000000
vt 0.25000000 0.50000000
vt 0.25000000 0.50000000
vt 0.25000000 0.50000000
vt 0.25000000 0.50000000
vt 0.25000000 0.50000000
vt 0.25000000 0.50000000
vt 0.25000000 0.50000000
vt 0.25000000 0.50000000
vt 0.25000000 0.50000000
vt 0.25000000 0.50000000
vt 0.25000000 0.50000000
vt 0.25000000 0.50000000
vt 0.25000000 0.50000000
vt 0.25000000 0.50000000
vt 0.25000000 0.50000000
vt 0.25000000 0.50000000
vt 0.25000000 0.50000000
vt 0.25000000 0.50000000
vt 0.25000000 0.50000000
vt 0.25000000 0.50000000
vt 0.25000000 0.50000000
vt 0.25000000 0.50000000
vt 0.25000000 0.50000000
vt 0.25000000 0.50000000
vt 0.25000000 0.50000000
vt 0.25000000 0.50000000
vt 0.25000000 0.50000000
vt 0.25000000 0.50000000
vt 0.25000000 0.50000000
vt 0.25000000 0.50000000
vt 0.25000000 0.50000000
vt 0.25000000 0.50000000
vt 0.25000000 0.50000000
vt 0.25000000 0.50000000
vt 0.25000000 0.50000000
vt 0.25000000 0.50000000
vt 0.25000000 0.50000000
vt 0.25000000 0.50000000
vt 0.25000000 0.50000000
vt 0.25000000 0.50000000
vt 0.25000000 0.50000000
vt 0.25000000 0.50000000
vt 0.25000000 0.50000000
vt 0.25000000 0.50000000
vt 0.25000000 0.50000000
vt 0.25000000 0.50000000
vt 0.25000000 0.50000000
vt 0.25000000 0.50000000
vt 0.25000000 0.50000000
vt 0.25000000 0.50000000
vt 0.25000000 0.50000000
vt 0.25000000 0.50000000
vt 0.25000000 0.50000000
vt 0.25000000 0.50000000
vt 0.25000000 0.50000000
vt 0.25000000 0.50000000
vt 0.25000000 0.50000000
vt 0.25000000 0.50000000
vt 0.25000000 0.50000000
vt 0.25000000 0.50000000
vt 0.25000000 0.50000000
vt 0.25000000 0.50000000
vt 0.25000000 0.50000000
vt 0.25000000 0.50000000
vt 0.25000000 0.50000000
vt 0.25000000 0.50000000
vt 0.25000000 0.50000000
vt 0.25000000 0.50000000
vt 0.25000000 0.50000000
vt 0.25000000 0.50000000
vt 0.25000000 0.50000000
vt 0.25000000 0.50000000
vt 0.25000000 0.50000000
vt 0.25000000 0.50000000
vt 0.25000000 0.50000000
vt 0.25000000 0.50000000
vt 0.25000000 0.50000000
vt 0.25000000 0.50000000
vt 0.25000000 0.50000000
vt 0.25000000 0.50000000
vt 0.25000000 0.50000000
vt 0.25000000 0.50000000
vt 0.25000000 0.50000000
vt 0.25000000 0.50000000
vt 0.25000000 0.50000000
vt 0.25000000 0.50000000
vt 0.25000000 0.50000000
vt 0.25000000 0.50000000
vt 0.25000000 0.50000000
vt 0.25000000 0.50000000
vt 0.25000000 0.50000000
vt 0.25000000 0.50000000
vt 0.25000000 0.50000000
vt 0.25000000 0.50000000
vt 0.25000000 0.50000000
vt 0.25000000 0.50000000
vt 0.25000000 0.50000000
vt 0.25000000 0.50000000
vt 0.25000000 0.50000000
vt 0.25000000 0.50000000
vt 0.25000000 0.50000000
vt 0.25000000 0.50000000
vt 0.25000000 0.50000000
vt 0.25000000 0.50000000
vt 0.25000000 0.50000000
vt 0.25000000 0.50000000
vt 0.25000000 0.50000000
vt 0.25000000 0.50000000
vt 0.25000000 0.50000000
vt 0.25000000 0.50000000
vt 0.25000000 0.50000000
vt 0.25000000 0.50000000
vt 0.25000000 0.50000000
vt 0.25000000 0.50000000
vt 0.25000000 0.50000000
vt 0.25000000 0.50000000
vt 0.25000000 0.50000000
vt 0.25000000 0.50000000
vt 0.25000000 0.50000000
vt 0.25000000 0.50000000
vt 0.25000000 0.50000000
vt 0.25000000 0.50000000
vt 0.25000000 0.50000000
vt 0.25000000 0.50000000
vt 0.25000000 0.50000000
vt 0.25000000 0.50000000
vt 0.25000000 0.50000000
vt 0.25000000 0.50000000
vt 0.25000000 0.50000000
vt 0.25000000 0.50000000
vt 0.25000000 0.50000000
vt 0.25000000 0.50000000
vt 0.25000000 0.50000000
vt 0.25000000 0.50000000
vt 0.25000000 0.50000000
vt 0.25000000 0.50000000
vt 0.25000000 0.50000000
vt 0.25000000 0.50000000
vt 0.25000000 0.50000000
vt 0.25000000 0.50000000
vt 0.25000000 0.50000000
vt 0.25000000 0.50000000
vt 0.25000000 0.50000000
vt 0.25000000 0.50000000
vt 0.25000000 0.50000000
vt 0.25000000 0.50000000
vt 0.25000000 0.50000000
vt 0.25000000 0.50000000
vt 0.25000000 0.50000000
vt 0.25000000 0.50000000
vt 0.25000000 0.50000000
vt 0.25000000 0.50000000
vt 0.25000000 0.50000000
vt 0.25000000 0.50000000
vt 0.25000000 0.50000000
vt 0.25000000 0.50000000
vt 0.25000000 0.50000000
vt 0.25000000 0.50000000
vt 0.25000000 0.50000000
vt 0.25000000 0.50000000
vt 0.25000000 0.50000000
vt 0.25000000 0.50000000
vt 0.25000000 0.50000000
vt 0.25000000 0.50000000
vt 0.25000000 0.50000000
vt 0.25000000 0.50000000
vt 0.25000000 0.50000000
vt 0.25000000 0.50000000
vt 0.25000000 0.50000000
vt 0.25000000 0.50000000
vt 0.25000000 0.50000000
vt 0.25000000 0.50000000
vt 0.25000000 0.50000000
vt 0.25000000 0.50000000
vt 0.25000000 0.50000000
vt 0.25000000 0.50000000
vt 0.25000000 0.50000000
vt 0.25000000 0.50000000
vt 0.25000000 0.50000000
vt 0.25000000 0.50000000
vt 0.25000000 0.50000000
vt 0.25000000 0.50000000
vt 0.25000000 0.50000000
vt 0.25000000 0.50000000
vt 0.25000000 0.50000000
vt 0.25000000 0.50000000
vt 0.25000000 0.50000000
vt 0.25000000 0.50000000
vt 0.25000000 0.50000000
vt 0.25000000 0.50000000
vt 0.25000000 0.50000000
vt 0.25000000 0.50000000
vt 0.25000000 0.50000000
vt 0.25000000 0.50000000
vt 0.25000000 0.50000000
vt 0.25000000 0.50000000
vt 0.25000000 0.50000000
vt 0.25000000 0.50000000
vt 0.25000000 0.50000000
vt 0.25000000 0.50000000
vt 0.25000000 0.50000000
vt 0.25000000 0.50000000
vt 0.25000000 0.50000000
vt 0.25000000 0.50000000
vt 0.25000000 0.50000000
vt 0.25000000 0.50000000
vt 0.25000000 0.50000000
vt 0.25000000 0.50000000
vt 0.25000000 0.50000000
vt 0.25000000 0.50000000
vt 0.25000000 0.50000000
vt 0.25000000 0.50000000
vt 0.25000000 0.50000000
vt 0.25000000 0.50000000
vt 0.25000000 0.50000000
vt 0.25000000 0.50000000
vt 0.25000000 0.50000000
vt 0.25000000 0.50000000
vt 0.25000000 0.50000000
vt 0.25000000 0.50000000
vt 0.25000000 0.50000000
vt 0.25000000 0.50000000
vt 0.25000000 0.50000000
vt 0.25000000 0.50000000
vt 0.25000000 0.50000000
vt 0.25000000 0.50000000
vt 0.25000000 0.50000000
vt 0.25000000 0.50000000
vt 0.25000000 0.50000000
vt 0.25000000 0.50000000
vt 0.25000000 0.50000000
vt 0.25000000 0.50000000
vt 0.25000000 0.50000000
vt 0.25000000 0.50000000
vt 0.25000000 0.50000000
vt 0.25000000 0.50000000
vt 0.25000000 0.50000000
vt 0.25000000 0.50000000
vt 0.25000000 0.50000000
vt 0.25000000 0.50000000
vt 0.25000000 0.50000000
vt 0.25000000 0.50000000
vt 0.25000000 0.50000000
vt 0.25000000 0.50000000
vt 0.25000000 0.50000000
vt 0.25000000 0.50000000
vt 0.25000000 0.50000000
vt 0.25000000 0.50000000
vt 0.25000000 0.50000000
vt 0.25000000 0.50000000
vt 0.25000000 0.50000000
vt 0.25000000 0.50000000
vt 0.25000000 0.50000000
vt 0.25000000 0.50000000
vt 0.25000000 0.50000000
vt 0.25000000 0.50000000
vt 0.25000000 0.50000000
vt 0.25000000 0.50000000
vt 0.25000000 0.50000000
vt 0.25000000 0.50000000
vt 0.25000000 0.50000000
vt 0.25000000 0.50000000
vt 0.25000000 0.50000000
vt 0.25000000 0.50000000
vt 0.25000000 0.50000000
vt 0.25000000 0.50000000
vt 0.25000000 0.50000000
vt 0.25000000 0.50000000
vt 0.25000000 0.50000000
vt 0.25000000 0.50000000
vt 0.25000000 0.50000000
vt 0.25000000 0.50000000
vt 0.25000000 0.50000000
vt 0.25000000 0.50000000
vt 0.25000000 0.50000000
vt 0.25000000 0.50000000
vt 0.25000000 0.50000000
vt 0.25000000 0.50000000
vt 0.25000000 0.50000000
vt 0.25000000 0.50000000
vt 0.25000000 0.50000000
vt 0.25000000 0.50000000
vt 0.25000000 0.50000000
vt 0.25000000 0.50000000
vt 0.25000000 0.50000000
vt 0.25000000 0.50000000
vt 0.25000000 0.50000000
vt 0.25000000 0.50000000
vt 0.25000000 0.50000000
vt 0.25000000 0.50000000
vt 0.25000000 0.50000000
vt 0.25000000 0.50000000
vt 0.25000000 0.50000000
vt 0.25000000 0.50000000
vt 0.25000000 0.50000000
vt 0.25000000 0.50000000
vt 0.25000000 0.50000000
vt 0.25000000 0.50000000
vt 0.25000000 0.50000000
vt 0.25000000 0.50000000
vt 0.25000000 0.50000000
vt 0.25000000 0.50000000
vt 0.25000000 0.50000000
vt 0.25000000 0.50000000
vt 0.25000000 0.50000000
vt 0.25000000 0.50000000
vt 0.25000000 0.50000000
vt 0.25000000 0.50000000
vt 0.25000000 0.50000000
vt 0.25000000 0.50000000
vt 0.25000000 0.50000000
vt 0.25000000 0.50000000
vt 0.25000000 0.50000000
vt 0.25000000 0.50000000
vt 0.25000000 0.50000000
vt 0.25000000 0.50000000
vt 0.25000000 0.50000000
vt 0.25000000 0.50000000
vt 0.25000000 0.50000000
vt 0.25000000 0.50000000
vt 0.25000000 0.50000000
vt 0.25000000 0.50000000
vt 0.25000000 0.50000000
vt 0.25000000 0.50000000
vt 0.25000000 0.50000000
vt 0.25000000 0.50000000
vt 0.25000000 0.50000000
vt 0.25000000 0.50000000
vt 0.25000000 0.50000000
vt 0.25000000 0.50000000
vt 0.25000000 0.50000000
vt 0.25000000 0.50000000
vt 0.25000000 0.50000000
vt 0.25000000 0.50000000
vt 0.25000000 0.50000000
vt 0.25000000 0.50000000
vt 0.25000000 0.50000000
vt 0.25000000 0.50000000
vt 0.25000000 0.50000000
vt 0.25000000 0.50000000
vt 0.25000000 0.50000000
vt 0.25000000 0.50000000
vt 0.25000000 0.50000000
vt 0.25000000 0.50000000
vt 0.25000000 0.50000000
vt 0.25000000 0.50000000
vt 0.25000000 0.50000000
vt 0.25000000 0.50000000
vt 0.25000000 0.50000000
vt 0.25000000 0.50000000
vt 0.25000000 0.50000000
vt 0.25000000 0.50000000
vt 0.25000000 0.50000000
vt 0.25000000 0.50000000
vt 0.25000000 0.50000000
vt 0.25000000 0.50000000
vt 0.25000000 0.50000000
vt 0.25000000 0.50000000
vt 0.25000000 0.50000000
vt 0.25000000 0.50000000
vt 0.25000000 0.50000000
vt 0.25000000 0.50000000
vt 0.25000000 0.50000000
vt 0.25000000 0.50000000
vt 0.25000000 0.50000000
vt 0.25000000 0.50000000
vt 0.25000000 0.50000000
vt 0.25000000 0.50000000
vt 0.25000000 0.50000000
vt 0.25000000 0.50000000
vt 0.25000000 0.50000000
vt 0.25000000 0.50000000
vt 0.25000000 0.50000000
vt 0.25000000 0.50000000
vt 0.25000000 0.50000000
vt 0.25000000 0.50000000
vt 0.25000000 0.50000000
vt 0.25000000 0.50000000
vt 0.25000000 0.50000000
vt 0.25000000 0.50000000
vt 0.25000000 0.50000000
vt 0.25000000 0.50000000
vt 0.25000000 0.50000000
vt 0.25000000 0.50000000
vt 0.25000000 0.50000000
vt 0.25000000 0.50000000
vt 0.25000000 0.50000000
vt 0.25000000 0.50000000
vt 0.25000000 0.50000000
vt 0.25000000 0.50000000
vt 0.25000000 0.50000000
vt 0.25000000 0.50000000
vt 0.25000000 0.50000000
vt 0.25000000 0.50000000
vt 0.25000000 0.50000000
vt 0.25000000 0.50000000
vt 0.25000000 0.50000000
vt 0.25000000 0.50000000
vt 0.25000000 0.50000000
vt 0.25000000 0.50000000
vt 0.25000000 0.50000000
vt 0.25000000 0.50000000
vt 0.25000000 0.50000000
vt 0.25000000 0.50000000
vt 0.25000000 0.50000000
vt 0.25000000 0.50000000
vt 0.25000000 0.50000000
vt 0.25000000 0.50000000
vt 0.25000000 0.50000000
vt 0.25000000 0.50000000
vt 0.25000000 0.50000000
vt 0.25000000 0.50000000
vt 0.25000000 0.50000000
vt 0.25000000 0.50000000
vt 0.25000000 0.50000000
vt 0.25000000 0.50000000
vt 0.25000000 0.50000000
vt 0.25000000 0.50000000
vt 0.25000000 0.50000000
vt 0.25000000 0.50000000
vt 0.25000000 0.50000000
vt 0.25000000 0.50000000
vt 0.25000000 0.50000000
vt 0.25000000 0.50000000
vt 0.25000000 0.50000000
vt 0.25000000 0.50000000
vt 0.25000000 0.50000000
vt 0.25000000 0.50000000
vt 0.25000000 0.50000000
vt 0.25000000 0.50000000
vt 0.25000000 0.50000000
vt 0.25000000 0.50000000
vt 0.25000000 0.50000000
vt 0.25000000 0.50000000
vt 0.25000000 0.50000000
vt 0.25000000 0.50000000
vt 0.25000000 0.50000000
vt 0.25000000 0.50000000
vt 0.25000000 0.50000000
vt 0.25000000 0.50000000
vt 0.25000000 0.50000000
vt 0.25000000 0.50000000
vt 0.25000000 0.50000000
vt 0.25000000 0.50000000
vt 0.25000000 0.50000000
vt 0.25000000 0.50000000
vt 0.25000000 0.50000000
vt 0.25000000 0.50000000
vt 0.25000000 0.50000000
vt 0.25000000 0.50000000
vt 0.25000000 0.50000000
vt 0.25000000 0.50000000
vt 0.25000000 0.50000000
vt 0.25000000 0.50000000
vt 0.25000000 0.50000000
vt 0.25000000 0.50000000
vt 0.25000000 0.50000000
vt 0.25000000 0.50000000
vt 0.25000000 0.50000000
vt 0.25000000 0.50000000
vt 0.25000000 0.50000000
vt 0.25000000 0.50000000
vt 0.25000000 0.50000000
vt 0.25000000 0.50000000
vt 0.25000000 0.50000000
vt 0.25000000 0.50000000
vt 0.25000000 0.50000000
vt 0.25000000 0.50000000
vt 0.25000000 0.50000000
vt 0.25000000 0.50000000
vt 0.25000000 0.50000000
vt 0.25000000 0.50000000
vt 0.25000000 0.50000000
vt 0.25000000 0.50000000
vt 0.25000000 0.50000000
vt 0.25000000 0.50000000
vt 0.25000000 0.50000000
vt 0.25000000 0.50000000
vt 0.25000000 0.50000000
vt 0.25000000 0.50000000
vt 0.25000000 0.50000000
vt 0.25000000 0.50000000
vt 0.25000000 0.50000000
vt 0.25000000 0.50000000
vt 0.25000000 0.50000000
vt 0.25000000 0.50000000
vt 0.25000000 0.50000000
vt 0.25000000 0.50000000
vt 0.25000000 0.50000000
vt 0.25000000 0.50000000
vt 0.25000000 0.50000000
vt 0.25000000 0.50000000
vt 0.25000000 0.50000000
vt 0.25000000 0.50000000
vt 0.25000000 0.50000000
vt 0.25000000 0.50000000
vt 0.25000000 0.50000000
vt 0.25000000 0.50000000
vt 0.25000000 0.50000000
vt 0.25000000 0.50000000
vt 0.25000000 0.50000000
vt 0.25000000 0.50000000
vt 0.25000000 0.50000000
vt 0.25000000 0.50000000
vt 0.25000000 0.50000000
vt 0.25000000 0.50000000
vt 0.25000000 0.50000000
vt 0.25000000 0.50000000
vt 0.25000000 0.50000000
vt 0.25000000 0.50000000
vt 0.25000000 0.50000000
vt 0.25000000 0.50000000
vt 0.25000000 0.50000000
vt 0.25000000 0.50000000
vt 0.25000000 0.50000000
vt 0.25000000 0.50000000
vt 0.25000000 0.50000000
vt 0.25000000 0.50000000
vt 0.25000000 0.50000000
vt 0.25000000 0.50000000
vt 0.25000000 0.50000000
vt 0.25000000 0.50000000
vt 0.25000000 0.50000000
vt 0.25000000 0.50000000
vt 0.25000000 0.50000000
vt 0.25000000 0.50000000
vt 0.25000000 0.50000000
vt 0.25000000 0.50000000
vt 0.25000000 0.50000000
vt 0.25000000 0.50000000
vt 0.25000000 0.50000000
vt 0.25000000 0.50000000
vt 0.25000000 0.50000000
vt 0.25000000 0.50000000
vt 0.25000000 0.50000000
vt 0.25000000 0.50000000
vt 0.25000000 0.50000000
vt 0.25000000 0.50000000
vt 0.25000000 0.50000000
vt 0.25000000 0.50000000
vt 0.25000000 0.50000000
vt 0.25000000 0.50000000
vt 0.25000000 0.50000000
vt 0.25000000 0.50000000
vt 0.25000000 0.50000000
vt 0.25000000 0.50000000
vt 0.25000000 0.50000000
vt 0.25000000 0.50000000
vt 0.25000000 0.50000000
vt 0.25000000 0.50000000
vt 0.25000000 0.50000000
vt 0.25000000 0.50000000
vt 0.25000000 0.50000000
vt 0.25000000 0.50000000
vt 0.25000000 0.50000000
vt 0.25000000 0.50000000
vt 0.25000000 0.50000000
vt 0.25000000 0.50000000
vt 0.25000000 0.50000000
vt 0.25000000 0.50000000
vt 0.25000000 0.50000000
vt 0.25000000 0.50000000
vt 0.25000000 0.50000000
vt 0.25000000 0.50000000
vt 0.25000000 0.50000000
vt 0.25000000 0.50000000
vt 0.25000000 0.50000000
vt 0.25000000 0.50000000
vt 0.25000000 0.50000000
vt 0.25000000 0.50000000
vt 0.25000000 0.50000000
vt 0.25000000 0.50000000
vt 0.25000000 0.50000000
vt 0.25000000 0.50000000
vt 0.25000000 0.50000000
vt 0.25000000 0.50000000
vt 0.25000000 0.50000000
vt 0.25000000 0.50000000
vt 0.25000000 0.50000000
vt 0.25000000 0.50000000
vt 0.25000000 0.50000000
vt 0.25000000 0.50000000
vt 0.25000000 0.50000000
vt 0.25000000 0.50000000
vt 0.25000000 0.50000000
vt 0.25000000 0.50000000
vt 0.25000000 0.50000000
vt 0.25000000 0.50000000
vt 0.25000000 0.50000000
vt 0.25000000 0.50000000
vt 0.25000000 0.50000000
vt 0.25000000 0.50000000
vt 0.25000000 0.50000000
vt 0.25000000 0.50000000
vt 0.25000000 0.50000000
vt 0.25000000 0.50000000
vt 0.25000000 0.50000000
vt 0.25000000 0.50000000
vt 0.25000000 0.50000000
vt 0.25000000 0.50000000
vt 0.25000000 0.50000000
vt 0.25000000 0.50000000
vt 0.25000000 0.50000000
vt 0.25000000 0.50000000
vt 0.25000000 0.50000000
vt 0.25000000 0.50000000
vt 0.25000000 0.50000000
vt 0.25000000 0.50000000
vt 0.25000000 0.50000000
vt 0.25000000 0.50000000
vt 0.25000000 0.50000000
vt 0.25000000 0.50000000
vt 0.25000000 0.50000000
vt 0.25000000 0.50000000
vt 0.25000000 0.50000000
vt 0.25000000 0.50000000
vt 0.25000000 0.50000000
vt 0.25000000 0.50000000
vt 0.25000000 0.50000000
vt 0.25000000 0.50000000
vt 0.25000000 0.50000000
vt 0.25000000 0.50000000
vt 0.25000000 0.50000000
vt 0.25000000 0.50000000
vt 0.25000000 0.50000000
vt 0.25000000 0.50000000
vt 0.25000000 0.50000000
vt 0.25000000 0.50000000
vt 0.25000000 0.50000000
vt 0.25000000 0.50000000
vt 0.25000000 0.50000000
vt 0.25000000 0.50000000
vt 0.25000000 0.50000000
vt 0.25000000 0.50000000
vt 0.25000000 0.50000000
vt 0.25000000 0.50000000
vt 0.25000000 0.50000000
vt 0.25000000 0.50000000
vt 0.25000000 0.50000000
vt 0.25000000 0.50000000
vt 0.25000000 0.50000000
vt 0.25000000 0.50000000
vt 0.25000000 0.50000000
vt 0.25000000 0.50000000
vt 0.25000000 0.50000000
vt 0.25000000 0.50000000
vt 0.25000000 0.50000000
vt 0.25000000 0.50000000
vt 0.25000000 0.50000000
vt 0.25000000 0.50000000
vt 0.25000000 0.50000000
vt 0.25000000 0.50000000
vt 0.25000000 0.50000000
vt 0.25000000 0.50000000
vt 0.25000000 0.50000000
vt 0.25000000 0.50000000
vt 0.25000000 0.50000000
vt 0.25000000 0.50000000
vt 0.25000000 0.50000000
vt 0.25000000 0.50000000
vt 0.25000000 0.50000000
vt 0.25000000 0.50000000
vt 0.25000000 0.50000000
vt 0.25000000 0.50000000
vt 0.25000000 0.50000000
vt 0.25000000 0.50000000
vt 0.25000000 0.50000000
vt 0.25000000 0.50000000
vt 0.25000000 0.50000000
vt 0.25000000 0.50000000
vt 0.25000000 0.50000000
vt 0.25000000 0.50000000
vt 0.25000000 0.50000000
vt 0.25000000 0.50000000
vt 0.25000000 0.50000000
vt 0.25000000 0.50000000
vt 0.25000000 0.50000000
vt 0.25000000 0.50000000
vt 0.25000000 0.50000000
vt 0.25000000 0.50000000
vt 0.25000000 0.50000000
vt 0.25000000 0.50000000
vt 0.25000000 0.50000000
vt 0.25000000 0.50000000
vt 0.25000000 0.50000000
vt 0.25000000 0.50000000
vt 0.25000000 0.50000000
vt 0.25000000 0.50000000
vt 0.25000000 0.50000000
vt 0.25000000 0.50000000
vt 0.25000000 0.50000000
vt 0.25000000 0.50000000
vt 0.25000000 0.50000000
vt 0.25000000 0.50000000
vt 0.25000000 0.50000000
vt 0.25000000 0.50000000
vt 0.25000000 0.50000000
vt 0.25000000 0.50000000
vt 0.25000000 0.50000000
vt 0.25000000 0.50000000
vt 0.25000000 0.50000000
vt 0.25000000 0.50000000
vt 0.25000000 0.50000000
vt 0.25000000 0.50000000
vt 0.25000000 0.50000000
vt 0.25000000 0.50000000
vt 0.25000000 0.50000000
vt 0.25000000 0.50000000
vt 0.25000000 0.50000000
vt 0.25000000 0.50000000
vt 0.25000000 0.50000000
vt 0.25000000 0.50000000
vt 0.25000000 0.50000000
vt 0.25000000 0.50000000
vt 0.25000000 0.50000000
vt 0.25000000 0.50000000
vt 0.25000000 0.50000000
vt 0.25000000 0.50000000
vt 0.25000000 0.50000000
vt 0.25000000 0.50000000
vt 0.25000000 0.50000000
vt 0.25000000 0.50000000
vt 0.25000000 0.50000000
vt 0.25000000 0.50000000
vt 0.25000000 0.50000000
vt 0.25000000 0.50000000
vt 0.25000000 0.50000000
vt 0.25000000 0.50000000
vt 0.25000000 0.50000000
vt 0.25000000 0.50000000
vt 0.25000000 0.50000000
vt 0.25000000 0.50000000
vt 0.25000000 0.50000000
vt 0.25000000 0.50000000
vt 0.25000000 0.50000000
vt 0.25000000 0.50000000
vt 0.25000000 0.50000000
vt 0.25000000 0.50000000
vt 0.25000000 0.50000000
vt 0.25000000 0.50000000
vt 0.25000000 0.50000000
vt 0.25000000 0.50000000
vt 0.25000000 0.50000000
vt 0.25000000 0.50000000
vt 0.25000000 0.50000000
vt 0.25000000 0.50000000
vt 0.25000000 0.50000000
vt 0.25000000 0.50000000
vt 0.25000000 0.50000000
vt 0.25000000 0.50000000
vt 0.25000000 0.50000000
vt 0.25000000 0.50000000
vt 0.25000000 0.50000000
vt 0.25000000 0.50000000
vt 0.25000000 0.50000000
vt 0.25000000 0.50000000
vt 0.25000000 0.50000000
vt 0.25000000 0.50000000
vt 0.25000000 0.50000000
vt 0.25000000 0.50000000
vt 0.25000000 0.50000000
vt 0.25000000 0.50000000
vt 0.25000000 0.50000000
vt 0.25000000 0.50000000
vt 0.25000000 0.50000000
vt 0.25000000 0.50000000
vt 0.25000000 0.50000000
vt 0.25000000 0.50000000
vt 0.25000000 0.50000000
vt 0.25000000 0.50000000
vt 0.25000000 0.50000000
vt 0.25000000 0.50000000
vt 0.25000000 0.50000000
vt 0.25000000 0.50000000
vt 0.25000000 0.50000000
vt 0.25000000 0.50000000
vt 0.25000000 0.50000000
vt 0.25000000 0.50000000
vt 0.25000000 0.50000000
vt 0.25000000 0.50000000
vt 0.25000000 0.50000000
vt 0.25000000 0.50000000
vt 0.25000000 0.50000000
vt 0.25000000 0.50000000
vt 0.25000000 0.50000000
vt 0.25000000 0.50000000
vt 0.25000000 0.50000000
vt 0.25000000 0.50000000
vt 0.25000000 0.50000000
vt 0.25000000 0.50000000
vt 0.25000000 0.50000000
vt 0.25000000 0.50000000
vt 0.25000000 0.50000000
vt 0.25000000 0.50000000
vt 0.25000000 0.50000000
vt 0.25000000 0.50000000
vt 0.25000000 0.50000000
vt 0.25000000 0.50000000
vt 0.25000000 0.50000000
vt 0.25000000 0.50000000
vt 0.25000000 0.50000000
vt 0.25000000 0.50000000
vt 0.25000000 0.50000000
vt 0.25000000 0.50000000
vt 0.25000000 0.50000000
vt 0.25000000 0.50000000
vt 0.25000000 0.50000000
vt 0.25000000 0.50000000
vt 0.25000000 0.50000000
vt 0.25000000 0.50000000
vt 0.25000000 0.50000000
vt 0.25000000 0.50000000
vt 0.25000000 0.50000000
vt 0.25000000 0.50000000
vt 0.25000000 0.50000000
vt 0.25000000 0.50000000
vt 0.25000000 0.50000000
vt 0.25000000 0.50000000
vt 0.25000000 0.50000000
vt 0.25000000 0.50000000
vt 0.25000000 0.50000000
vt 0.25000000 0.50000000
vt 0.25000000 0.50000000
vt 0.25000000 0.50000000
vt 0.25000000 0.50000000
vt 0.25000000 0.50000000
vt 0.25000000 0.50000000
vt 0.25000000 0.50000000
vt 0.25000000 0.50000000
vt 0.25000000 0.50000000
vt 0.25000000 0.50000000
vt 0.25000000 0.50000000
vt 0.25000000 0.50000000
vt 0.25000000 0.50000000
vt 0.25000000 0.50000000
vt 0.25000000 0.50000000
vt 0.25000000 0.50000000
vt 0.25000000 0.50000000
vt 0.25000000 0.50000000
vt 0.25000000 0.50000000
vt 0.25000000 0.50000000
vt 0.25000000 0.50000000
vt 0.25000000 0.50000000
vt 0.25000000 0.50000000
vt 0.25000000 0.50000000
vt 0.25000000 0.50000000
vt 0.25000000 0.50000000
vt 0.25000000 0.50000000
vt 0.25000000 0.50000000
vt 0.25000000 0.50000000
vt 0.25000000 0.50000000
vt 0.25000000 0.50000000
vt 0.25000000 0.50000000
vt 0.25000000 0.50000000
vt 0.25000000 0.50000000
vt 0.25000000 0.50000000
vt 0.25000000 0.50000000
vt 0.25000000 0.50000000
vt 0.25000000 0.50000000
vt 0.25000000 0.50000000
vt 0.25000000 0.50000000
vt 0.25000000 0.50000000
vt 0.25000000 0.50000000
vt 0.25000000 0.50000000
vt 0.25000000 0.50000000
vt 0.25000000 0.50000000
vt 0.25000000 0.50000000
vt 0.25000000 0.50000000
vt 0.25000000 0.50000000
vt 0.25000000 0.50000000
vt 0.25000000 0.50000000
vt 0.25000000 0.50000000
vt 0.25000000 0.50000000
vt 0.25000000 0.50000000
vt 0.25000000 0.50000000
vt 0.25000000 0.50000000
vt 0.25000000 0.50000000
vt 0.25000000 0.50000000
vt 0.25000000 0.50000000
vt 0.25000000 0.50000000
vt 0.25000000 0.50000000
vt 0.25000000 0.50000000
vt 0.25000000 0.50000000
vt 0.25000000 0.50000000
vt 0.25000000 0.50000000
vt 0.25000000 0.50000000
vt 0.25000000 0.50000000
vt 0.25000000 0.50000000
vt 0.25000000 0.50000000
vt 0.25000000 0.50000000
vt 0.25000000 0.50000000
vt 0.25000000 0.50000000
vt 0.25000000 0.50000000
vt 0.25000000 0.50000000
vt 0.25000000 0.50000000
vt 0.25000000 0.50000000
vt 0.25000000 0.50000000
vt 0.25000000 0.50000000
vt 0.25000000 0.50000000
vt 0.25000000 0.50000000
vt 0.25000000 0.50000000
vt 0.25000000 0.50000000
vt 0.25000000 0.50000000
vt 0.25000000 0.50000000
vt 0.25000000 0.50000000
vt 0.25000000 0.50000000
vt 0.25000000 0.50000000
vt 0.25000000 0.50000000
vt 0.25000000 0.50000000
vt 0.25000000 0.50000000
vt 0.25000000 0.50000000
vt 0.25000000 0.50000000
vt 0.25000000 0.50000000
vt 0.25000000 0.50000000
vt 0.25000000 0.50000000
vt 0.25000000 0.50000000
vt 0.25000000 0.50000000
vt 0.25000000 0.50000000
vt 0.25000000 0.50000000
vt 0.25000000 0.50000000
vt 0.25000000 0.50000000
vt 0.25000000 0.50000000
vt 0.25000000 0.50000000
vt 0.25000000 0.50000000
vt 0.25000000 0.50000000
vt 0.25000000 0.50000000
vt 0.25000000 0.50000000
vt 0.25000000 0.50000000
vt 0.25000000 0.50000000
vt 0.25000000 0.50000000
vt 0.25000000 0.50000000
vt 0.25000000 0.50000000
vt 0.25000000 0.50000000
vt 0.25000000 0.50000000
vt 0.25000000 0.50000000
vt 0.25000000 0.50000000
vt 0.25000000 0.50000000
vt 0.25000000 0.50000000
vt 0.25000000 0.50000000
vt 0.25000000 0.50000000
vt 0.25000000 0.50000000
vt 0.25000000 0.50000000
vt 0.25000000 0.50000000
vt 0.25000000 0.50000000
vt 0.25000000 0.50000000
vt 0.25000000 0.50000000
vt 0.25000000 0.50000000
vt 0.25000000 0.50000000
vt 0.25000000 0.50000000
vt 0.25000000 0.50000000
vt 0.25000000 0.50000000
vt 0.25000000 0.50000000
vt 0.25000000 0.50000000
vt 0.25000000 0.50000000
vt 0.25000000 0.50000000
vt 0.25000000 0.50000000
vt 0.25000000 0.50000000
vt 0.25000000 0.50000000
vt 0.25000000 0.50000000
vt 0.25000000 0.50000000
vt 0.25000000 0.50000000
vt 0.25000000 0.50000000
vt 0.25000000 0.50000000
vt 0.25000000 0.50000000
vt 0.25000000 0.50000000
vt 0.25000000 0.50000000
vt 0.25000000 0.50000000
vt 0.25000000 0.50000000
vt 0.25000000 0.50000000
vt 0.25000000 0.50000000
vt 0.25000000 0.50000000
vt 0.25000000 0.50000000
vt 0.25000000 0.50000000
vt 0.25000000 0.50000000
vt 0.25000000 0.50000000
vt 0.25000000 0.50000000
vt 0.25000000 0.50000000
vt 0.25000000 0.50000000
vt 0.25000000 0.50000000
vt 0.25000000 0.50000000
vt 0.25000000 0.50000000
vt 0.25000000 0.50000000
vt 0.25000000 0.50000000
vt 0.25000000 0.50000000
vt 0.25000000 0.50000000
vt 0.25000000 0.50000000
vt 0.25000000 0.50000000
vt 0.25000000 0.50000000
vt 0.25000000 0.50000000
vt 0.25000000 0.50000000
vt 0.25000000 0.50000000
vt 0.25000000 0.50000000
vt 0.25000000 0.50000000
vt 0.25000000 0.50000000
vt 0.25000000 0.50000000
vt 0.25000000 0.50000000
vt 0.25000000 0.50000000
vt 0.25000000 0.50000000
vt 0.25000000 0.50000000
vt 0.25000000 0.50000000
vt 0.25000000 0.50000000
vt 0.25000000 0.50000000
vt 0.25000000 0.50000000
vt 0.25000000 0.50000000
vt 0.25000000 0.50000000
vt 0.25000000 0.50000000
vt 0.25000000 0.50000000
vt 0.25000000 0.50000000
vt 0.25000000 0.50000000
vt 0.25000000 0.50000000
vt 0.25000000 0.50000000
vt 0.25000000 0.50000000
vt 0.25000000 0.50000000
vt 0.25000000 0.50000000
vt 0.25000000 0.50000000
vt 0.25000000 0.50000000
vt 0.25000000 0.50000000
vt 0.25000000 0.50000000
vt 0.25000000 0.50000000
vt 0.25000000 0.50000000
vt 0.25000000 0.50000000
vt 0.25000000 0.50000000
vt 0.25000000 0.50000000
vt 0.25000000 0.50000000
vt 0.25000000 0.50000000
vt 0.25000000 0.50000000
vt 0.25000000 0.50000000
vt 0.25000000 0.50000000
vt 0.25000000 0.50000000
vt 0.25000000 0.50000000
vt 0.25000000 0.50000000
vt 0.25000000 0.50000000
vt 0.25000000 0.50000000
vt 0.25000000 0.50000000
vt 0.25000000 0.50000000
vt 0.25000000 0.50000000
vt 0.25000000 0.50000000
vt 0.25000000 0.50000000
vt 0.25000000 0.50000000
vt 0.25000000 0.50000000
vt 0.25000000 0.50000000
vt 0.25000000 0.50000000
vt 0.25000000 0.50000000
vt 0.25000000 0.50000000
vt 0.25000000 0.50000000
vt 0.25000000 0.50000000
vt 0.25000000 0.50000000
vt 0.25000000 0.50000000
vt 0.25000000 0.50000000
vt 0.25000000 0.50000000
vt 0.25000000 0.50000000
vt 0.25000000 0.50000000
vt 0.25000000 0.50000000
vt 0.25000000 0.50000000
vt 0.25000000 0.50000000
vt 0.25000000 0.50000000
vt 0.25000000 0.50000000
vt 0.25000000 0.50000000
vt 0.25000000 0.50000000
vt 0.25000000 0.50000000
vt 0.25000000 0.50000000
vt 0.25000000 0.50000000
vt 0.25000000 0.50000000
vt 0.25000000 0.50000000
vt 0.25000000 0.50000000
vt 0.25000000 0.50000000
vt 0.25000000 0.50000000
vt 0.25000000 0.50000000
vt 0.25000000 0.50000000
vt 0.25000000 0.50000000
vt 0.25000000 0.50000000
vt 0.25000000 0.50000000
vt 0.25000000 0.50000000
vt 0.25000000 0.50000000
vt 0.25000000 0.50000000
vt 0.25000000 0.50000000
vt 0.25000000 0.50000000
vt 0.25000000 0.50000000
vt 0.25000000 0.50000000
vt 0.25000000 0.50000000
vt 0.25000000 0.50000000
vt 0.25000000 0.50000000
vt 0.25000000 0.50000000
vt 0.25000000 0.50000000
vt 0.25000000 0.50000000
vt 0.25000000 0.50000000
vt 0.25000000 0.50000000
vt 0.25000000 0.50000000
vt 0.25000000 0.50000000
vt 0.25000000 0.50000000
vt 0.25000000 0.50000000
vt 0.25000000 0.50000000
vt 0.25000000 0.50000000
vt 0.25000000 0.50000000
vt 0.25000000 0.50000000
vt 0.25000000 0.50000000
vt 0.25000000 0.50000000
vt 0.25000000 0.50000000
vt 0.25000000 0.50000000
vt 0.25000000 0.50000000
vt 0.25000000 0.50000000
vt 0.25000000 0.50000000
vt 0.25000000 0.50000000
vt 0.25000000 0.50000000
vt 0.25000000 0.50000000
vt 0.25000000 0.50000000
vt 0.25000000 0.50000000
vt 0.25000000 0.50000000
vt 0.25000000 0.50000000
vt 0.25000000 0.50000000
vt 0.25000000 0.50000000
vt 0.25000000 0.50000000
vt 0.25000000 0.50000000
vt 0.25000000 0.50000000
vt 0.25000000 0.50000000
vt 0.25000000 0.50000000
vt 0.25000000 0.50000000
vt 0.25000000 0.50000000
vt 0.25000000 0.50000000
vt 0.25000000 0.50000000
vt 0.25000000 0.50000000
vt 0.25000000 0.50000000
vt 0.25000000 0.50000000
vt 0.25000000 0.50000000
vt 0.25000000 0.50000000
vt 0.25000000 0.50000000
vt 0.25000000 0.50000000
vt 0.25000000 0.50000000
vt 0.25000000 0.50000000
vt 0.25000000 0.50000000
vt 0.25000000 0.50000000
vt 0.25000000 0.50000000
vt 0.25000000 0.50000000
vt 0.25000000 0.50000000
vt 0.25000000 0.50000000
vt 0.25000000 0.50000000
vt 0.25000000 0.50000000
vt 0.25000000 0.50000000
vt 0.25000000 0.50000000
vt 0.25000000 0.50000000
vt 0.25000000 0.50000000
vt 0.25000000 0.50000000
vt 0.25000000 0.50000000
vt 0.25000000 0.50000000
vt 0.25000000 0.50000000
vt 0.25000000 0.50000000
vt 0.25000000 0.50000000
vt 0.25000000 0.50000000
vt 0.25000000 0.50000000
vt 0.25000000 0.50000000
vt 0.25000000 0.50000000
vt 0.25000000 0.50000000
vt 0.25000000 0.50000000
vt 0.25000000 0.50000000
vt 0.25000000 0.50000000
vt 0.25000000 0.50000000
vt 0.25000000 0.50000000
vt 0.25000000 0.50000000
vt 0.25000000 0.50000000
vt 0.25000000 0.50000000
vt 0.25000000 0.50000000
vt 0.25000000 0.50000000
vt 0.25000000 0.50000000
vt 0.25000000 0.50000000
vt 0.25000000 0.50000000
vt 0.25000000 0.50000000
vt 0.25000000 0.50000000
vt 0.25000000 0.50000000
vt 0.25000000 0.50000000
vt 0.25000000 0.50000000
vt 0.25000000 0.50000000
vt 0.25000000 0.50000000
vt 0.25000000 0.50000000
vt 0.25000000 0.50000000
vt 0.25000000 0.50000000
vt 0.25000000 0.50000000
vt 0.25000000 0.50000000
vt 0.25000000 0.50000000
vt 0.25000000 0.50000000
vt 0.25000000 0.50000000
vt 0.25000000 0.50000000
vt 0.25000000 0.50000000
vt 0.25000000 0.50000000
vt 0.25000000 0.50000000
vt 0.25000000 0.50000000
vt 0.25000000 0.50000000
vt 0.25000000 0.50000000
vt 0.25000000 0.50000000
vt 0.25000000 0.50000000
vt 0.25000000 0.50000000
vt 0.25000000 0.50000000
vt 0.25000000 0.50000000
vt 0.25000000 0.50000000
vt 0.25000000 0.50000000
vt 0.25000000 0.50000000
vt 0.25000000 0.50000000
vt 0.25000000 0.50000000
vt 0.25000000 0.50000000
vt 0.25000000 0.50000000
vt 0.25000000 0.50000000
vt 0.25000000 0.50000000
vt 0.25000000 0.50000000
vt 0.25000000 0.50000000
vt 0.25000000 0.50000000
vt 0.25000000 0.50000000
vt 0.25000000 0.50000000
vt 0.25000000 0.50000000
vt 0.25000000 0.50000000
vt 0.25000000 0.50000000
vt 0.25000000 0.50000000
vt 0.25000000 0.50000000
vt 0.25000000 0.50000000
vt 0.25000000 0.50000000
vt 0.25000000 0.50000000
vt 0.25000000 0.50000000
vt 0.25000000 0.50000000
vt 0.25000000 0.50000000
vt 0.25000000 0.50000000
vt 0.25000000 0.50000000
vt 0.25000000 0.50000000
vt 0.25000000 0.50000000
vt 0.25000000 0.50000000
vt 0.25000000 0.50000000
vt 0.25000000 0.50000000
vt 0.25000000 0.50000000
vt 0.25000000 0.50000000
vt 0.25000000 0.50000000
vt 0.25000000 0.50000000
vt 0.25000000 0.50000000
vt 0.25000000 0.50000000
vt 0.25000000 0.50000000
vt 0.25000000 0.50000000
vt 0.25000000 0.50000000
vt 0.25000000 0.50000000
vt 0.25000000 0.50000000
vt 0.25000000 0.50000000
vt 0.25000000 0.50000000
vt 0.25000000 0.50000000
vt 0.25000000 0.50000000
vt 0.25000000 0.50000000
vt 0.25000000 0.50000000
vt 0.25000000 0.50000000
vt 0.25000000 0.50000000
vt 0.25000000 0.50000000
vt 0.25000000 0.50000000
vt 0.25000000 0.50000000
vt 0.25000000 0.50000000
vt 0.25000000 0.50000000
vt 0.25000000 0.50000000
vt 0.25000000 0.50000000
vt 0.25000000 0.50000000
vt 0.25000000 0.50000000
vt 0.25000000 0.50000000
vt 0.25000000 0.50000000
vt 0.25000000 0.50000000
vt 0.25000000 0.50000000
vt 0.25000000 0.50000000
vt 0.25000000 0.50000000
vt 0.25000000 0.50000000
vt 0.25000000 0.50000000
vt 0.25000000 0.50000000
vt 0.25000000 0.50000000
vt 0.25000000 0.50000000
vt 0.25000000 0.50000000
vt 0.25000000 0.50000000
vt 0.25000000 0.50000000
vt 0.25000000 0.50000000
vt 0.25000000 0.50000000
vt 0.25000000 0.50000000
vt 0.25000000 0.50000000
vt 0.25000000 0.50000000
vt 0.25000000 0.50000000
vt 0.25000000 0.50000000
vt 0.25000000 0.50000000
vt 0.25000000 0.50000000
vt 0.25000000 0.50000000
vt 0.25000000 0.50000000
vt 0.25000000 0.50000000
vt 0.25000000 0.50000000
vt 0.25000000 0.50000000
vt 0.25000000 0.50000000
vt 0.25000000 0.50000000
vt 0.25000000 0.50000000
vt 0.25000000 0.50000000
vt 0.25000000 0.50000000
vt 0.25000000 0.50000000
vt 0.25000000 0.50000000
vt 0.25000000 0.50000000
vt 0.25000000 0.50000000
vt 0.25000000 0.50000000
vt 0.25000000 0.50000000
vt 0.25000000 0.50000000
vt 0.25000000 0.50000000
vt 0.25000000 0.50000000
vt 0.25000000 0.50000000
vt 0.25000000 0.50000000
vt 0.25000000 0.50000000
vt 0.25000000 0.50000000
vt 0.25000000 0.50000000
vt 0.25000000 0.50000000
vt 0.25000000 0.50000000
vt 0.25000000 0.50000000
vt 0.25000000 0.50000000
vt 0.25000000 0.50000000
vt 0.25000000 0.50000000
vt 0.25000000 0.50000000
vt 0.25000000 0.50000000
vt 0.25000000 0.50000000
vt 0.25000000 0.50000000
vt 0.25000000 0.50000000
vt 0.25000000 0.50000000
vt 0.25000000 0.50000000
vt 0.25000000 0.50000000
vt 0.25000000 0.50000000
vt 0.25000000 0.50000000
vt 0.25000000 0.50000000
vt 0.25000000 0.50000000
vt 0.25000000 0.50000000
vt 0.25000000 0.50000000
vt 0.25000000 0.50000000
vt 0.25000000 0.50000000
vt 0.25000000 0.50000000
vt 0.25000000 0.50000000
vt 0.25000000 0.50000000
vt 0.25000000 0.50000000
vt 0.25000000 0.50000000
vt 0.25000000 0.50000000
vt 0.25000000 0.50000000
vt 0.25000000 0.50000000
vt 0.25000000 0.50000000
vt 0.25000000 0.50000000
vt 0.25000000 0.50000000
vt 0.25000000 0.50000000
vt 0.25000000 0.50000000
vt 0.25000000 0.50000000
vt 0.25000000 0.50000000
vt 0.25000000 0.50000000
vt 0.25000000 0.50000000
vt 0.25000000 0.50000000
vt 0.25000000 0.50000000
vt 0.25000000 0.50000000
vt 0.25000000 0.50000000
vt 0.25000000 0.50000000
vt 0.25000000 0.50000000
vt 0.25000000 0.50000000
vt 0.25000000 0.50000000
vt 0.25000000 0.50000000
vt 0.25000000 0.50000000
vt 0.25000000 0.50000000
vt 0.25000000 0.50000000
vt 0.25000000 0.50000000
vt 0.25000000 0.50000000
vt 0.25000000 0.50000000
vt 0.25000000 0.50000000
vt 0.25000000 0.50000000
vt 0.25000000 0.50000000
vt 0.25000000 0.50000000
vt 0.25000000 0.50000000
vt 0.25000000 0.50000000
vt 0.25000000 0.50000000
vt 0.25000000 0.50000000
vt 0.25000000 0.50000000
vt 0.25000000 0.50000000
vt 0.25000000 0.50000000
vt 0.25000000 0.50000000
vt 0.25000000 0.50000000
vt 0.25000000 0.50000000
vt 0.25000000 0.50000000
vt 0.25000000 0.50000000
vt 0.25000000 0.50000000
vt 0.25000000 0.50000000
vt 0.25000000 0.50000000
vt 0.25000000 0.50000000
vt 0.25000000 0.50000000
vt 0.25000000 0.50000000
vt 0.25000000 0.50000000
vt 0.25000000 0.50000000
vt 0.25000000 0.50000000
vt 0.25000000 0.50000000
vt 0.25000000 0.50000000
vt 0.25000000 0.50000000
vt 0.25000000 0.50000000
vt 0.25000000 0.50000000
vt 0.25000000 0.50000000
vt 0.25000000 0.50000000
vt 0.25000000 0.50000000
vt 0.25000000 0.50000000
vt 0.25000000 0.50000000
vt 0.25000000 0.50000000
vt 0.25000000 0.50000000
vt 0.25000000 0.50000000
vt 0.25000000 0.50000000
vt 0.25000000 0.50000000
vt 0.25000000 0.50000000
vt 0.25000000 0.50000000
vt 0.25000000 0.50000000
vt 0.25000000 0.50000000
vt 0.25000000 0.50000000
vt 0.25000000 0.50000000
vt 0.25000000 0.50000000
vt 0.25000000 0.50000000
vt 0.25000000 0.50000000
vt 0.25000000 0.50000000
vt 0.25000000 0.50000000
vt 0.25000000 0.50000000
vt 0.25000000 0.50000000
vt 0.25000000 0.50000000
vt 0.25000000 0.50000000
vt 0.25000000 0.50000000
vt 0.25000000 0.50000000
vt 0.25000000 0.50000000
vt 0.25000000 0.50000000
vt 0.25000000 0.50000000
vt 0.25000000 0.50000000
vt 0.25000000 0.50000000
vt 0.25000000 0.50000000
vt 0.25000000 0.50000000
vt 0.25000000 0.50000000
vt 0.25000000 0.50000000
vt 0.25000000 0.50000000
vt 0.25000000 0.50000000
vt 0.25000000 0.50000000
vt 0.25000000 0.50000000
vt 0.25000000 0.50000000
vt 0.25000000 0.50000000
vt 0.25000000 0.50000000
vt 0.25000000 0.50000000
vt 0.25000000 0.50000000
vt 0.25000000 0.50000000
vt 0.25000000 0.50000000
vt 0.25000000 0.50000000
vt 0.25000000 0.50000000
vt 0.25000000 0.50000000
vt 0.25000000 0.50000000
vt 0.25000000 0.50000000
vt 0.25000000 0.50000000
vt 0.25000000 0.50000000
vt 0.25000000 0.50000000
vt 0.25000000 0.50000000
vt 0.25000000 0.50000000
vt 0.25000000 0.50000000
vt 0.25000000 0.50000000
vt 0.25000000 0.50000000
vt 0.25000000 0.50000000
vt 0.25000000 0.50000000
vt 0.25000000 0.50000000
vt 0.25000000 0.50000000
vt 0.25000000 0.50000000
vt 0.25000000 0.50000000
vt 0.25000000 0.50000000
vt 0.25000000 0.50000000
vt 0.25000000 0.50000000
vt 0.25000000 0.50000000
vt 0.25000000 0.50000000
vt 0.25000000 0.50000000
vt 0.25000000 0.50000000
vt 0.25000000 0.50000000
vt 0.25000000 0.50000000
vt 0.25000000 0.50000000
vt 0.25000000 0.50000000
vt 0.25000000 0.50000000
vt 0.25000000 0.50000000
vt 0.25000000 0.50000000
vt 0.25000000 0.50000000
vt 0.25000000 0.50000000
vt 0.25000000 0.50000000
vt 0.25000000 0.50000000
vt 0.25000000 0.50000000
vt 0.25000000 0.50000000
vt 0.25000000 0.50000000
vt 0.25000000 0.50000000
vt 0.25000000 0.50000000
vt 0.25000000 0.50000000
vt 0.25000000 0.50000000
vt 0.25000000 0.50000000
vt 0.25000000 0.50000000
vt 0.25000000 0.50000000
vt 0.25000000 0.50000000
vt 0.25000000 0.50000000
vt 0.25000000 0.50000000
vt 0.25000000 0.50000000
vt 0.25000000 0.50000000
vt 0.25000000 0.50000000
vt 0.25000000 0.50000000
vt 0.25000000 0.50000000
vt 0.25000000 0.50000000
vt 0.25000000 0.50000000
vt 0.25000000 0.50000000
vt 0.25000000 0.50000000
vt 0.25000000 0.50000000
vt 0.25000000 0.50000000
vt 0.25000000 0.50000000
vt 0.25000000 0.50000000
vt 0.25000000 0.50000000
vt 0.25000000 0.50000000
vt 0.25000000 0.50000000
vt 0.25000000 0.50000000
vt 0.25000000 0.50000000
vt 0.25000000 0.50000000
vt 0.25000000 0.50000000
vt 0.25000000 0.50000000
vt 0.25000000 0.50000000
vt 0.25000000 0.50000000
vt 0.25000000 0.50000000
vt 0.25000000 0.50000000
vt 0.25000000 0.50000000
vt 0.25000000 0.50000000
vt 0.25000000 0.50000000
vt 0.25000000 0.50000000
vt 0.25000000 0.50000000
vt 0.25000000 0.50000000
vt 0.25000000 0.50000000
vt 0.25000000 0.50000000
vt 0.25000000 0.50000000
vt 0.25000000 0.50000000
vt 0.25000000 0.50000000
vt 0.25000000 0.50000000
vt 0.25000000 0.50000000
vt 0.25000000 0.50000000
vt 0.25000000 0.50000000
vt 0.25000000 0.50000000
vt 0.25000000 0.50000000
vt 0.25000000 0.50000000
vt 0.25000000 0.50000000
vt 0.25000000 0.50000000
vt 0.25000000 0.50000000
vt 0.25000000 0.50000000
vt 0.25000000 0.50000000
vt 0.25000000 0.50000000
vt 0.25000000 0.50000000
vt 0.25000000 0.50000000
vt 0.25000000 0.50000000
vt 0.25000000 0.50000000
vt 0.25000000 0.50000000
vt 0.25000000 0.50000000
vt 0.25000000 0.50000000
vt 0.25000000 0.50000000
vt 0.25000000 0.50000000
vt 0.25000000 0.50000000
vt 0.25000000 0.50000000
vt 0.25000000 0.50000000
vt 0.25000000 0.50000000
vt 0.25000000 0.50000000
vt 0.25000000 0.50000000
vt 0.25000000 0.50000000
vt 0.25000000 0.50000000
vt 0.25000000 0.50000000
vt 0.25000000 0.50000000
vt 0.25000000 0.50000000
vt 0.25000000 0.50000000
vt 0.25000000 0.50000000
vt 0.25000000 0.50000000
vt 0.25000000 0.50000000
vt 0.25000000 0.50000000
vt 0.25000000 0.50000000
vt 0.25000000 0.50000000
vt 0.25000000 0.50000000
vt 0.25000000 0.50000000
vt 0.25000000 0.50000000
vt 0.25000000 0.50000000
vt 0.25000000 0.50000000
vt 0.25000000 0.50000000
vt 0.25000000 0.50000000
vt 0.25000000 0.50000000
vt 0.25000000 0.50000000
vt 0.25000000 0.50000000
vt 0.25000000 0.50000000
vt 0.25000000 0.50000000
vt 0.25000000 0.50000000
vt 0.25000000 0.50000000
vt 0.25000000 0.50000000
vt 0.25000000 0.50000000
vt 0.25000000 0.50000000
vt 0.25000000 0.50000000
vt 0.25000000 0.50000000
vt 0.25000000 0.50000000
vt 0.25000000 0.50000000
vt 0.25000000 0.50000000
vt 0.25000000 0.50000000
vt 0.25000000 0.50000000
vt 0.25000000 0.50000000
vt 0.25000000 0.50000000
vt 0.25000000 0.50000000
vt 0.25000000 0.50000000
vt 0.25000000 0.50000000
vt 0.25000000 0.50000000
vt 0.25000000 0.50000000
vt 0.25000000 0.50000000
vt 0.25000000 0.50000000
vt 0.25000000 0.50000000
vt 0.25000000 0.50000000
vt 0.25000000 0.50000000
vt 0.25000000 0.50000000
vt 0.25000000 0.50000000
vt 0.25000000 0.50000000
vt 0.25000000 0.50000000
vt 0.25000000 0.50000000
vt 0.25000000 0.50000000
vt 0.25000000 0.50000000
vt 0.25000000 0.50000000
vt 0.25000000 0.50000000
vt 0.25000000 0.50000000
vt 0.25000000 0.50000000
vt 0.25000000 0.50000000
vt 0.25000000 0.50000000
vt 0.25000000 0.50000000
vt 0.25000000 0.50000000
vt 0.25000000 0.50000000
vt 0.25000000 0.50000000
vt 0.25000000 0.50000000
vt 0.25000000 0.50000000
vt 0.25000000 0.50000000
vt 0.25000000 0.50000000
vt 0.25000000 0.50000000
vt 0.25000000 0.50000000
vt 0.25000000 0.50000000
vt 0.25000000 0.50000000
vt 0.25000000 0.50000000
vt 0.25000000 0.50000000
vt 0.25000000 0.50000000
vt 0.25000000 0.50000000
vt 0.25000000 0.50000000
vt 0.25000000 0.50000000
vt 0.25000000 0.50000000
vt 0.25000000 0.50000000
vt 0.25000000 0.50000000
vt 0.25000000 0.50000000
vt 0.25000000 0.50000000
vt 0.25000000 0.50000000
vt 0.25000000 0.50000000
vt 0.25000000 0.50000000
vt 0.25000000 0.50000000
vt 0.25000000 0.50000000
vt 0.25000000 0.50000000
vt 0.25000000 0.50000000
vt 0.25000000 0.50000000
vt 0.25000000 0.50000000
vt 0.25000000 0.50000000
vt 0.25000000 0.50000000
vt 0.25000000 0.50000000
vt 0.25000000 0.50000000
vt 0.25000000 0.50000000
vt 0.25000000 0.50000000
vt 0.25000000 0.50000000
vt 0.25000000 0.50000000
vt 0.25000000 0.50000000
vt 0.25000000 0.50000000
vt 0.25000000 0.50000000
vt 0.25000000 0.50000000
vt 0.25000000 0.50000000
vt 0.25000000 0.50000000
vt 0.25000000 0.50000000
vt 0.25000000 0.50000000
vt 0.25000000 0.50000000
vt 0.25000000 0.50000000
vt 0.25000000 0.50000000
vt 0.25000000 0.50000000
vt 0.25000000 0.50000000
vt 0.25000000 0.50000000
vt 0.25000000 0.50000000
vt 0.25000000 0.50000000
vt 0.25000000 0.50000000
vt 0.25000000 0.50000000
vt 0.25000000 0.50000000
vt 0.25000000 0.50000000
vt 0.25000000 0.50000000
vt 0.25000000 0.50000000
vt 0.25000000 0.50000000
vt 0.25000000 0.50000000
vt 0.25000000 0.50000000
vt 0.25000000 0.50000000
vt 0.25000000 0.50000000
vt 0.25000000 0.50000000
vt 0.25000000 0.50000000
vt 0.25000000 0.50000000
vt 0.25000000 0.50000000
vt 0.25000000 0.50000000
vt 0.25000000 0.50000000
vt 0.25000000 0.50000000
vt 0.25000000 0.50000000
vt 0.25000000 0.50000000
vt 0.25000000 0.50000000
vt 0.25000000 0.50000000
vt 0.25000000 0.50000000
vt 0.25000000 0.50000000
vt 0.25000000 0.50000000
vt 0.25000000 0.50000000
vt 0.25000000 0.50000000
vt 0.25000000 0.50000000
vt 0.25000000 0.50000000
vt 0.25000000 0.50000000
vt 0.25000000 0.50000000
vt 0.25000000 0.50000000
vt 0.25000000 0.50000000
vt 0.25000000 0.50000000
vt 0.25000000 0.50000000
vt 0.25000000 0.50000000
vt 0.25000000 0.50000000
vt 0.25000000 0.50000000
vt 0.25000000 0.50000000
vt 0.25000000 0.50000000
vt 0.25000000 0.50000000
vt 0.25000000 0.50000000
vt 0.25000000 0.50000000
vt 0.25000000 0.50000000
vt 0.25000000 0.50000000
vt 0.25000000 0.50000000
vt 0.25000000 0.50000000
vt 0.25000000 0.50000000
vt 0.25000000 0.50000000
vt 0.25000000 0.50000000
vt 0.25000000 0.50000000
vt 0.25000000 0.50000000
vt 0.25000000 0.50000000
vt 0.25000000 0.50000000
vt 0.25000000 0.50000000
vt 0.25000000 0.50000000
vt 0.25000000 0.50000000
vt 0.25000000 0.50000000
vt 0.25000000 0.50000000
vt 0.25000000 0.50000000
vt 0.25000000 0.50000000
vt 0.25000000 0.50000000
vt 0.25000000 0.50000000
vt 0.25000000 0.50000000
vt 0.25000000 0.50000000
vt 0.25000000 0.50000000
vt 0.25000000 0.50000000
vt 0.25000000 0.50000000
vt 0.25000000 0.50000000
vt 0.25000000 0.50000000
vt 0.25000000 0.50000000
vt 0.25000000 0.50000000
vt 0.25000000 0.50000000
vt 0.25000000 0.50000000
vt 0.25000000 0.50000000
vt 0.25000000 0.50000000
vt 0.25000000 0.50000000
vt 0.25000000 0.50000000
vt 0.25000000 0.50000000
vt 0.25000000 0.50000000
vt 0.25000000 0.50000000
vt 0.25000000 0.50000000
vt 0.25000000 0.50000000
vt 0.25000000 0.50000000
vt 0.25000000 0.50000000
vt 0.25000000 0.50000000
vt 0.25000000 0.50000000
vt 0.25000000 0.50000000
vt 0.25000000 0.50000000
vt 0.25000000 0.50000000
vt 0.25000000 0.50000000
vt 0.25000000 0.50000000
vt 0.25000000 0.50000000
vt 0.25000000 0.50000000
vt 0.25000000 0.50000000
vt 0.25000000 0.50000000
vt 0.25000000 0.50000000
vt 0.25000000 0.50000000
vt 0.25000000 0.50000000
vt 0.25000000 0.50000000
vt 0.25000000 0.50000000
vt 0.25000000 0.50000000
vt 0.25000000 0.50000000
vt 0.25000000 0.50000000
vt 0.25000000 0.50000000
vt 0.25000000 0.50000000
vt 0.25000000 0.50000000
vt 0.25000000 0.50000000
vt 0.25000000 0.50000000
vt 0.25000000 0.50000000
vt 0.25000000 0.50000000
vt 0.25000000 0.50000000
vt 0.25000000 0.50000000
vt 0.25000000 0.50000000
vt 0.25000000 0.50000000
vt 0.25000000 0.50000000
vt 0.25000000 0.50000000
vt 0.25000000 0.50000000
vt 0.25000000 0.50000000
vt 0.25000000 0.50000000
vt 0.25000000 0.50000000
vt 0.25000000 0.50000000
vt 0.25000000 0.50000000
vt 0.25000000 0.50000000
vt 0.25000000 0.50000000
vt 0.25000000 0.50000000
vt 0.25000000 0.50000000
vt 0.25000000 0.50000000
vt 0.25000000 0.50000000
vt 0.25000000 0.50000000
vt 0.25000000 0.50000000
vt 0.25000000 0.50000000
vt 0.25000000 0.50000000
vt 0.25000000 0.50000000
vt 0.25000000 0.50000000
vt 0.25000000 0.50000000
vt 0.25000000 0.50000000
vt 0.25000000 0.50000000
vt 0.25000000 0.50000000
vt 0.25000000 0.50000000
vt 0.25000000 0.50000000
vt 0.25000000 0.50000000
vt 0.25000000 0.50000000
vt 0.25000000 0.50000000
vt 0.25000000 0.50000000
vt 0.25000000 0.50000000
vt 0.25000000 0.50000000
vt 0.25000000 0.50000000
vt 0.25000000 0.50000000
vt 0.25000000 0.50000000
vt 0.25000000 0.50000000
vt 0.25000000 0.50000000
vt 0.25000000 0.50000000
vt 0.25000000 0.50000000
vt 0.25000000 0.50000000
vt 0.25000000 0.50000000
vt 0.25000000 0.50000000
vt 0.25000000 0.50000000
vt 0.25000000 0.50000000
vt 0.25000000 0.50000000
vt 0.25000000 0.50000000
vt 0.25000000 0.50000000
vt 0.25000000 0.50000000
vt 0.25000000 0.50000000
vt 0.25000000 0.50000000
vt 0.25000000 0.50000000
vt 0.25000000 0.50000000
vt 0.25000000 0.50000000
vt 0.25000000 0.50000000
vt 0.25000000 0.50000000
vt 0.25000000 0.50000000
vt 0.25000000 0.50000000
vt 0.25000000 0.50000000
vt 0.25000000 0.50000000
vt 0.25000000 0.50000000
vt 0.25000000 0.50000000
vt 0.25000000 0.50000000
vt 0.25000000 0.50000000
vt 0.25000000 0.50000000
vt 0.25000000 0.50000000
vt 0.25000000 0.50000000
vt 0.25000000 0.50000000
vt 0.25000000 0.50000000
vt 0.25000000 0.50000000
vt 0.25000000 0.50000000
vt 0.25000000 0.50000000
vt 0.25000000 0.50000000
vt 0.25000000 0.50000000
vt 0.25000000 0.50000000
vt 0.25000000 0.50000000
vt 0.25000000 0.50000000
vt 0.25000000 0.50000000
vt 0.25000000 0.50000000
vt 0.25000000 0.50000000
vt 0.25000000 0.50000000
vt 0.25000000 0.50000000
vt 0.25000000 0.50000000
vt 0.25000000 0.50000000
vt 0.25000000 0.50000000
vt 0.25000000 0.50000000
vt 0.25000000 0.50000000
vt 0.25000000 0.50000000
vt 0.25000000 0.50000000
vt 0.25000000 0.50000000
vt 0.25000000 0.50000000
vt 0.25000000 0.50000000
vt 0.25000000 0.50000000
vt 0.25000000 0.50000000
vt 0.25000000 0.50000000
vt 0.25000000 0.50000000
vt 0.25000000 0.50000000
vt 0.25000000 0.50000000
vt 0.25000000 0.50000000
vt 0.25000000 0.50000000
vt 0.25000000 0.50000000
vt 0.25000000 0.50000000
vt 0.25000000 0.50000000
vt 0.25000000 0.50000000
vt 0.25000000 0.50000000
vt 0.25000000 0.50000000
vt 0.25000000 0.50000000
vt 0.25000000 0.50000000
vt 0.25000000 0.50000000
vt 0.25000000 0.50000000
vt 0.25000000 0.50000000
vt 0.25000000 0.50000000
vt 0.25000000 0.50000000
vt 0.25000000 0.50000000
vt 0.25000000 0.50000000
vt 0.25000000 0.50000000
vt 0.25000000 0.50000000
vt 0.25000000 0.50000000
vt 0.25000000 0.50000000
vt 0.25000000 0.50000000
vt 0.25000000 0.50000000
vt 0.25000000 0.50000000
vt 0.25000000 0.50000000
vt 0.25000000 0.50000000
vt 0.25000000 0.50000000
vt 0.25000000 0.50000000
vt 0.25000000 0.50000000
vt 0.25000000 0.50000000
vt 0.25000000 0.50000000
vt 0.25000000 0.50000000
vt 0.25000000 0.50000000
vt 0.25000000 0.50000000
vt 0.25000000 0.50000000
vt 0.25000000 0.50000000
vt 0.25000000 0.50000000
vt 0.25000000 0.50000000
vt 0.25000000 0.50000000
vt 0.25000000 0.50000000
vt 0.25000000 0.50000000
vt 0.25000000 0.50000000
vt 0.25000000 0.50000000
vt 0.25000000 0.50000000
vt 0.25000000 0.50000000
vt 0.25000000 0.50000000
vt 0.25000000 0.50000000
vt 0.25000000 0.50000000
vt 0.25000000 0.50000000
vt 0.25000000 0.50000000
vt 0.25000000 0.50000000
vt 0.25000000 0.50000000
vt 0.25000000 0.50000000
vt 0.25000000 0.50000000
vt 0.25000000 0.50000000
vt 0.25000000 0.50000000
vt 0.25000000 0.50000000
vt 0.25000000 0.50000000
vt 0.25000000 0.50000000
vt 0.25000000 0.50000000
vt 0.25000000 0.50000000
vt 0.25000000 0.50000000
vt 0.25000000 0.50000000
vt 0.25000000 0.50000000
vt 0.25000000 0.50000000
vt 0.25000000 0.50000000
vt 0.25000000 0.50000000
vt 0.25000000 0.50000000
vt 0.25000000 0.50000000
vt 0.25000000 0.50000000
vt 0.25000000 0.50000000
vt 0.25000000 0.50000000
vt 0.25000000 0.50000000
vt 0.25000000 0.50000000
vt 0.25000000 0.50000000
vt 0.25000000 0.50000000
vt 0.25000000 0.50000000
vt 0.25000000 0.50000000
vt 0.25000000 0.50000000
vt 0.25000000 0.50000000
vt 0.25000000 0.50000000
vt 0.25000000 0.50000000
vt 0.25000000 0.50000000
vt 0.25000000 0.50000000
vt 0.25000000 0.50000000
vt 0.25000000 0.50000000
vt 0.25000000 0.50000000
vt 0.25000000 0.50000000
vt 0.25000000 0.50000000
vt 0.25000000 0.50000000
vt 0.25000000 0.50000000
vt 0.25000000 0.50000000
vt 0.25000000 0.50000000
vt 0.25000000 0.50000000
vt 0.25000000 0.50000000
vt 0.25000000 0.50000000
vt 0.25000000 0.50000000
vt 0.25000000 0.50000000
vt 0.25000000 0.50000000
vt 0.25000000 0.50000000
vt 0.25000000 0.50000000
vt 0.25000000 0.50000000
vt 0.25000000 0.50000000
vt 0.25000000 0.50000000
vt 0.25000000 0.50000000
vt 0.25000000 0.50000000
vt 0.25000000 0.50000000
vt 0.25000000 0.50000000
vt 0.25000000 0.50000000
vt 0.25000000 0.50000000
vt 0.25000000 0.50000000
vt 0.25000000 0.50000000
vt 0.25000000 0.50000000
vt 0.25000000 0.50000000
vt 0.25000000 0.50000000
vt 0.25000000 0.50000000
vt 0.25000000 0.50000000
vt 0.25000000 0.50000000
vt 0.25000000 0.50000000
vt 0.25000000 0.50000000
vt 0.25000000 0.50000000
vt 0.25000000 0.50000000
vt 0.25000000 0.50000000
vt 0.25000000 0.50000000
vt 0.25000000 0.50000000
vt 0.25000000 0.50000000
vt 0.25000000 0.50000000
vt 0.25000000 0.50000000
vt 0.25000000 0.50000000
vt 0.25000000 0.50000000
vt 0.25000000 0.50000000
vt 0.25000000 0.50000000
vt 0.25000000 0.50000000
vt 0.25000000 0.50000000
vt 0.25000000 0.50000000
vt 0.25000000 0.50000000
vt 0.25000000 0.50000000
vt 0.25000000 0.50000000
vt 0.25000000 0.50000000
vt 0.25000000 0.50000000
vt 0.25000000 0.50000000
vt 0.25000000 0.50000000
vt 0.25000000 0.50000000
vt 0.25000000 0.50000000
vt 0.25000000 0.50000000
vt 0.25000000 0.50000000
vt 0.25000000 0.50000000
vt 0.25000000 0.50000000
vt 0.25000000 0.50000000
vt 0.25000000 0.50000000
vt 0.25000000 0.50000000
vt 0.25000000 0.50000000
vt 0.25000000 0.50000000
vt 0.25000000 0.50000000
vt 0.25000000 0.50000000
vt 0.25000000 0.50000000
vt 0.25000000 0.50000000
vt 0.25000000 0.50000000
vt 0.25000000 0.50000000
vt 0.25000000 0.50000000
vt 0.25000000 0.50000000
vt 0.25000000 0.50000000
vt 0.25000000 0.50000000
vt 0.25000000 0.50000000
vt 0.25000000 0.50000000
vt 0.25000000 0.50000000
vt 0.25000000 0.50000000
vt 0.25000000 0.50000000
vt 0.25000000 0.50000000
vt 0.25000000 0.50000000
vt 0.25000000 0.50000000
vt 0.25000000 0.50000000
vt 0.25000000 0.50000000
vt 0.25000000 0.50000000
vt 0.25000000 0.50000000
vt 0.25000000 0.50000000
vt 0.25000000 0.50000000
vt 0.25000000 0.50000000
vt 0.25000000 0.50000000
vt 0.25000000 0.50000000
vt 0.25000000 0.50000000
vt 0.25000000 0.50000000
vt 0.25000000 0.50000000
vt 0.25000000 0.50000000
vt 0.25000000 0.50000000
vt 0.25000000 0.50000000
vt 0.25000000 0.50000000
vt 0.25000000 0.50000000
vt 0.25000000 0.50000000
vt 0.25000000 0.50000000
vt 0.25000000 0.50000000
vt 0.25000000 0.50000000
vt 0.25000000 0.50000000
vt 0.25000000 0.50000000
vt 0.25000000 0.50000000
vt 0.25000000 0.50000000
vt 0.25000000 0.50000000
vt 0.25000000 0.50000000
vt 0.25000000 0.50000000
vt 0.25000000 0.50000000
vt 0.25000000 0.50000000
vt 0.25000000 0.50000000
vt 0.25000000 0.50000000
vt 0.25000000 0.50000000
vt 0.25000000 0.50000000
vt 0.25000000 0.50000000
vt 0.25000000 0.50000000
vt 0.25000000 0.50000000
vt 0.25000000 0.50000000
vt 0.25000000 0.50000000
vt 0.25000000 0.50000000
vt 0.25000000 0.50000000
vt 0.25000000 0.50000000
vt 0.25000000 0.50000000
vt 0.25000000 0.50000000
vt 0.25000000 0.50000000
vt 0.25000000 0.50000000
vt 0.25000000 0.50000000
vt 0.25000000 0.50000000
vt 0.25000000 0.50000000
vt 0.25000000 0.50000000
vt 0.25000000 0.50000000
vt 0.25000000 0.50000000
vt 0.25000000 0.50000000
vt 0.25000000 0.50000000
vt 0.25000000 0.50000000
vt 0.25000000 0.50000000
vt 0.25000000 0.50000000
vt 0.25000000 0.50000000
vt 0.25000000 0.50000000
vt 0.25000000 0.50000000
vt 0.25000000 0.50000000
vt 0.25000000 0.50000000
vt 0.25000000 0.50000000
vt 0.25000000 0.50000000
vt 0.25000000 0.50000000
vt 0.25000000 0.50000000
vt 0.25000000 0.50000000
vt 0.25000000 0.50000000
vt 0.25000000 0.50000000
vt 0.25000000 0.50000000
vt 0.25000000 0.50000000
vt 0.25000000 0.50000000
vt 0.25000000 0.50000000
vt 0.25000000 0.50000000
vt 0.25000000 0.50000000
vt 0.25000000 0.50000000
vt 0.25000000 0.50000000
vt 0.25000000 0.50000000
vt 0.25000000 0.50000000
vt 0.25000000 0.50000000
vt 0.25000000 0.50000000
vt 0.25000000 0.50000000
vt 0.25000000 0.50000000
vt 0.25000000 0.50000000
vt 0.25000000 0.50000000
vt 0.25000000 0.50000000
vt 0.25000000 0.50000000
vt 0.25000000 0.50000000
vt 0.25000000 0.50000000
vt 0.25000000 0.50000000
vt 0.25000000 0.50000000
vt 0.25000000 0.50000000
vt 0.25000000 0.50000000
vt 0.25000000 0.50000000
vt 0.25000000 0.50000000
vt 0.25000000 0.50000000
vt 0.25000000 0.50000000
vt 0.25000000 0.50000000
vt 0.25000000 0.50000000
vt 0.25000000 0.50000000
vt 0.25000000 0.50000000
vt 0.25000000 0.50000000
vt 0.25000000 0.50000000
vt 0.25000000 0.50000000
vt 0.25000000 0.50000000
vt 0.25000000 0.50000000
vt 0.25000000 0.50000000
vt 0.25000000 0.50000000
vt 0.25000000 0.50000000
vt 0.25000000 0.50000000
vt 0.25000000 0.50000000
vt 0.25000000 0.50000000
vt 0.25000000 0.50000000
vt 0.25000000 0.50000000
vt 0.25000000 0.50000000
vt 0.25000000 0.50000000
vt 0.25000000 0.50000000
vt 0.25000000 0.50000000
vt 0.25000000 0.50000000
vt 0.25000000 0.50000000
vt 0.25000000 0.50000000
vt 0.25000000 0.50000000
vt 0.25000000 0.50000000
vt 0.25000000 0.50000000
vt 0.25000000 0.50000000
vt 0.25000000 0.50000000
vt 0.25000000 0.50000000
vt 0.25000000 0.50000000
vt 0.25000000 0.50000000
vt 0.25000000 0.50000000
vt 0.25000000 0.50000000
vt 0.25000000 0.50000000
vt 0.25000000 0.50000000
vt 0.25000000 0.50000000
vt 0.25000000 0.50000000
vt 0.25000000 0.50000000
vt 0.25000000 0.50000000
vt 0.25000000 0.50000000
vt 0.25000000 0.50000000
vt 0.25000000 0.50000000
vt 0.25000000 0.50000000
vt 0.25000000 0.50000000
vt 0.25000000 0.50000000
vt 0.25000000 0.50000000
vt 0.25000000 0.50000000
vt 0.25000000 0.50000000
vt 0.25000000 0.50000000
vt 0.25000000 0.50000000
vt 0.25000000 0.50000000
vt 0.25000000 0.50000000
vt 0.25000000 0.50000000
vt 0.25000000 0.50000000
vt 0.25000000 0.50000000
vt 0.25000000 0.50000000
vt 0.25000000 0.50000000
vt 0.25000000 0.50000000
vt 0.25000000 0.50000000
vt 0.25000000 0.50000000
vt 0.25000000 0.50000000
vt 0.25000000 0.50000000
vt 0.25000000 0.50000000
vt 0.25000000 0.50000000
vt 0.25000000 0.50000000
vt 0.25000000 0.50000000
vt 0.25000000 0.50000000
vt 0.25000000 0.50000000
vt 0.25000000 0.50000000
vt 0.25000000 0.50000000
vt 0.25000000 0.50000000
vt 0.25000000 0.50000000
vt 0.25000000 0.50000000
vt 0.25000000 0.50000000
vt 0.25000000 0.50000000
vt 0.25000000 0.50000000
vt 0.25000000 0.50000000
vt 0.25000000 0.50000000
vt 0.25000000 0.50000000
vt 0.25000000 0.50000000
vt 0.25000000 0.50000000
vt 0.25000000 0.50000000
vt 0.25000000 0.50000000
vt 0.25000000 0.50000000
vt 0.25000000 0.50000000
vt 0.25000000 0.50000000
vt 0.25000000 0.50000000
vt 0.25000000 0.50000000
vt 0.25000000 0.50000000
vt 0.25000000 0.50000000
vt 0.25000000 0.50000000
vt 0.25000000 0.50000000
vt 0.25000000 0.50000000
vt 0.25000000 0.50000000
vt 0.25000000 0.50000000
vt 0.25000000 0.50000000
vt 0.25000000 0.50000000
vt 0.25000000 0.50000000
vt 0.25000000 0.50000000
vt 0.25000000 0.50000000
vt 0.25000000 0.50000000
vt 0.25000000 0.50000000
vt 0.25000000 0.50000000
vt 0.25000000 0.50000000
vt 0.25000000 0.50000000
vt 0.25000000 0.50000000
vt 0.25000000 0.50000000
vt 0.25000000 0.50000000
vt 0.25000000 0.50000000
vt 0.25000000 0.50000000
vt 0.25000000 0.50000000
vt 0.25000000 0.50000000
vt 0.25000000 0.50000000
vt 0.25000000 0.50000000
vt 0.25000000 0.50000000
vt 0.25000000 0.50000000
vt 0.25000000 0.50000000
vt 0.25000000 0.50000000
vt 0.25000000 0.50000000
vt 0.25000000 0.50000000
vt 0.25000000 0.50000000
vt 0.25000000 0.50000000
vt 0.25000000 0.50000000
vt 0.25000000 0.50000000
vt 0.25000000 0.50000000
vt 0.25000000 0.50000000
vt 0.25000000 0.50000000
vt 0.25000000 0.50000000
vt 0.25000000 0.50000000
vt 0.25000000 0.50000000
vt 0.25000000 0.50000000
vt 0.25000000 0.50000000
vt 0.25000000 0.50000000
vt 0.25000000 0.50000000
vt 0.25000000 0.50000000
vt 0.25000000 0.50000000
vt 0.25000000 0.50000000
vt 0.25000000 0.50000000
f 1/1 3/3 5/5
f 5/5 3/3 8/8
f 4/4 11/11 9/9
f 9/9 11/11 15/15
f 12/12 16/16 13/13
f 13/13 16/16 19/19
f 17/17 2/2 18/18
f 18/18 2/2 7/7
f 20/20 6/6 14/14
f 14/14 6/6 10/10
f 21/21 23/23 25/25
f 25/25 23/23 28/28
f 24/24 31/31 29/29
f 29/29 31/31 35/35
f 32/32 36/36 33/33
f 33/33 36/36 39/39
f 37/37 22/22 38/38
f 38/38 22/22 27/27
f 26/26 30/30 40/40
f 40/40 30/30 34/34
f 41/41 43/43 45/45
f 45/45 43/43 48/48
f 44/44 51/51 49/49
f 49/49 51/51 55/55
f 52/52 56/56 53/53
f 53/53 56/56 59/59
f 57/57 42/42 58/58
f 58/58 42/42 47/47
f 46/46 50/50 60/60
f 60/60 50/50 54/54
f 65/65 63/63 69/69
f 69/69 63/63 72/72
f 64/64 68/68 74/74
f 74/74 68/68 75/75
f 67/67 62/62 77/77
f 77/77 62/62 78/78
f 61/61 66/66 79/79
f 79/79 66/66 70/70
f 71/71 73/73 80/80
f 80/80 73/73 76/76
f 81/81 84/84 89/89
f 89/89 84/84 91/91
f 92/92 86/86 94/94
f 92/92 94/94 98/98
f 97/97 96/96 102/102
f 97/97 102/102 106/106
f 105/105 101/101 107/107
f 105/105 107/107 111/111
f 108/108 114/114 112/112
f 112/112 114/114 116/116
f 118/118 113/113 120/120
f 118/118 120/120 123/123
f 122/122 121/121 126/126
f 122/122 126/126 129/129
f 130/130 125/125 132/132
f 130/130 132/132 135/135
f 131/131 139/139 136/136
f 136/136 139/139 141/141
f 140/140 137/137 144/144
f 140/140 144/144 147/147
f 146/146 143/143 151/151
f 146/146 151/151 152/152
f 153/153 149/149 156/156
f 153/153 156/156 158/158
f 155/155 162/162 160/160
f 160/160 162/162 165/165
f 166/166 161/161 169/169
f 166/166 169/169 172/172
f 170/170 168/168 174/174
f 170/170 174/174 178/178
f 176/176 173/173 180/180
f 176/176 180/180 183/183
f 179/179 187/187 184/184
f 184/184 187/187 189/189
f 190/190 186/186 192/192
f 190/190 192/192 194/194
f 195/195 193/193 197/197
f 195/195 197/197 200/200
f 201/201 199/199 204/204
f 201/201 204/204 207/207
f 203/203 210/210 206/206
f 206/206 210/210 214/214
f 213/213 209/209 216/216
f 213/213 216/216 220/220
f 219/219 215/215 221/221
f 219/219 221/221 225/225
f 224/224 222/222 227/227
f 224/224 227/227 232/232
f 229/229 233/233 231/231
f 231/231 233/233 238/238
f 236/236 235/235 240/240
f 236/236 240/240 242/242
f 244/244 239/239 247/247
f 244/244 247/247 249/249
f 250/250 246/246 251/251
f 250/250 251/251 254/254
f 252/252 258/258 255/255
f 255/255 258/258 260/260
f 261/261 259/259 263/263
f 261/261 263/263 266/266
f 268/268 264/264 270/270
f 268/268 270/270 272/272
f 273/273 271/271 276/276
f 273/273 276/276 278/278
f 275/275 282/282 279/279
f 279/279 282/282 286/286
f 285/285 283/283 288/288
f 285/285 288/288 292/292
f 290/290 289/289 294/294
f 290/290 294/294 298/298
f 297/297 295/295 300/300
f 297/297 300/300 304/304
f 299/299 307/307 302/302
f 302/302 307/307 310/310
f 306/306 313/313 309/309
f 309/309 313/313 315/315
f 316/316 312/312 318/318
f 316/316 318/318 320/320
f 322/322 317/317 324/324
f 322/322 324/324 326/326
f 327/327 323/323 331/331
f 327/327 331/331 334/334
f 329/329 337/337 332/332
f 332/332 337/337 340/340
f 339/339 336/336 341/341
f 339/339 341/341 346/346
f 345/345 343/343 348/348
f 345/345 348/348 351/351
f 352/352 347/347 353/353
f 352/352 353/353 357/357
f 355/355 360/360 358/358
f 358/358 360/360 363/363
f 364/364 359/359 367/367
f 364/364 367/367 368/368
f 370/370 366/366 372/372
f 370/370 372/372 375/375
f 376/376 373/373 377/377
f 376/376 377/377 380/380
f 378/378 385/385 381/381
f 381/381 385/385 386/386
f 387/387 383/383 389/389
f 387/387 389/389 393/393
f 392/392 391/391 396/396
f 392/392 396/396 400/400
f 399/399 395/395 403/403
f 399/399 403/403 406/406
f 402/402 408/408 404/404
f 404/404 408/408 410/410
f 411/411 407/407 415/415
f 411/411 415/415 416/416
f 417/417 414/414 420/420
f 417/417 420/420 423/423
f 424/424 421/421 425/425
f 424/424 425/425 428/428
f 426/426 431/431 429/429
f 429/429 431/431 435/435
f 436/436 432/432 438/438
f 436/436 438/438 440/440
f 442/442 439/439 445/445
f 442/442 445/445 448/448
f 447/447 444/444 451/451
f 447/447 451/451 452/452
f 450/450 455/455 454/454
f 454/454 455/455 459/459
f 460/460 457/457 462/462
f 460/460 462/462 465/465
f 466/466 461/461 467/467
f 466/466 467/467 472/472
f 471/471 468/468 473/473
f 471/471 473/473 477/477
f 475/475 479/479 476/476
f 476/476 479/479 482/482
f 483/483 480/480 486/486
f 483/483 486/486 488/488
f 490/490 485/485 491/491
f 490/490 491/491 494/494
f 496/496 492/492 497/497
f 496/496 497/497 500/500
f 499/499 505/505 502/502
f 502/502 505/505 508/508
f 506/506 503/503 510/510
f 506/506 510/510 512/512
f 514/514 509/509 517/517
f 514/514 517/517 518/518
f 520/520 515/515 522/522
f 520/520 522/522 525/525
f 523/523 529/529 526/526
f 526/526 529/529 532/532
f 528/528 533/533 530/530
f 530/530 533/533 536/536
f 535/535 83/83 538/538
f 538/538 83/83 88/88
f 537/537 90/90 531/531
f 531/531 90/90 524/524
f 524/524 90/90 519/519
f 519/519 90/90 513/513
f 513/513 90/90 507/507
f 507/507 90/90 501/501
f 501/501 90/90 495/495
f 495/495 90/90 489/489
f 489/489 90/90 484/484
f 484/484 90/90 478/478
f 478/478 90/90 470/470
f 470/470 90/90 93/93
f 470/470 93/93 99/99
f 99/99 104/104 470/470
f 470/470 104/104 464/464
f 464/464 104/104 110/110
f 464/464 110/110 458/458
f 458/458 110/110 117/117
f 458/458 117/117 124/124
f 458/458 124/124 453/453
f 453/453 124/124 128/128
f 453/453 128/128 446/446
f 446/446 128/128 134/134
f 446/446 134/134 441/441
f 441/441 134/134 142/142
f 441/441 142/142 148/148
f 441/441 148/148 434/434
f 434/434 148/148 154/154
f 434/434 154/154 430/430
f 430/430 154/154 159/159
f 430/430 159/159 422/422
f 422/422 159/159 164/164
f 422/422 164/164 418/418
f 418/418 164/164 171/171
f 418/418 171/171 177/177
f 418/418 177/177 412/412
f 412/412 177/177 182/182
f 412/412 182/182 188/188
f 412/412 188/188 405/405
f 405/405 188/188 196/196
f 405/405 196/196 202/202
f 202/202 208/208 405/405
f 405/405 208/208 212/212
f 405/405 212/212 398/398
f 398/398 212/212 218/218
f 398/398 218/218 226/226
f 398/398 226/226 394/394
f 394/394 226/226 230/230
f 394/394 230/230 388/388
f 388/388 230/230 237/237
f 388/388 237/237 382/382
f 382/382 237/237 243/243
f 382/382 243/243 374/374
f 374/374 243/243 369/369
f 369/369 243/243 248/248
f 369/369 248/248 362/362
f 362/362 248/248 256/256
f 362/362 256/256 356/356
f 356/356 256/256 350/350
f 350/350 256/256 262/262
f 350/350 262/262 344/344
f 344/344 262/262 267/267
f 344/344 267/267 338/338
f 338/338 267/267 274/274
f 338/338 274/274 333/333
f 333/333 274/274 280/280
f 333/333 280/280 328/328
f 328/328 280/280 284/284
f 328/328 284/284 321/321
f 321/321 284/284 291/291
f 321/321 291/291 314/314
f 314/314 291/291 296/296
f 314/314 296/296 308/308
f 308/308 296/296 303/303
f 541/541 543/543 547/547
f 547/547 543/543 549/549
f 550/550 545/545 553/553
f 550/550 553/553 556/556
f 555/555 554/554 561/561
f 555/555 561/561 564/564
f 562/562 558/558 565/565
f 562/562 565/565 570/570
f 566/566 573/573 569/569
f 569/569 573/573 574/574
f 575/575 572/572 577/577
f 575/575 577/577 581/581
f 582/582 579/579 584/584
f 582/582 584/584 587/587
f 588/588 585/585 591/591
f 588/588 591/591 594/594
f 589/589 595/595 592/592
f 592/592 595/595 598/598
f 599/599 597/597 601/601
f 599/599 601/601 605/605
f 606/606 603/603 608/608
f 606/606 608/608 610/610
f 612/612 609/609 615/615
f 612/612 615/615 616/616
f 613/613 621/621 617/617
f 617/617 621/621 624/624
f 623/623 620/620 627/627
f 623/623 627/627 628/628
f 629/629 626/626 632/632
f 629/629 632/632 636/636
f 635/635 633/633 637/637
f 635/635 637/637 641/641
f 638/638 644/644 640/640
f 640/640 644/644 647/647
f 648/648 645/645 650/650
f 648/648 650/650 654/654
f 653/653 649/649 655/655
f 653/653 655/655 659/659
f 660/660 656/656 661/661
f 660/660 661/661 665/665
f 662/662 668/668 666/666
f 666/666 668/668 672/672
f 670/670 669/669 673/673
f 670/670 673/673 678/678
f 676/676 674/674 679/679
f 676/676 679/679 682/682
f 683/683 680/680 687/687
f 683/683 687/687 689/689
f 686/686 692/692 688/688
f 688/688 692/692 696/696
f 695/695 691/691 699/699
f 695/695 699/699 700/700
f 701/701 697/697 705/705
f 701/701 705/705 708/708
f 706/706 704/704 709/709
f 706/706 709/709 712/712
f 710/710 715/715 713/713
f 713/713 715/715 719/719
f 720/720 717/717 722/722
f 720/720 722/722 724/724
f 725/725 723/723 727/727
f 725/725 727/727 730/730
f 731/731 728/728 734/734
f 731/731 734/734 737/737
f 733/733 741/741 736/736
f 736/736 741/741 743/743
f 742/742 740/740 747/747
f 742/742 747/747 748/748
f 750/750 746/746 751/751
f 750/750 751/751 754/754
f 756/756 753/753 758/758
f 756/756 758/758 762/762
f 757/757 765/765 760/760
f 760/760 765/765 768/768
f 764/764 770/770 767/767
f 767/767 770/770 772/772
f 773/773 769/769 777/777
f 773/773 777/777 779/779
f 780/780 776/776 781/781
f 780/780 781/781 785/785
f 786/786 782/782 787/787
f 786/786 787/787 791/791
f 788/788 793/793 790/790
f 790/790 793/793 797/797
f 796/796 794/794 800/800
f 796/796 800/800 803/803
f 802/802 799/799 805/805
f 802/802 805/805 809/809
f 810/810 806/806 812/812
f 810/810 812/812 815/815
f 813/813 819/819 816/816
f 816/816 819/819 821/821
f 820/820 818/818 825/825
f 820/820 825/825 828/828
f 826/826 823/823 830/830
f 826/826 830/830 833/833
f 834/834 829/829 836/836
f 834/834 836/836 840/840
f 837/837 843/843 838/838
f 838/838 843/843 844/844
f 845/845 842/842 849/849
f 845/845 849/849 851/851
f 852/852 847/847 854/854
f 852/852 854/854 856/856
f 858/858 855/855 860/860
f 858/858 860/860 863/863
f 861/861 866/866 862/862
f 862/862 866/866 868/868
f 870/870 865/865 873/873
f 870/870 873/873 876/876
f 875/875 871/871 878/878
f 875/875 878/878 880/880
f 881/881 879/879 883/883
f 881/881 883/883 886/886
f 884/884 889/889 887/887
f 887/887 889/889 893/893
f 894/894 890/890 896/896
f 894/894 896/896 899/899
f 898/898 895/895 901/901
f 898/898 901/901 904/904
f 905/905 902/902 907/907
f 905/905 907/907 910/910
f 909/909 913/913 912/912
f 912/912 913/913 916/916
f 918/918 915/915 919/919
f 918/918 919/919 923/923
f 924/924 920/920 925/925
f 924/924 925/925 929/929
f 928/928 926/926 932/932
f 928/928 932/932 934/934
f 931/931 938/938 936/936
f 936/936 938/938 942/942
f 940/940 939/939 943/943
f 940/940 943/943 947/947
f 946/946 944/944 950/950
f 946/946 950/950 953/953
f 954/954 951/951 956/956
f 954/954 956/956 958/958
f 957/957 963/963 959/959
f 959/959 963/963 965/965
f 964/964 962/962 969/969
f 964/964 969/969 972/972
f 970/970 968/968 974/974
f 970/970 974/974 978/978
f 977/977 973/973 981/981
f 977/977 981/981 983/983
f 980/980 987/987 982/982
f 982/982 987/987 990/990
f 985/985 991/991 988/988
f 988/988 991/991 994/994
f 992/992 539/539 995/995
f 995/995 539/539 546/546
f 996/996 548/548 989/989
f 989/989 548/548 984/984
f 984/984 548/548 976/976
f 976/976 548/548 971/971
f 971/971 548/548 966/966
f 966/966 548/548 960/960
f 960/960 548/548 952/952
f 952/952 548/548 948/948
f 948/948 548/548 941/941
f 941/941 548/548 935/935
f 935/935 548/548 930/930
f 930/930 548/548 551/551
f 930/930 551/551 557/557
f 557/557 563/563 930/930
f 930/930 563/563 922/922
f 922/922 563/563 568/568
f 922/922 568/568 917/917
f 917/917 568/568 576/576
f 917/917 576/576 580/580
f 917/917 580/580 911/911
f 911/911 580/580 586/586
f 911/911 586/586 906/906
f 906/906 586/586 593/593
f 906/906 593/593 900/900
f 900/900 593/593 600/600
f 900/900 600/600 604/604
f 900/900 604/604 892/892
f 892/892 604/604 611/611
f 892/892 611/611 888/888
f 888/888 611/611 618/618
f 888/888 618/618 882/882
f 882/882 618/618 622/622
f 882/882 622/622 874/874
f 874/874 622/622 630/630
f 874/874 630/630 634/634
f 874/874 634/634 869/869
f 869/869 634/634 642/642
f 869/869 642/642 646/646
f 869/869 646/646 864/864
f 864/864 646/646 652/652
f 864/864 652/652 658/658
f 658/658 664/664 864/864
f 864/864 664/664 671/671
f 864/864 671/671 857/857
f 857/857 671/671 677/677
f 857/857 677/677 684/684
f 857/857 684/684 850/850
f 850/850 684/684 690/690
f 850/850 690/690 846/846
f 846/846 690/690 694/694
f 846/846 694/694 839/839
f 839/839 694/694 702/702
f 839/839 702/702 832/832
f 832/832 702/702 827/827
f 827/827 702/702 707/707
f 827/827 707/707 822/822
f 822/822 707/707 714/714
f 822/822 714/714 814/814
f 814/814 714/714 808/808
f 808/808 714/714 718/718
f 808/808 718/718 804/804
f 804/804 718/718 726/726
f 804/804 726/726 798/798
f 798/798 726/726 732/732
f 798/798 732/732 792/792
f 792/792 732/732 738/738
f 792/792 738/738 784/784
f 784/784 738/738 744/744
f 784/784 744/744 778/778
f 778/778 744/744 749/749
f 778/778 749/749 774/774
f 774/774 749/749 755/755
f 774/774 755/755 766/766
f 766/766 755/755 761/761
f 998/998 1002/1002 1005/1005
f 1005/1005 1002/1002 1007/1007
f 1000/1000 1010/1010 1008/1008
f 1008/1008 1010/1010 1013/1013
f 1012/1012 1009/1009 1016/1016
f 1012/1012 1016/1016 1018/1018
f 1019/1019 1017/1017 1022/1022
f 1019/1019 1022/1022 1024/1024
f 1025/1025 1021/1021 1029/1029
f 1025/1025 1029/1029 1032/1032
f 1027/1027 1034/1034 1031/1031
f 1031/1031 1034/1034 1036/1036
f 1037/1037 1035/1035 1039/1039
f 1037/1037 1039/1039 1042/1042
f 1044/1044 1040/1040 1045/1045
f 1044/1044 1045/1045 1048/1048
f 1049/1049 1046/1046 1052/1052
f 1049/1049 1052/1052 1054/1054
f 1053/1053 1059/1059 1056/1056
f 1056/1056 1059/1059 1062/1062
f 1058/1058 1065/1065 1061/1061
f 1061/1061 1065/1065 1066/1066
f 1068/1068 1064/1064 1071/1071
f 1068/1068 1071/1071 1075/1075
f 1074/1074 1070/1070 1079/1079
f 1073/1073 1078/1078 1081/1081
f 1082/1082 1077/1077 1085/1085
f 1082/1082 1085/1085 1087/1087
f 1083/1083 1091/1091 1086/1086
f 1086/1086 1091/1091 1093/1093
f 1092/1092 1089/1089 1096/1096
f 1092/1092 1096/1096 1098/1098
f 1099/1099 1097/1097 1101/1101
f 1099/1099 1101/1101 1104/1104
f 1106/1106 1103/1103 1108/1108
f 1106/1106 1108/1108 1110/1110
f 1107/1107 1114/1114 1111/1111
f 1111/1111 1114/1114 1118/1118
f 1113/1113 1121/1121 1117/1117
f 1117/1117 1121/1121 1123/1123
f 1120/1120 997/997 1122/1122
f 1122/1122 997/997 1003/1003
f 1116/1116 1124/1124 1112/1112
f 1112/1112 1124/1124 1004/1004
f 1112/1112 1004/1004 1006/1006
f 1006/1006 1014/1014 1112/1112
f 1112/1112 1014/1014 1020/1020
f 1112/1112 1020/1020 1026/1026
f 1112/1112 1026/1026 1105/1105
f 1105/1105 1026/1026 1030/1030
f 1105/1105 1030/1030 1100/1100
f 1100/1100 1030/1030 1094/1094
f 1094/1094 1030/1030 1038/1038
f 1094/1094 1038/1038 1088/1088
f 1088/1088 1038/1038 1043/1043
f 1088/1088 1043/1043 1080/1080
f 1080/1080 1043/1043 1072/1072
f 1072/1072 1043/1043 1050/1050
f 1072/1072 1050/1050 1067/1067
f 1067/1067 1050/1050 1055/1055
f 1067/1067 1055/1055 1060/1060
f 1127/1127 1128/1128 1133/1133
f 1133/1133 1128/1128 1134/1134
f 1135/1135 1130/1130 1138/1138
f 1135/1135 1138/1138 1142/1142
f 1140/1140 1139/1139 1144/1144
f 1140/1140 1144/1144 1147/1147
f 1149/1149 1143/1143 1150/1150
f 1146/1146 1151/1151 1154/1154
f 1152/1152 1158/1158 1155/1155
f 1155/1155 1158/1158 1161/1161
f 1162/1162 1159/1159 1164/1164
f 1162/1162 1164/1164 1166/1166
f 1168/1168 1165/1165 1170/1170
f 1168/1168 1170/1170 1173/1173
f 1174/1174 1171/1171 1176/1176
f 1174/1174 1176/1176 1178/1178
f 1175/1175 1181/1181 1179/1179
f 1179/1179 1181/1181 1186/1186
f 1184/1184 1183/1183 1189/1189
f 1184/1184 1189/1189 1192/1192
f 1190/1190 1188/1188 1194/1194
f 1190/1190 1194/1194 1197/1197
f 1198/1198 1195/1195 1201/1201
f 1198/1198 1201/1201 1202/1202
f 1200/1200 1206/1206 1204/1204
f 1204/1204 1206/1206 1210/1210
f 1209/1209 1205/1205 1212/1212
f 1209/1209 1212/1212 1214/1214
f 1216/1216 1211/1211 1218/1218
f 1216/1216 1218/1218 1220/1220
f 1222/1222 1217/1217 1223/1223
f 1222/1222 1223/1223 1226/1226
f 1224/1224 1230/1230 1227/1227
f 1227/1227 1230/1230 1235/1235
f 1232/1232 1229/1229 1239/1239
f 1233/1233 1236/1236 1242/1242
f 1240/1240 1237/1237 1243/1243
f 1240/1240 1243/1243 1246/1246
f 1247/1247 1245/1245 1250/1250
f 1247/1247 1250/1250 1253/1253
f 1251/1251 1255/1255 1254/1254
f 1254/1254 1255/1255 1260/1260
f 1259/1259 1257/1257 1263/1263
f 1259/1259 1263/1263 1267/1267
f 1265/1265 1261/1261 1268/1268
f 1264/1264 1271/1271 1273/1273
f 1274/1274 1270/1270 1276/1276
f 1274/1274 1276/1276 1278/1278
f 1277/1277 1281/1281 1279/1279
f 1279/1279 1281/1281 1285/1285
f 1286/1286 1282/1282 1288/1288
f 1286/1286 1288/1288 1293/1293
f 1292/1292 1289/1289 1296/1296
f 1291/1291 1294/1294 1298/1298
f 1299/1299 1297/1297 1301/1301
f 1299/1299 1301/1301 1304/1304
f 1302/1302 1309/1309 1305/1305
f 1305/1305 1309/1309 1311/1311
f 1310/1310 1308/1308 1315/1315
f 1310/1310 1315/1315 1317/1317
f 1318/1318 1314/1314 1321/1321
f 1318/1318 1321/1321 1323/1323
f 1322/1322 1320/1320 1327/1327
f 1322/1322 1327/1327 1330/1330
f 1326/1326 1331/1331 1329/1329
f 1329/1329 1331/1331 1335/1335
f 1336/1336 1333/1333 1338/1338
f 1336/1336 1338/1338 1341/1341
f 1342/1342 1339/1339 1343/1343
f 1342/1342 1343/1343 1348/1348
f 1346/1346 1344/1344 1350/1350
f 1346/1346 1350/1350 1353/1353
f 1349/1349 1356/1356 1352/1352
f 1352/1352 1356/1356 1360/1360
f 1357/1357 1363/1363 1359/1359
f 1359/1359 1363/1363 1366/1366
f 1364/1364 1361/1361 1368/1368
f 1364/1364 1368/1368 1371/1371
f 1372/1372 1367/1367 1374/1374
f 1372/1372 1374/1374 1376/1376
f 1378/1378 1373/1373 1380/1380
f 1378/1378 1380/1380 1384/1384
f 1381/1381 1385/1385 1383/1383
f 1383/1383 1385/1385 1389/1389
f 1390/1390 1386/1386 1391/1391
f 1390/1390 1391/1391 1395/1395
f 1394/1394 1392/1392 1398/1398
f 1394/1394 1398/1398 1401/1401
f 1400/1400 1397/1397 1404/1404
f 1400/1400 1404/1404 1406/1406
f 1403/1403 1409/1409 1407/1407
f 1407/1407 1409/1409 1414/1414
f 1413/1413 1410/1410 1417/1417
f 1413/1413 1417/1417 1420/1420
f 1419/1419 1416/1416 1423/1423
f 1418/1418 1424/1424 1427/1427
f 1428/1428 1425/1425 1431/1431
f 1428/1428 1431/1431 1433/1433
f 1430/1430 1437/1437 1434/1434
f 1434/1434 1437/1437 1438/1438
f 1440/1440 1435/1435 1441/1441
f 1440/1440 1441/1441 1444/1444
f 1445/1445 1442/1442 1449/1449
f 1446/1446 1451/1451 1454/1454
f 1453/1453 1450/1450 1455/1455
f 1453/1453 1455/1455 1459/1459
f 1456/1456 1463/1463 1460/1460
f 1460/1460 1463/1463 1465/1465
f 1467/1467 1461/1461 1470/1470
f 1466/1466 1469/1469 1473/1473
f 1474/1474 1468/1468 1476/1476
f 1474/1474 1476/1476 1478/1478
f 1480/1480 1477/1477 1483/1483
f 1480/1480 1483/1483 1484/1484
f 1481/1481 1489/1489 1485/1485
f 1485/1485 1489/1489 1491/1491
f 1492/1492 1488/1488 1495/1495
f 1492/1492 1495/1495 1496/1496
f 1497/1497 1494/1494 1501/1501
f 1497/1497 1501/1501 1502/1502
f 1503/1503 1499/1499 1507/1507
f 1503/1503 1507/1507 1510/1510
f 1506/1506 1512/1512 1509/1509
f 1509/1509 1512/1512 1515/1515
f 1516/1516 1511/1511 1517/1517
f 1516/1516 1517/1517 1520/1520
f 1522/1522 1519/1519 1523/1523
f 1522/1522 1523/1523 1526/1526
f 1528/1528 1524/1524 1529/1529
f 1528/1528 1529/1529 1532/1532
f 1530/1530 1537/1537 1533/1533
f 1533/1533 1537/1537 1539/1539
f 1540/1540 1536/1536 1542/1542
f 1540/1540 1542/1542 1545/1545
f 1546/1546 1543/1543 1548/1548
f 1546/1546 1548/1548 1551/1551
f 1552/1552 1549/1549 1554/1554
f 1552/1552 1554/1554 1559/1559
f 1555/1555 1560/1560 1557/1557
f 1558/1558 1561/1561 1565/1565
f 1566/1566 1563/1563 1567/1567
f 1566/1566 1567/1567 1571/1571
f 1572/1572 1569/1569 1575/1575
f 1572/1572 1575/1575 1578/1578
f 1576/1576 1574/1574 1580/1580
f 1576/1576 1580/1580 1582/1582
f 1581/1581 1586/1586 1583/1583
f 1583/1583 1586/1586 1590/1590
f 1587/1587 1593/1593 1588/1588
f 1588/1588 1593/1593 1596/1596
f 1592/1592 1126/1126 1595/1595
f 1595/1595 1126/1126 1131/1131
f 1594/1594 1132/1132 1589/1589
f 1589/1589 1132/1132 1584/1584
f 1584/1584 1132/1132 1577/1577
f 1577/1577 1132/1132 1570/1570
f 1570/1570 1132/1132 1564/1564
f 1564/1564 1132/1132 1556/1556
f 1556/1556 1132/1132 1550/1550
f 1550/1550 1132/1132 1544/1544
f 1544/1544 1132/1132 1538/1538
f 1538/1538 1132/1132 1534/1534
f 1534/1534 1132/1132 1527/1527
f 1527/1527 1132/1132 1136/1136
f 1527/1527 1136/1136 1141/1141
f 1141/1141 1148/1148 1527/1527
f 1527/1527 1148/1148 1521/1521
f 1521/1521 1148/1148 1156/1156
f 1521/1521 1156/1156 1514/1514
f 1514/1514 1156/1156 1160/1160
f 1514/1514 1160/1160 1167/1167
f 1514/1514 1167/1167 1508/1508
f 1508/1508 1167/1167 1172/1172
f 1508/1508 1172/1172 1504/1504
f 1504/1504 1172/1172 1180/1180
f 1504/1504 1180/1180 1498/1498
f 1498/1498 1180/1180 1185/1185
f 1498/1498 1185/1185 1191/1191
f 1498/1498 1191/1191 1490/1490
f 1490/1490 1191/1191 1196/1196
f 1490/1490 1196/1196 1486/1486
f 1486/1486 1196/1196 1203/1203
f 1486/1486 1203/1203 1479/1479
f 1479/1479 1203/1203 1208/1208
f 1479/1479 1208/1208 1472/1472
f 1472/1472 1208/1208 1215/1215
f 1472/1472 1215/1215 1221/1221
f 1472/1472 1221/1221 1464/1464
f 1464/1464 1221/1221 1228/1228
f 1464/1464 1228/1228 1234/1234
f 1464/1464 1234/1234 1458/1458
f 1458/1458 1234/1234 1241/1241
f 1458/1458 1241/1241 1248/1248
f 1248/1248 1252/1252 1458/1458
f 1458/1458 1252/1252 1258/1258
f 1458/1458 1258/1258 1452/1452
f 1452/1452 1258/1258 1266/1266
f 1452/1452 1266/1266 1272/1272
f 1452/1452 1272/1272 1447/1447
f 1447/1447 1272/1272 1280/1280
f 1447/1447 1280/1280 1439/1439
f 1439/1439 1280/1280 1284/1284
f 1439/1439 1284/1284 1432/1432
f 1432/1432 1284/1284 1290/1290
f 1432/1432 1290/1290 1426/1426
f 1426/1426 1290/1290 1421/1421
f 1421/1421 1290/1290 1300/1300
f 1421/1421 1300/1300 1412/1412
f 1412/1412 1300/1300 1306/1306
f 1412/1412 1306/1306 1408/1408
f 1408/1408 1306/1306 1402/1402
f 1402/1402 1306/1306 1312/1312
f 1402/1402 1312/1312 1396/1396
f 1396/1396 1312/1312 1316/1316
f 1396/1396 1316/1316 1388/1388
f 1388/1388 1316/1316 1324/1324
f 1388/1388 1324/1324 1382/1382
f 1382/1382 1324/1324 1328/1328
f 1382/1382 1328/1328 1377/1377
f 1377/1377 1328/1328 1334/1334
f 1377/1377 1334/1334 1370/1370
f 1370/1370 1334/1334 1340/1340
f 1370/1370 1340/1340 1365/1365
f 1365/1365 1340/1340 1347/1347
f 1365/1365 1347/1347 1358/1358
f 1358/1358 1347/1347 1354/1354
f 1599/1599 1600/1600 1603/1603
f 1603/1603 1600/1600 1606/1606
f 1607/1607 1602/1602 1609/1609
f 1607/1607 1609/1609 1612/1612
f 1614/1614 1611/1611 1616/1616
f 1614/1614 1616/1616 1618/1618
f 1619/1619 1615/1615 1621/1621
f 1619/1619 1621/1621 1625/1625
f 1626/1626 1623/1623 1629/1629
f 1626/1626 1629/1629 1631/1631
f 1632/1632 1627/1627 1635/1635
f 1632/1632 1635/1635 1636/1636
f 1633/1633 1640/1640 1638/1638
f 1638/1638 1640/1640 1643/1643
f 1642/1642 1641/1641 1647/1647
f 1642/1642 1647/1647 1650/1650
f 1649/1649 1646/1646 1651/1651
f 1649/1649 1651/1651 1656/1656
f 1655/1655 1653/1653 1658/1658
f 1655/1655 1658/1658 1660/1660
f 1661/1661 1657/1657 1665/1665
f 1661/1661 1665/1665 1668/1668
f 1667/1667 1663/1663 1670/1670
f 1667/1667 1670/1670 1673/1673
f 1671/1671 1675/1675 1674/1674
f 1674/1674 1675/1675 1678/1678
f 1680/1680 1676/1676 1681/1681
f 1680/1680 1681/1681 1686/1686
f 1684/1684 1682/1682 1687/1687
f 1684/1684 1687/1687 1690/1690
f 1691/1691 1688/1688 1695/1695
f 1691/1691 1695/1695 1698/1698
f 1694/1694 1701/1701 1697/1697
f 1697/1697 1701/1701 1703/1703
f 1702/1702 1700/1700 1705/1705
f 1702/1702 1705/1705 1708/1708
f 1709/1709 1706/1706 1711/1711
f 1709/1709 1711/1711 1714/1714
f 1715/1715 1713/1713 1718/1718
f 1715/1715 1718/1718 1722/1722
f 1719/1719 1725/1725 1721/1721
f 1721/1721 1725/1725 1727/1727
f 1726/1726 1724/1724 1729/1729
f 1726/1726 1729/1729 1732/1732
f 1733/1733 1731/1731 1735/1735
f 1733/1733 1735/1735 1738/1738
f 1739/1739 1736/1736 1742/1742
f 1739/1739 1742/1742 1745/1745
f 1744/1744 1743/1743 1749/1749
f 1744/1744 1749/1749 1750/1750
f 1751/1751 1747/1747 1755/1755
f 1751/1751 1755/1755 1757/1757
f 1754/1754 1760/1760 1756/1756
f 1756/1756 1760/1760 1764/1764
f 1762/1762 1759/1759 1766/1766
f 1762/1762 1766/1766 1770/1770
f 1769/1769 1767/1767 1772/1772
f 1769/1769 1772/1772 1775/1775
f 1776/1776 1771/1771 1778/1778
f 1776/1776 1778/1778 1782/1782
f 1780/1780 1779/1779 1784/1784
f 1780/1780 1784/1784 1786/1786
f 1787/1787 1785/1785 1790/1790
f 1787/1787 1790/1790 1793/1793
f 1791/1791 1796/1796 1794/1794
f 1795/1795 1797/1797 1801/1801
f 1802/1802 1799/1799 1803/1803
f 1802/1802 1803/1803 1808/1808
f 1806/1806 1805/1805 1810/1810
f 1806/1806 1810/1810 1813/1813
f 1812/1812 1811/1811 1815/1815
f 1812/1812 1815/1815 1818/1818
f 1817/1817 1822/1822 1820/1820
f 1820/1820 1822/1822 1826/1826
f 1825/1825 1823/1823 1828/1828
f 1825/1825 1828/1828 1832/1832
f 1831/1831 1827/1827 1834/1834
f 1831/1831 1834/1834 1836/1836
f 1837/1837 1833/1833 1597/1597
f 1837/1837 1597/1597 1605/1605
f 1840/1840 1843/1843 1846/1846
f 1846/1846 1843/1843 1849/1849
f 1850/1850 1844/1844 1852/1852
f 1850/1850 1852/1852 1855/1855
f 1856/1856 1853/1853 1857/1857
f 1856/1856 1857/1857 1862/1862
f 1860/1860 1858/1858 1864/1864
f 1860/1860 1864/1864 1867/1867
f 1868/1868 1863/1863 1870/1870
f 1868/1868 1870/1870 1872/1872
f 1871/1871 1877/1877 1874/1874
f 1874/1874 1877/1877 1879/1879
f 1878/1878 1875/1875 1882/1882
f 1878/1878 1882/1882 1885/1885
f 1886/1886 1883/1883 1887/1887
f 1886/1886 1887/1887 1890/1890
f 1892/1892 1888/1888 1893/1893
f 1892/1892 1893/1893 1897/1897
f 1894/1894 1899/1899 1896/1896
f 1896/1896 1899/1899 1902/1902
f 1903/1903 1901/1901 1906/1906
f 1903/1903 1906/1906 1910/1910
f 1909/1909 1907/1907 1911/1911
f 1909/1909 1911/1911 1914/1914
f 1915/1915 1912/1912 1917/1917
f 1915/1915 1917/1917 1922/1922
f 1919/1919 1924/1924 1921/1921
f 1921/1921 1924/1924 1928/1928
f 1927/1927 1923/1923 1930/1930
f 1927/1927 1930/1930 1933/1933
f 1932/1932 1929/1929 1937/1937
f 1932/1932 1937/1937 1940/1940
f 1939/1939 1936/1936 1943/1943
f 1939/1939 1943/1943 1945/1945
f 1942/1942 1949/1949 1946/1946
f 1946/1946 1949/1949 1951/1951
f 1952/1952 1948/1948 1953/1953
f 1952/1952 1953/1953 1957/1957
f 1956/1956 1954/1954 1959/1959
f 1956/1956 1959/1959 1963/1963
f 1964/1964 1960/1960 1965/1965
f 1964/1964 1965/1965 1970/1970
f 1966/1966 1973/1973 1969/1969
f 1969/1969 1973/1973 1975/1975
f 1976/1976 1971/1971 1979/1979
f 1976/1976 1979/1979 1981/1981
f 1982/1982 1977/1977 1983/1983
f 1982/1982 1983/1983 1986/1986
f 1987/1987 1984/1984 1991/1991
f 1987/1987 1991/1991 1993/1993
f 1990/1990 1996/1996 1994/1994
f 1995/1995 1997/1997 2002/2002
f 2001/2001 1999/1999 2003/2003
f 2001/2001 2003/2003 2008/2008
f 2006/2006 2005/2005 2011/2011
f 2006/2006 2011/2011 2013/2013
f 2014/2014 2010/2010 2016/2016
f 2014/2014 2016/2016 2018/2018
f 2015/2015 2022/2022 2020/2020
f 2020/2020 2022/2022 2025/2025
f 2026/2026 2023/2023 2028/2028
f 2026/2026 2028/2028 2032/2032
f 2031/2031 2029/2029 2035/2035
f 2031/2031 2035/2035 2036/2036
f 2038/2038 2034/2034 2039/2039
f 2038/2038 2039/2039 2044/2044
f 2040/2040 2047/2047 2042/2042
f 2042/2042 2047/2047 2049/2049
f 2050/2050 2046/2046 2053/2053
f 2050/2050 2053/2053 2055/2055
f 2056/2056 2051/2051 2059/2059
f 2056/2056 2059/2059 2060/2060
f 2062/2062 2058/2058 2063/2063
f 2062/2062 2063/2063 2067/2067
f 2065/2065 2069/2069 2068/2068
f 2068/2068 2069/2069 2072/2072
f 2073/2073 2071/2071 2075/2075
f 2073/2073 2075/2075 2079/2079
f 2078/2078 2076/2076 2081/2081
f 2078/2078 2081/2081 2085/2085
f 2086/2086 2083/2083 2089/2089
f 2086/2086 2089/2089 2092/2092
f 2087/2087 2093/2093 2090/2090
f 2090/2090 2093/2093 2096/2096
f 2097/2097 2094/2094 2099/2099
f 2097/2097 2099/2099 2103/2103
f 2104/2104 2101/2101 2106/2106
f 2104/2104 2106/2106 2108/2108
f 2110/2110 2107/2107 2112/2112
f 2110/2110 2112/2112 2116/2116
f 2113/2113 2118/2118 2115/2115
f 2115/2115 2118/2118 2122/2122
f 2121/2121 2119/2119 2123/2123
f 2121/2121 2123/2123 2127/2127
f 2126/2126 2125/2125 2130/2130
f 2126/2126 2130/2130 2133/2133
f 2134/2134 2131/2131 2136/2136
f 2134/2134 2136/2136 2138/2138
f 2139/2139 2137/2137 1839/1839
f 2139/2139 1839/1839 1845/1845
f 1824/1824 2109/2109 1819/1819
f 1819/1819 2109/2109 2114/2114
f 1819/1819 2114/2114 1814/1814
f 1814/1814 2114/2114 2120/2120
f 1814/1814 2120/2120 1807/1807
f 1807/1807 2120/2120 2128/2128
f 1807/1807 2128/2128 2132/2132
f 2109/2109 1824/1824 2102/2102
f 2102/2102 1824/1824 1830/1830
f 2102/2102 1830/1830 2098/2098
f 2098/2098 1830/1830 2091/2091
f 2091/2091 1830/1830 1838/1838
f 2091/2091 1838/1838 2084/2084
f 2084/2084 1838/1838 2080/2080
f 2080/2080 1838/1838 2074/2074
f 2074/2074 1838/1838 1604/1604
f 2074/2074 1604/1604 2066/2066
f 2066/2066 1604/1604 1608/1608
f 2066/2066 1608/1608 2061/2061
f 2061/2061 1608/1608 1613/1613
f 2061/2061 1613/1613 2054/2054
f 2054/2054 1613/1613 1620/1620
f 2054/2054 1620/1620 1624/1624
f 2054/2054 1624/1624 2048/2048
f 2048/2048 1624/1624 1630/1630
f 2048/2048 1630/1630 1637/1637
f 1644/1644 2037/2037 1637/1637
f 1637/1637 2037/2037 2043/2043
f 1637/1637 2043/2043 2048/2048
f 2037/2037 1644/1644 2030/2030
f 2030/2030 1644/1644 1648/1648
f 2030/2030 1648/1648 1654/1654
f 2030/2030 1654/1654 2024/2024
f 2024/2024 1654/1654 1662/1662
f 2024/2024 1662/1662 2019/2019
f 2019/2019 1662/1662 1666/1666
f 2019/2019 1666/1666 2012/2012
f 2012/2012 1666/1666 1672/1672
f 2012/2012 1672/1672 2007/2007
f 2007/2007 1672/1672 2000/2000
f 2000/2000 1672/1672 1992/1992
f 1992/1992 1672/1672 1679/1679
f 1992/1992 1679/1679 1988/1988
f 1988/1988 1679/1679 1980/1980
f 1980/1980 1679/1679 1974/1974
f 1974/1974 1679/1679 1685/1685
f 1974/1974 1685/1685 1968/1968
f 1968/1968 1685/1685 1962/1962
f 1962/1962 1685/1685 1692/1692
f 1962/1962 1692/1692 1958/1958
f 1958/1958 1692/1692 1950/1950
f 1950/1950 1692/1692 1696/1696
f 1950/1950 1696/1696 1944/1944
f 1944/1944 1696/1696 1938/1938
f 1938/1938 1696/1696 1704/1704
f 1938/1938 1704/1704 1934/1934
f 1934/1934 1704/1704 1710/1710
f 1934/1934 1710/1710 1926/1926
f 1926/1926 1710/1710 1920/1920
f 1920/1920 1710/1710 1716/1716
f 1920/1920 1716/1716 1916/1916
f 1916/1916 1716/1716 1908/1908
f 1908/1908 1716/1716 1904/1904
f 1904/1904 1716/1716 1720/1720
f 1904/1904 1720/1720 1898/1898
f 1898/1898 1720/1720 1728/1728
f 1898/1898 1728/1728 1891/1891
f 1891/1891 1728/1728 1734/1734
f 1891/1891 1734/1734 1884/1884
f 1884/1884 1734/1734 1740/1740
f 1884/1884 1740/1740 1746/1746
f 1884/1884 1746/1746 1880/1880
f 1880/1880 1746/1746 1752/1752
f 1880/1880 1752/1752 1758/1758
f 1880/1880 1758/1758 1873/1873
f 1873/1873 1758/1758 1763/1763
f 1873/1873 1763/1763 1866/1866
f 1866/1866 1763/1763 1768/1768
f 1866/1866 1768/1768 1774/1774
f 1866/1866 1774/1774 1861/1861
f 1861/1861 1774/1774 1781/1781
f 1861/1861 1781/1781 1788/1788
f 1792/1792 1848/1848 1788/1788
f 1788/1788 1848/1848 1854/1854
f 1788/1788 1854/1854 1861/1861
f 1848/1848 1792/1792 1847/1847
f 1847/1847 1792/1792 1800/1800
f 1847/1847 1800/1800 2140/2140
f 2140/2140 1800/1800 1807/1807
f 2140/2140 1807/1807 2132/2132
f 2141/2141 2144/2144 2148/2148
f 2148/2148 2144/2144 2150/2150
f 2151/2151 2145/2145 2155/2155
f 2151/2151 2155/2155 2157/2157
f 2158/2158 2153/2153 2159/2159
f 2158/2158 2159/2159 2163/2163
f 2164/2164 2160/2160 2166/2166
f 2164/2164 2166/2166 2168/2168
f 2167/2167 2172/2172 2170/2170
f 2170/2170 2172/2172 2175/2175
f 2174/2174 2171/2171 2179/2179
f 2174/2174 2179/2179 2182/2182
f 2181/2181 2178/2178 2185/2185
f 2181/2181 2185/2185 2187/2187
f 2188/2188 2183/2183 2189/2189
f 2188/2188 2189/2189 2192/2192
f 2191/2191 2196/2196 2194/2194
f 2194/2194 2196/2196 2199/2199
f 2200/2200 2197/2197 2203/2203
f 2200/2200 2203/2203 2206/2206
f 2204/2204 2202/2202 2208/2208
f 2204/2204 2208/2208 2211/2211
f 2210/2210 2207/2207 2215/2215
f 2210/2210 2215/2215 2218/2218
f 2214/2214 2220/2220 2216/2216
f 2216/2216 2220/2220 2223/2223
f 2222/2222 2221/2221 2225/2225
f 2222/2222 2225/2225 2228/2228
f 2229/2229 2226/2226 2232/2232
f 2229/2229 2232/2232 2235/2235
f 2234/2234 2231/2231 2239/2239
f 2234/2234 2239/2239 2242/2242
f 2238/2238 2245/2245 2241/2241
f 2241/2241 2245/2245 2247/2247
f 2248/2248 2244/2244 2250/2250
f 2248/2248 2250/2250 2252/2252
f 2254/2254 2249/2249 2255/2255
f 2254/2254 2255/2255 2260/2260
f 2258/2258 2256/2256 2262/2262
f 2258/2258 2262/2262 2265/2265
f 2261/2261 2268/2268 2266/2266
f 2266/2266 2268/2268 2271/2271
f 2272/2272 2269/2269 2274/2274
f 2272/2272 2274/2274 2276/2276
f 2277/2277 2275/2275 2279/2279
f 2277/2277 2279/2279 2282/2282
f 2284/2284 2281/2281 2285/2285
f 2284/2284 2285/2285 2288/2288
f 2286/2286 2291/2291 2289/2289
f 2289/2289 2291/2291 2294/2294
f 2295/2295 2292/2292 2297/2297
f 2295/2295 2297/2297 2301/2301
f 2300/2300 2298/2298 2304/2304
f 2300/2300 2304/2304 2307/2307
f 2308/2308 2303/2303 2310/2310
f 2308/2308 2310/2310 2313/2313
f 2311/2311 2316/2316 2314/2314
f 2314/2314 2316/2316 2318/2318
f 2320/2320 2317/2317 2323/2323
f 2320/2320 2323/2323 2325/2325
f 2324/2324 2322/2322 2328/2328
f 2324/2324 2328/2328 2330/2330
f 2332/2332 2329/2329 2333/2333
f 2332/2332 2333/2333 2336/2336
f 2334/2334 2339/2339 2337/2337
f 2337/2337 2339/2339 2343/2343
f 2342/2342 2340/2340 2346/2346
f 2342/2342 2346/2346 2349/2349
f 2348/2348 2345/2345 2352/2352
f 2348/2348 2352/2352 2356/2356
f 2354/2354 2353/2353 2360/2360
f 2354/2354 2360/2360 2363/2363
f 2359/2359 2365/2365 2362/2362
f 2362/2362 2365/2365 2368/2368
f 2364/2364 2370/2370 2369/2369
f 2369/2369 2370/2370 2373/2373
f 2375/2375 2372/2372 2377/2377
f 2375/2375 2377/2377 2379/2379
f 2381/2381 2378/2378 2384/2384
f 2381/2381 2384/2384 2387/2387
f 2385/2385 2383/2383 2389/2389
f 2385/2385 2389/2389 2391/2391
f 2388/2388 2394/2394 2393/2393
f 2393/2393 2394/2394 2397/2397
f 2398/2398 2395/2395 2402/2402
f 2398/2398 2402/2402 2403/2403
f 2405/2405 2401/2401 2407/2407
f 2405/2405 2407/2407 2411/2411
f 2410/2410 2408/2408 2414/2414
f 2410/2410 2414/2414 2415/2415
f 2412/2412 2418/2418 2417/2417
f 2417/2417 2418/2418 2423/2423
f 2422/2422 2419/2419 2424/2424
f 2422/2422 2424/2424 2427/2427
f 2428/2428 2425/2425 2432/2432
f 2428/2428 2432/2432 2434/2434
f 2433/2433 2431/2431 2437/2437
f 2433/2433 2437/2437 2441/2441
f 2438/2438 2443/2443 2439/2439
f 2439/2439 2443/2443 2446/2446
f 2447/2447 2444/2444 2450/2450
f 2447/2447 2450/2450 2451/2451
f 2452/2452 2449/2449 2455/2455
f 2452/2452 2455/2455 2460/2460
f 2459/2459 2456/2456 2463/2463
f 2459/2459 2463/2463 2465/2465
f 2461/2461 2470/2470 2464/2464
f 2464/2464 2470/2470 2471/2471
f 2472/2472 2469/2469 2474/2474
f 2472/2472 2474/2474 2477/2477
f 2478/2478 2475/2475 2482/2482
f 2478/2478 2482/2482 2483/2483
f 2484/2484 2480/2480 2488/2488
f 2484/2484 2488/2488 2489/2489
f 2487/2487 2493/2493 2490/2490
f 2490/2490 2493/2493 2496/2496
f 2497/2497 2494/2494 2499/2499
f 2497/2497 2499/2499 2501/2501
f 2502/2502 2500/2500 2506/2506
f 2502/2502 2506/2506 2508/2508
f 2507/2507 2505/2505 2511/2511
f 2507/2507 2511/2511 2514/2514
f 2510/2510 2516/2516 2513/2513
f 2513/2513 2516/2516 2521/2521
f 2519/2519 2517/2517 2524/2524
f 2519/2519 2524/2524 2527/2527
f 2526/2526 2523/2523 2530/2530
f 2526/2526 2530/2530 2532/2532
f 2531/2531 2529/2529 2535/2535
f 2531/2531 2535/2535 2539/2539
f 2534/2534 2540/2540 2538/2538
f 2538/2538 2540/2540 2543/2543
f 2544/2544 2542/2542 2548/2548
f 2544/2544 2548/2548 2549/2549
f 2550/2550 2547/2547 2552/2552
f 2550/2550 2552/2552 2557/2557
f 2556/2556 2553/2553 2558/2558
f 2556/2556 2558/2558 2564/2564
f 2561/2561 2565/2565 2562/2562
f 2562/2562 2565/2565 2570/2570
f 2571/2571 2567/2567 2572/2572
f 2571/2571 2572/2572 2575/2575
f 2576/2576 2573/2573 2580/2580
f 2576/2576 2580/2580 2582/2582
f 2583/2583 2579/2579 2585/2585
f 2583/2583 2585/2585 2588/2588
f 2586/2586 2590/2590 2589/2589
f 2589/2589 2590/2590 2595/2595
f 2592/2592 2596/2596 2594/2594
f 2594/2594 2596/2596 2601/2601
f 2597/2597 2143/2143 2599/2599
f 2599/2599 2143/2143 2147/2147
f 2600/2600 2149/2149 2593/2593
f 2593/2593 2149/2149 2587/2587
f 2587/2587 2149/2149 2581/2581
f 2581/2581 2149/2149 2577/2577
f 2577/2577 2149/2149 2569/2569
f 2569/2569 2149/2149 2563/2563
f 2563/2563 2149/2149 2555/2555
f 2555/2555 2149/2149 2551/2551
f 2551/2551 2149/2149 2545/2545
f 2545/2545 2149/2149 2537/2537
f 2537/2537 2149/2149 2533/2533
f 2533/2533 2149/2149 2152/2152
f 2533/2533 2152/2152 2156/2156
f 2156/2156 2162/2162 2533/2533
f 2533/2533 2162/2162 2525/2525
f 2525/2525 2162/2162 2169/2169
f 2525/2525 2169/2169 2520/2520
f 2520/2520 2169/2169 2176/2176
f 2520/2520 2176/2176 2180/2180
f 2520/2520 2180/2180 2515/2515
f 2515/2515 2180/2180 2186/2186
f 2515/2515 2186/2186 2509/2509
f 2509/2509 2186/2186 2193/2193
f 2509/2509 2193/2193 2503/2503
f 2503/2503 2193/2193 2198/2198
f 2503/2503 2198/2198 2205/2205
f 2503/2503 2205/2205 2495/2495
f 2495/2495 2205/2205 2212/2212
f 2495/2495 2212/2212 2491/2491
f 2491/2491 2212/2212 2217/2217
f 2491/2491 2217/2217 2485/2485
f 2485/2485 2217/2217 2224/2224
f 2485/2485 2224/2224 2479/2479
f 2479/2479 2224/2224 2230/2230
f 2479/2479 2230/2230 2236/2236
f 2479/2479 2236/2236 2473/2473
f 2473/2473 2236/2236 2240/2240
f 2473/2473 2240/2240 2246/2246
f 2473/2473 2246/2246 2466/2466
f 2466/2466 2246/2246 2253/2253
f 2466/2466 2253/2253 2259/2259
f 2259/2259 2264/2264 2466/2466
f 2466/2466 2264/2264 2270/2270
f 2466/2466 2270/2270 2458/2458
f 2458/2458 2270/2270 2278/2278
f 2458/2458 2278/2278 2283/2283
f 2458/2458 2283/2283 2453/2453
f 2453/2453 2283/2283 2290/2290
f 2453/2453 2290/2290 2445/2445
f 2445/2445 2290/2290 2296/2296
f 2445/2445 2296/2296 2440/2440
f 2440/2440 2296/2296 2302/2302
f 2440/2440 2302/2302 2435/2435
f 2435/2435 2302/2302 2429/2429
f 2429/2429 2302/2302 2306/2306
f 2429/2429 2306/2306 2421/2421
f 2421/2421 2306/2306 2312/2312
f 2421/2421 2312/2312 2416/2416
f 2416/2416 2312/2312 2409/2409
f 2409/2409 2312/2312 2319/2319
f 2409/2409 2319/2319 2404/2404
f 2404/2404 2319/2319 2326/2326
f 2404/2404 2326/2326 2399/2399
f 2399/2399 2326/2326 2331/2331
f 2399/2399 2331/2331 2392/2392
f 2392/2392 2331/2331 2338/2338
f 2392/2392 2338/2338 2386/2386
f 2386/2386 2338/2338 2344/2344
f 2386/2386 2344/2344 2380/2380
f 2380/2380 2344/2344 2350/2350
f 2380/2380 2350/2350 2374/2374
f 2374/2374 2350/2350 2355/2355
f 2374/2374 2355/2355 2367/2367
f 2367/2367 2355/2355 2361/2361
f 2602/2602 2591/2591 2606/2606
f 2606/2606 2591/2591 2584/2584
f 2606/2606 2584/2584 2608/2608
f 2608/2608 2584/2584 2578/2578
f 2608/2608 2578/2578 2574/2574
f 2609/2609 2612/2612 2602/2602
f 2602/2602 2612/2612 2613/2613
f 2602/2602 2613/2613 1925/1925
f 1925/1925 2613/2613 1931/1931
f 1931/1931 2613/2613 1935/1935
f 1935/1935 2613/2613 1941/1941
f 1941/1941 2613/2613 1947/1947
f 1947/1947 2613/2613 1955/1955
f 1955/1955 2613/2613 1961/1961
f 1961/1961 2613/2613 1967/1967
f 1967/1967 2613/2613 1972/1972
f 1972/1972 2613/2613 1978/1978
f 1978/1978 2613/2613 1985/1985
f 1985/1985 2613/2613 1989/1989
f 1989/1989 2613/2613 1998/1998
f 1998/1998 2613/2613 2004/2004
f 2004/2004 2613/2613 2009/2009
f 2009/2009 2613/2613 2017/2017
f 2017/2017 2613/2613 2021/2021
f 2021/2021 2613/2613 2027/2027
f 2027/2027 2613/2613 2033/2033
f 2033/2033 2613/2613 2041/2041
f 2041/2041 2613/2613 2309/2309
f 2041/2041 2309/2309 2045/2045
f 2045/2045 2309/2309 2305/2305
f 2045/2045 2305/2305 2052/2052
f 2052/2052 2305/2305 2299/2299
f 2052/2052 2299/2299 2057/2057
f 2057/2057 2299/2299 2293/2293
f 2057/2057 2293/2293 2064/2064
f 2064/2064 2293/2293 2287/2287
f 2064/2064 2287/2287 2070/2070
f 2070/2070 2287/2287 2280/2280
f 2070/2070 2280/2280 2077/2077
f 2077/2077 2280/2280 2273/2273
f 2077/2077 2273/2273 2082/2082
f 2082/2082 2273/2273 2088/2088
f 2088/2088 2273/2273 2267/2267
f 2088/2088 2267/2267 2095/2095
f 2095/2095 2267/2267 2263/2263
f 2095/2095 2263/2263 2100/2100
f 2100/2100 2263/2263 2257/2257
f 2100/2100 2257/2257 2251/2251
f 2609/2609 2616/2616 2612/2612
f 2612/2612 2616/2616 2617/2617
f 2617/2617 2616/2616 2606/2606
f 2617/2617 2606/2606 2608/2608
f 2613/2613 2608/2608 2309/2309
f 2309/2309 2608/2608 2315/2315
f 2315/2315 2608/2608 2321/2321
f 2321/2321 2608/2608 2327/2327
f 2327/2327 2608/2608 2335/2335
f 2335/2335 2608/2608 2341/2341
f 2341/2341 2608/2608 2347/2347
f 2347/2347 2608/2608 2351/2351
f 2351/2351 2608/2608 2357/2357
f 2357/2357 2608/2608 2574/2574
f 2357/2357 2574/2574 2568/2568
f 2161/2161 2142/2142 2165/2165
f 2165/2165 2142/2142 2598/2598
f 2165/2165 2598/2598 2173/2173
f 2173/2173 2598/2598 2177/2177
f 2177/2177 2598/2598 2184/2184
f 2184/2184 2598/2598 2190/2190
f 2190/2190 2598/2598 2195/2195
f 2195/2195 2598/2598 2201/2201
f 2201/2201 2598/2598 2209/2209
f 2209/2209 2598/2598 2213/2213
f 2213/2213 2598/2598 2219/2219
f 2219/2219 2598/2598 2227/2227
f 2227/2227 2598/2598 2117/2117
f 2227/2227 2117/2117 2233/2233
f 2233/2233 2117/2117 2111/2111
f 2233/2233 2111/2111 2237/2237
f 2237/2237 2111/2111 2243/2243
f 2243/2243 2111/2111 2105/2105
f 2243/2243 2105/2105 2251/2251
f 2251/2251 2105/2105 2100/2100
f 2154/2154 2146/2146 2161/2161
f 2161/2161 2146/2146 2142/2142
f 2591/2591 2135/2135 2598/2598
f 2598/2598 2135/2135 2129/2129
f 2598/2598 2129/2129 2124/2124
f 2566/2566 2559/2559 2358/2358
f 2357/2357 2560/2560 2554/2554
f 2357/2357 2554/2554 2546/2546
f 2546/2546 2541/2541 2357/2357
f 2357/2357 2541/2541 2536/2536
f 2357/2357 2536/2536 2528/2528
f 2357/2357 2528/2528 2366/2366
f 2366/2366 2528/2528 2522/2522
f 2366/2366 2522/2522 2518/2518
f 2518/2518 2512/2512 2366/2366
f 2366/2366 2512/2512 2504/2504
f 2366/2366 2504/2504 2390/2390
f 2390/2390 2504/2504 2396/2396
f 2396/2396 2504/2504 2400/2400
f 2400/2400 2504/2504 2406/2406
f 2406/2406 2504/2504 2498/2498
f 2406/2406 2498/2498 2413/2413
f 2413/2413 2498/2498 2492/2492
f 2413/2413 2492/2492 2420/2420
f 2420/2420 2492/2492 2426/2426
f 2426/2426 2492/2492 2486/2486
f 2426/2426 2486/2486 2430/2430
f 2430/2430 2486/2486 2481/2481
f 2430/2430 2481/2481 2436/2436
f 2436/2436 2481/2481 2442/2442
f 2442/2442 2481/2481 2476/2476
f 2442/2442 2476/2476 2468/2468
f 2462/2462 2454/2454 2467/2467
f 2468/2468 2457/2457 2448/2448
f 2468/2468 2448/2448 2442/2442
f 2390/2390 2382/2382 2366/2366
f 2366/2366 2382/2382 2371/2371
f 2371/2371 2382/2382 2376/2376
f 1876/1876 1869/1869 2602/2602
f 2602/2602 1869/1869 1865/1865
f 2602/2602 1865/1865 2591/2591
f 2591/2591 1865/1865 1859/1859
f 2591/2591 1859/1859 1851/1851
f 1851/1851 1842/1842 2591/2591
f 2591/2591 1842/1842 1841/1841
f 2591/2591 1841/1841 2135/2135
f 2124/2124 2117/2117 2598/2598
f 1925/1925 1918/1918 2602/2602
f 2602/2602 1918/1918 1913/1913
f 2602/2602 1913/1913 1905/1905
f 1905/1905 1900/1900 2602/2602
f 2602/2602 1900/1900 1895/1895
f 2602/2602 1895/1895 1889/1889
f 1889/1889 1881/1881 2602/2602
f 2602/2602 1881/1881 1876/1876
f 2619/2619 2621/2621 2624/2624
f 2624/2624 2621/2621 2627/2627
f 2628/2628 2623/2623 2631/2631
f 2628/2628 2631/2631 2634/2634
f 2633/2633 2630/2630 2637/2637
f 2633/2633 2637/2637 2641/2641
f 2640/2640 2636/2636 2642/2642
f 2640/2640 2642/2642 2647/2647
f 2643/2643 2648/2648 2646/2646
f 2646/2646 2648/2648 2651/2651
f 2652/2652 2650/2650 2655/2655
f 2652/2652 2655/2655 2658/2658
f 2659/2659 2656/2656 2662/2662
f 2659/2659 2662/2662 2664/2664
f 2665/2665 2661/2661 2666/2666
f 2665/2665 2666/2666 2669/2669
f 2667/2667 2673/2673 2671/2671
f 2671/2671 2673/2673 2676/2676
f 2677/2677 2672/2672 2678/2678
f 2677/2677 2678/2678 2682/2682
f 2681/2681 2679/2679 2685/2685
f 2681/2681 2685/2685 2687/2687
f 2688/2688 2684/2684 2691/2691
f 2688/2688 2691/2691 2693/2693
f 2692/2692 2696/2696 2695/2695
f 2695/2695 2696/2696 2700/2700
f 2701/2701 2697/2697 2703/2703
f 2701/2701 2703/2703 2705/2705
f 2707/2707 2702/2702 2708/2708
f 2707/2707 2708/2708 2712/2712
f 2713/2713 2709/2709 2715/2715
f 2713/2713 2715/2715 2718/2718
f 2716/2716 2722/2722 2719/2719
f 2719/2719 2722/2722 2726/2726
f 2725/2725 2721/2721 2727/2727
f 2724/2724 2730/2730 2731/2731
f 2733/2733 2728/2728 2734/2734
f 2733/2733 2734/2734 2739/2739
f 2737/2737 2735/2735 2741/2741
f 2737/2737 2741/2741 2744/2744
f 2742/2742 2746/2746 2745/2745
f 2745/2745 2746/2746 2752/2752
f 2751/2751 2748/2748 2756/2756
f 2749/2749 2755/2755 2760/2760
f 2759/2759 2754/2754 2763/2763
f 2758/2758 2762/2762 2765/2765
f 2767/2767 2761/2761 2768/2768
f 2767/2767 2768/2768 2772/2772
f 2769/2769 2775/2775 2771/2771
f 2771/2771 2775/2775 2778/2778
f 2779/2779 2776/2776 2780/2780
f 2779/2779 2780/2780 2783/2783
f 2785/2785 2782/2782 2786/2786
f 2785/2785 2786/2786 2789/2789
f 2791/2791 2788/2788 2792/2792
f 2791/2791 2792/2792 2796/2796
f 2794/2794 2799/2799 2797/2797
f 2797/2797 2799/2799 2802/2802
f 2801/2801 2800/2800 2804/2804
f 2801/2801 2804/2804 2807/2807
f 2808/2808 2805/2805 2811/2811
f 2808/2808 2811/2811 2815/2815
f 2813/2813 2812/2812 2816/2816
f 2813/2813 2816/2816 2819/2819
f 2817/2817 2824/2824 2820/2820
f 2820/2820 2824/2824 2826/2826
f 2827/2827 2823/2823 2830/2830
f 2827/2827 2830/2830 2831/2831
f 2832/2832 2828/2828 2837/2837
f 2833/2833 2836/2836 2842/2842
f 2841/2841 2838/2838 2846/2846
f 2840/2840 2845/2845 2847/2847
f 2844/2844 2851/2851 2848/2848
f 2848/2848 2851/2851 2855/2855
f 2853/2853 2852/2852 2858/2858
f 2853/2853 2858/2858 2860/2860
f 2859/2859 2856/2856 2863/2863
f 2859/2859 2863/2863 2866/2866
f 2867/2867 2864/2864 2869/2869
f 2867/2867 2869/2869 2872/2872
f 2868/2868 2875/2875 2874/2874
f 2874/2874 2875/2875 2881/2881
f 2880/2880 2876/2876 2884/2884
f 2879/2879 2883/2883 2887/2887
f 2888/2888 2886/2886 2892/2892
f 2888/2888 2892/2892 2894/2894
f 2895/2895 2891/2891 2898/2898
f 2895/2895 2898/2898 2900/2900
f 2896/2896 2904/2904 2901/2901
f 2901/2901 2904/2904 2907/2907
f 2905/2905 2903/2903 2908/2908
f 2905/2905 2908/2908 2912/2912
f 2913/2913 2909/2909 2915/2915
f 2913/2913 2915/2915 2917/2917
f 2918/2918 2914/2914 2920/2920
f 2918/2918 2920/2920 2924/2924
f 2921/2921 2927/2927 2925/2925
f 2925/2925 2927/2927 2930/2930
f 2928/2928 2933/2933 2931/2931
f 2931/2931 2933/2933 2935/2935
f 2937/2937 2934/2934 2940/2940
f 2937/2937 2940/2940 2942/2942
f 2943/2943 2939/2939 2945/2945
f 2943/2943 2945/2945 2949/2949
f 2947/2947 2944/2944 2950/2950
f 2947/2947 2950/2950 2954/2954
f 2952/2952 2956/2956 2955/2955
f 2955/2955 2956/2956 2959/2959
f 2960/2960 2958/2958 2963/2963
f 2960/2960 2963/2963 2966/2966
f 2967/2967 2962/2962 2970/2970
f 2967/2967 2970/2970 2971/2971
f 2973/2973 2969/2969 2975/2975
f 2973/2973 2975/2975 2978/2978
f 2976/2976 2980/2980 2977/2977
f 2977/2977 2980/2980 2984/2984
f 2985/2985 2981/2981 2987/2987
f 2986/2986 2989/2989 2993/2993
f 2991/2991 2990/2990 2996/2996
f 2991/2991 2996/2996 2998/2998
f 2999/2999 2994/2994 3002/3002
f 2999/2999 3002/3002 3004/3004
f 3000/3000 3006/3006 3003/3003
f 3003/3003 3006/3006 3009/3009
f 3010/3010 3007/3007 3014/3014
f 3012/3012 3015/3015 3018/3018
f 3019/3019 3016/3016 3022/3022
f 3019/3019 3022/3022 3023/3023
f 3024/3024 3020/3020 3028/3028
f 3024/3024 3028/3028 3029/3029
f 3027/3027 3033/3033 3030/3030
f 3030/3030 3033/3033 3036/3036
f 3035/3035 3032/3032 3038/3038
f 3035/3035 3038/3038 3041/3041
f 3042/3042 3039/3039 3046/3046
f 3042/3042 3046/3046 3049/3049
f 3048/3048 3045/3045 3051/3051
f 3048/3048 3051/3051 3055/3055
f 3053/3053 3050/3050 3056/3056
f 3053/3053 3056/3056 3059/3059
f 3060/3060 3057/3057 3062/3062
f 3060/3060 3062/3062 3065/3065
f 3063/3063 3069/3069 3066/3066
f 3066/3066 3069/3069 3073/3073
f 3072/3072 3070/3070 3076/3076
f 3072/3072 3076/3076 3077/3077
f 3078/3078 3074/3074 3080/3080
f 3078/3078 3080/3080 3084/3084
f 3085/3085 3082/3082 3087/3087
f 3086/3086 3088/3088 3094/3094
f 3089/3089 3097/3097 3093/3093
f 3092/3092 3095/3095 3100/3100
f 3101/3101 3096/3096 3102/3102
f 3101/3101 3102/3102 3107/3107
f 3106/3106 3103/3103 3110/3110
f 3106/3106 3110/3110 3114/3114
f 3113/3113 3109/3109 3118/3118
f 3112/3112 3117/3117 3120/3120
f 3116/3116 3123/3123 3119/3119
f 3119/3119 3123/3123 3126/3126
f 3124/3124 3130/3130 3127/3127
f 3127/3127 3130/3130 3132/3132
f 3133/3133 3128/3128 3138/3138
f 3134/3134 3137/3137 3140/3140
f 3139/3139 3136/3136 3145/3145
f 3142/3142 3146/3146 3149/3149
f 3147/3147 3144/3144 3152/3152
f 3147/3147 3152/3152 3153/3153
f 3150/3150 3157/3157 3154/3154
f 3154/3154 3157/3157 3159/3159
f 3160/3160 3158/3158 3162/3162
f 3160/3160 3162/3162 3165/3165
f 3166/3166 3164/3164 3170/3170
f 3166/3166 3170/3170 3171/3171
f 3172/3172 3168/3168 3174/3174
f 3172/3172 3174/3174 3179/3179
f 3175/3175 3180/3180 3178/3178
f 3178/3178 3180/3180 3184/3184
f 3185/3185 3182/3182 3186/3186
f 3185/3185 3186/3186 3190/3190
f 3191/3191 3188/3188 3194/3194
f 3191/3191 3194/3194 3197/3197
f 3195/3195 3193/3193 3199/3199
f 3195/3195 3199/3199 3202/3202
f 3200/3200 3204/3204 3201/3201
f 3201/3201 3204/3204 3208/3208
f 3209/3209 3206/3206 3210/3210
f 3209/3209 3210/3210 3214/3214
f 3215/3215 3211/3211 3216/3216
f 3215/3215 3216/3216 3219/3219
f 3220/3220 3217/3217 3222/3222
f 3220/3220 3222/3222 3227/3227
f 3223/3223 3228/3228 3225/3225
f 3225/3225 3228/3228 3232/3232
f 3233/3233 3230/3230 3235/3235
f 3233/3233 3235/3235 3239/3239
f 3238/3238 3236/3236 3242/3242
f 3238/3238 3242/3242 3244/3244
f 3243/3243 3241/3241 3247/3247
f 3243/3243 3247/3247 3251/3251
f 3246/3246 3252/3252 3249/3249
f 3249/3249 3252/3252 3256/3256
f 3257/3257 3253/3253 3258/3258
f 3257/3257 3258/3258 3261/3261
f 3262/3262 3260/3260 3265/3265
f 3262/3262 3265/3265 3269/3269
f 3268/3268 3266/3266 3271/3271
f 3268/3268 3271/3271 3275/3275
f 3272/3272 3277/3277 3276/3276
f 3273/3273 3278/3278 3281/3281
f 3282/3282 3280/3280 3286/3286
f 3282/3282 3286/3286 3287/3287
f 3288/3288 3285/3285 3290/3290
f 3288/3288 3290/3290 3295/3295
f 3294/3294 3292/3292 3298/3298
f 3294/3294 3298/3298 3301/3301
f 3296/3296 3304/3304 3300/3300
f 3300/3300 3304/3304 3306/3306
f 3303/3303 3308/3308 3305/3305
f 3305/3305 3308/3308 3312/3312
f 3311/3311 3309/3309 3314/3314
f 3311/3311 3314/3314 3319/3319
f 3317/3317 3315/3315 3322/3322
f 3317/3317 3322/3322 3323/3323
f 3324/3324 3321/3321 2618/2618
f 3324/3324 2618/2618 2626/2626
f 3307/3307 3313/3313 3299/3299
f 3299/3299 3313/3313 3293/3293
f 3293/3293 3313/3313 3318/3318
f 3293/3293 3318/3318 3325/3325
f 3293/3293 3325/3325 3289/3289
f 3289/3289 3325/3325 2625/2625
f 3289/3289 2625/2625 3283/3283
f 3283/3283 2625/2625 2629/2629
f 3283/3283 2629/2629 3274/3274
f 3274/3274 2629/2629 2635/2635
f 3274/3274 2635/2635 3267/3267
f 3267/3267 2635/2635 3263/3263
f 3263/3263 2635/2635 2639/2639
f 3263/3263 2639/2639 3255/3255
f 3255/3255 2639/2639 2645/2645
f 3255/3255 2645/2645 3250/3250
f 3250/3250 2645/2645 3245/3245
f 3245/3245 2645/2645 2653/2653
f 3245/3245 2653/2653 3237/3237
f 3237/3237 2653/2653 2657/2657
f 3237/3237 2657/2657 3231/3231
f 3231/3231 2657/2657 2663/2663
f 3231/3231 2663/2663 3226/3226
f 3226/3226 2663/2663 3221/3221
f 3221/3221 2663/2663 2670/2670
f 3221/3221 2670/2670 3213/3213
f 3213/3213 2670/2670 2675/2675
f 3213/3213 2675/2675 3207/3207
f 3207/3207 2675/2675 2683/2683
f 3207/3207 2683/2683 2689/2689
f 3207/3207 2689/2689 3203/3203
f 3203/3203 2689/2689 2694/2694
f 3203/3203 2694/2694 2699/2699
f 3203/3203 2699/2699 3196/3196
f 3196/3196 2699/2699 2706/2706
f 3196/3196 2706/2706 2711/2711
f 2711/2711 2717/2717 3196/3196
f 3196/3196 2717/2717 3189/3189
f 3189/3189 2717/2717 2723/2723
f 3189/3189 2723/2723 3183/3183
f 3183/3183 2723/2723 2732/2732
f 3183/3183 2732/2732 2738/2738
f 3183/3183 2738/2738 3177/3177
f 3177/3177 2738/2738 2743/2743
f 3177/3177 2743/2743 3173/3173
f 3173/3173 2743/2743 3167/3167
f 3167/3167 2743/2743 3067/3067
f 3167/3167 3067/3067 3071/3071
f 3067/3067 2743/2743 3061/3061
f 3061/3061 2743/2743 2750/2750
f 3061/3061 2750/2750 3054/3054
f 3054/3054 2750/2750 3047/3047
f 3047/3047 2750/2750 2757/2757
f 3047/3047 2757/2757 3043/3043
f 3043/3043 2757/2757 2766/2766
f 3043/3043 2766/2766 3037/3037
f 3037/3037 2766/2766 2773/2773
f 3037/3037 2773/2773 2777/2777
f 3037/3037 2777/2777 3031/3031
f 3031/3031 2777/2777 2784/2784
f 3031/3031 2784/2784 2790/2790
f 2790/2790 2795/2795 3031/3031
f 3031/3031 2795/2795 2803/2803
f 3031/3031 2803/2803 2809/2809
f 3031/3031 2809/2809 3025/3025
f 3025/3025 2809/2809 2814/2814
f 3025/3025 2814/2814 2821/2821
f 3025/3025 2821/2821 3017/3017
f 3017/3017 2821/2821 2825/2825
f 3017/3017 2825/2825 2834/2834
f 3017/3017 2834/2834 3011/3011
f 3011/3011 2834/2834 2839/2839
f 3011/3011 2839/2839 3005/3005
f 3005/3005 2839/2839 2849/2849
f 3005/3005 2849/2849 2997/2997
f 2997/2997 2849/2849 2854/2854
f 2997/2997 2854/2854 2992/2992
f 2992/2992 2854/2854 2861/2861
f 2992/2992 2861/2861 2983/2983
f 2983/2983 2861/2861 2865/2865
f 2983/2983 2865/2865 2979/2979
f 2979/2979 2865/2865 2873/2873
f 2979/2979 2873/2873 2972/2972
f 2972/2972 2873/2873 2882/2882
f 2972/2972 2882/2882 2965/2965
f 2965/2965 2882/2882 2889/2889
f 2965/2965 2889/2889 2961/2961
f 2961/2961 2889/2889 2893/2893
f 2961/2961 2893/2893 2953/2953
f 2953/2953 2893/2893 2948/2948
f 2948/2948 2893/2893 2899/2899
f 2948/2948 2899/2899 2941/2941
f 2941/2941 2899/2899 2906/2906
f 2941/2941 2906/2906 2936/2936
f 2936/2936 2906/2906 2911/2911
f 2936/2936 2911/2911 2919/2919
f 2923/2923 2929/2929 2919/2919
f 2919/2919 2929/2929 2936/2936
f 3167/3167 3071/3071 3161/3161
f 3161/3161 3071/3071 3079/3079
f 3161/3161 3079/3079 3155/3155
f 3155/3155 3079/3079 3083/3083
f 3155/3155 3083/3083 3148/3148
f 3148/3148 3083/3083 3091/3091
f 3148/3148 3091/3091 3141/3141
f 3141/3141 3091/3091 3099/3099
f 3141/3141 3099/3099 3131/3131
f 3131/3131 3099/3099 3105/3105
f 3131/3131 3105/3105 3111/3111
f 3111/3111 3121/3121 3131/3131
f 3131/3131 3121/3121 3125/3125
f 3329/3329 3331/3331 3335/3335
f 3335/3335 3331/3331 3337/3337
f 3338/3338 3332/3332 3340/3340
f 3338/3338 3340/3340 3345/3345
f 3343/3343 3341/3341 3347/3347
f 3343/3343 3347/3347 3351/3351
f 3352/3352 3349/3349 3354/3354
f 3353/3353 3355/3355 3360/3360
f 3357/3357 3362/3362 3358/3358
f 3358/3358 3362/3362 3366/3366
f 3365/3365 3361/3361 3368/3368
f 3365/3365 3368/3368 3372/3372
f 3371/3371 3369/3369 3375/3375
f 3371/3371 3375/3375 3378/3378
f 3377/3377 3374/3374 3379/3379
f 3377/3377 3379/3379 3383/3383
f 3381/3381 3387/3387 3384/3384
f 3384/3384 3387/3387 3389/3389
f 3388/3388 3385/3385 3392/3392
f 3388/3388 3392/3392 3395/3395
f 3396/3396 3393/3393 3397/3397
f 3396/3396 3397/3397 3401/3401
f 3400/3400 3398/3398 3405/3405
f 3400/3400 3405/3405 3408/3408
f 3403/3403 3410/3410 3407/3407
f 3407/3407 3410/3410 3413/3413
f 3412/3412 3411/3411 3415/3415
f 3412/3412 3415/3415 3420/3420
f 3418/3418 3416/3416 3423/3423
f 3418/3418 3423/3423 3426/3426
f 3425/3425 3422/3422 3429/3429
f 3425/3425 3429/3429 3431/3431
f 3428/3428 3435/3435 3430/3430
f 3430/3430 3435/3435 3436/3436
f 3438/3438 3433/3433 3441/3441
f 3438/3438 3441/3441 3442/3442
f 3444/3444 3440/3440 3446/3446
f 3444/3444 3446/3446 3448/3448
f 3450/3450 3445/3445 3453/3453
f 3450/3450 3453/3453 3454/3454
f 3452/3452 3457/3457 3456/3456
f 3456/3456 3457/3457 3461/3461
f 3462/3462 3459/3459 3464/3464
f 3462/3462 3464/3464 3467/3467
f 3468/3468 3465/3465 3472/3472
f 3469/3469 3471/3471 3476/3476
f 3475/3475 3473/3473 3479/3479
f 3475/3475 3479/3479 3481/3481
f 3478/3478 3484/3484 3480/3480
f 3480/3480 3484/3484 3488/3488
f 3486/3486 3485/3485 3491/3491
f 3486/3486 3491/3491 3495/3495
f 3493/3493 3489/3489 3496/3496
f 3492/3492 3497/3497 3503/3503
f 3502/3502 3500/3500 3506/3506
f 3502/3502 3506/3506 3508/3508
f 3505/3505 3510/3510 3509/3509
f 3509/3509 3510/3510 3513/3513
f 3514/3514 3511/3511 3517/3517
f 3514/3514 3517/3517 3520/3520
f 3519/3519 3518/3518 3522/3522
f 3519/3519 3522/3522 3527/3527
f 3525/3525 3523/3523 3528/3528
f 3525/3525 3528/3528 3531/3531
f 3530/3530 3535/3535 3533/3533
f 3533/3533 3535/3535 3538/3538
f 3537/3537 3534/3534 3542/3542
f 3537/3537 3542/3542 3545/3545
f 3544/3544 3541/3541 3547/3547
f 3544/3544 3547/3547 3550/3550
f 3551/3551 3546/3546 3553/3553
f 3551/3551 3553/3553 3556/3556
f 3554/3554 3559/3559 3557/3557
f 3557/3557 3559/3559 3561/3561
f 3558/3558 3564/3564 3562/3562
f 3562/3562 3564/3564 3567/3567
f 3568/3568 3565/3565 3570/3570
f 3568/3568 3570/3570 3575/3575
f 3574/3574 3571/3571 3577/3577
f 3574/3574 3577/3577 3580/3580
f 3581/3581 3578/3578 3583/3583
f 3581/3581 3583/3583 3585/3585
f 3582/3582 3588/3588 3587/3587
f 3587/3587 3588/3588 3591/3591
f 3593/3593 3589/3589 3594/3594
f 3593/3593 3594/3594 3597/3597
f 3598/3598 3596/3596 3602/3602
f 3598/3598 3602/3602 3604/3604
f 3605/3605 3601/3601 3607/3607
f 3605/3605 3607/3607 3610/3610
f 3606/3606 3612/3612 3609/3609
f 3609/3609 3612/3612 3615/3615
f 3617/3617 3614/3614 3619/3619
f 3617/3617 3619/3619 3622/3622
f 3623/3623 3618/3618 3625/3625
f 3624/3624 3628/3628 3631/3631
f 3629/3629 3626/3626 3633/3633
f 3629/3629 3633/3633 3636/3636
f 3632/3632 3639/3639 3637/3637
f 3637/3637 3639/3639 3643/3643
f 3641/3641 3640/3640 3644/3644
f 3641/3641 3644/3644 3647/3647
f 3648/3648 3645/3645 3651/3651
f 3648/3648 3651/3651 3654/3654
f 3653/3653 3652/3652 3656/3656
f 3653/3653 3656/3656 3660/3660
f 3657/3657 3664/3664 3659/3659
f 3659/3659 3664/3664 3668/3668
f 3665/3665 3663/3663 3669/3669
f 3666/3666 3672/3672 3674/3674
f 3673/3673 3671/3671 3677/3677
f 3673/3673 3677/3677 3680/3680
f 3681/3681 3678/3678 3683/3683
f 3681/3681 3683/3683 3686/3686
f 3684/3684 3688/3688 3687/3687
f 3687/3687 3688/3688 3691/3691
f 3693/3693 3689/3689 3695/3695
f 3693/3693 3695/3695 3698/3698
f 3699/3699 3694/3694 3702/3702
f 3699/3699 3702/3702 3704/3704
f 3703/3703 3701/3701 3708/3708
f 3703/3703 3708/3708 3711/3711
f 3706/3706 3713/3713 3710/3710
f 3710/3710 3713/3713 3715/3715
f 3717/3717 3712/3712 3719/3719
f 3717/3717 3719/3719 3721/3721
f 3722/3722 3718/3718 3724/3724
f 3722/3722 3724/3724 3727/3727
f 3729/3729 3725/3725 3732/3732
f 3729/3729 3732/3732 3734/3734
f 3730/3730 3736/3736 3735/3735
f 3735/3735 3736/3736 3739/3739
f 3740/3740 3737/3737 3744/3744
f 3740/3740 3744/3744 3746/3746
f 3747/3747 3743/3743 3748/3748
f 3747/3747 3748/3748 3753/3753
f 3752/3752 3749/3749 3754/3754
f 3752/3752 3754/3754 3757/3757
f 3756/3756 3760/3760 3759/3759
f 3759/3759 3760/3760 3765/3765
f 3764/3764 3761/3761 3767/3767
f 3764/3764 3767/3767 3771/3771
f 3769/3769 3768/3768 3772/3772
f 3769/3769 3772/3772 3776/3776
f 3775/3775 3773/3773 3779/3779
f 3775/3775 3779/3779 3781/3781
f 3778/3778 3786/3786 3782/3782
f 3782/3782 3786/3786 3787/3787
f 3784/3784 3792/3792 3788/3788
f 3788/3788 3792/3792 3794/3794
f 3790/3790 3327/3327 3793/3793
f 3793/3793 3327/3327 3334/3334
f 3795/3795 3336/3336 3789/3789
f 3789/3789 3336/3336 3783/3783
f 3783/3783 3336/3336 3777/3777
f 3777/3777 3336/3336 3770/3770
f 3770/3770 3336/3336 3763/3763
f 3763/3763 3336/3336 3758/3758
f 3758/3758 3336/3336 3751/3751
f 3751/3751 3336/3336 3745/3745
f 3745/3745 3336/3336 3741/3741
f 3741/3741 3336/3336 3733/3733
f 3733/3733 3336/3336 3728/3728
f 3728/3728 3336/3336 3339/3339
f 3728/3728 3339/3339 3344/3344
f 3344/3344 3350/3350 3728/3728
f 3728/3728 3350/3350 3723/3723
f 3723/3723 3350/3350 3359/3359
f 3723/3723 3359/3359 3716/3716
f 3716/3716 3359/3359 3364/3364
f 3716/3716 3364/3364 3370/3370
f 3716/3716 3370/3370 3709/3709
f 3709/3709 3370/3370 3376/3376
f 3709/3709 3376/3376 3705/3705
f 3705/3705 3376/3376 3382/3382
f 3705/3705 3382/3382 3697/3697
f 3697/3697 3382/3382 3390/3390
f 3697/3697 3390/3390 3394/3394
f 3697/3697 3394/3394 3692/3692
f 3692/3692 3394/3394 3402/3402
f 3692/3692 3402/3402 3685/3685
f 3685/3685 3402/3402 3406/3406
f 3685/3685 3406/3406 3679/3679
f 3679/3679 3406/3406 3414/3414
f 3679/3679 3414/3414 3675/3675
f 3675/3675 3414/3414 3419/3419
f 3675/3675 3419/3419 3424/3424
f 3675/3675 3424/3424 3667/3667
f 3667/3667 3424/3424 3432/3432
f 3667/3667 3432/3432 3437/3437
f 3667/3667 3437/3437 3661/3661
f 3661/3661 3437/3437 3443/3443
f 3661/3661 3443/3443 3449/3449
f 3449/3449 3455/3455 3661/3661
f 3661/3661 3455/3455 3460/3460
f 3661/3661 3460/3460 3655/3655
f 3655/3655 3460/3460 3466/3466
f 3655/3655 3466/3466 3474/3474
f 3655/3655 3474/3474 3649/3649
f 3649/3649 3474/3474 3482/3482
f 3649/3649 3482/3482 3642/3642
f 3642/3642 3482/3482 3487/3487
f 3642/3642 3487/3487 3635/3635
f 3635/3635 3487/3487 3494/3494
f 3635/3635 3494/3494 3630/3630
f 3630/3630 3494/3494 3621/3621
f 3621/3621 3494/3494 3501/3501
f 3621/3621 3501/3501 3616/3616
f 3616/3616 3501/3501 3507/3507
f 3616/3616 3507/3507 3611/3611
f 3611/3611 3507/3507 3603/3603
f 3603/3603 3507/3507 3515/3515
f 3603/3603 3515/3515 3599/3599
f 3599/3599 3515/3515 3521/3521
f 3599/3599 3521/3521 3592/3592
f 3592/3592 3521/3521 3526/3526
f 3592/3592 3526/3526 3586/3586
f 3586/3586 3526/3526 3532/3532
f 3586/3586 3532/3532 3579/3579
f 3579/3579 3532/3532 3539/3539
f 3579/3579 3539/3539 3573/3573
f 3573/3573 3539/3539 3543/3543
f 3573/3573 3543/3543 3569/3569
f 3569/3569 3543/3543 3549/3549
f 3569/3569 3549/3549 3563/3563
f 3563/3563 3549/3549 3555/3555
f 103/103 82/82 109/109
f 109/109 82/82 534/534
f 109/109 534/534 115/115
f 115/115 534/534 119/119
f 119/119 534/534 127/127
f 127/127 534/534 133/133
f 133/133 534/534 138/138
f 138/138 534/534 145/145
f 145/145 534/534 150/150
f 150/150 534/534 157/157
f 157/157 534/534 163/163
f 163/163 534/534 167/167
f 167/167 534/534 175/175
f 175/175 534/534 181/181
f 181/181 534/534 185/185
f 185/185 534/534 191/191
f 191/191 534/534 198/198
f 198/198 534/534 205/205
f 205/205 534/534 3796/3796
f 205/205 3796/3796 211/211
f 211/211 3796/3796 217/217
f 217/217 3796/3796 223/223
f 223/223 3796/3796 228/228
f 228/228 3796/3796 234/234
f 234/234 3796/3796 241/241
f 241/241 3796/3796 245/245
f 245/245 3796/3796 253/253
f 253/253 3796/3796 711/711
f 253/253 711/711 257/257
f 257/257 711/711 703/703
f 257/257 703/703 265/265
f 265/265 703/703 698/698
f 265/265 698/698 269/269
f 269/269 698/698 693/693
f 269/269 693/693 277/277
f 277/277 693/693 685/685
f 277/277 685/685 281/281
f 281/281 685/685 681/681
f 281/281 681/681 675/675
f 95/95 87/87 100/100
f 103/103 85/85 82/82
f 534/534 527/527 3796/3796
f 3796/3796 527/527 3873/3873
f 3796/3796 3873/3873 3797/3797
f 3797/3797 3873/3873 3877/3877
f 3797/3797 3877/3877 3879/3879
f 527/527 521/521 3873/3873
f 3873/3873 521/521 986/986
f 3873/3873 986/986 3882/3882
f 3882/3882 986/986 979/979
f 3882/3882 979/979 3799/3799
f 3799/3799 979/979 975/975
f 3799/3799 975/975 967/967
f 521/521 516/516 986/986
f 986/986 516/516 993/993
f 993/993 516/516 511/511
f 993/993 511/511 504/504
f 504/504 498/498 993/993
f 993/993 498/498 493/493
f 993/993 493/493 487/487
f 993/993 487/487 639/639
f 639/639 487/487 481/481
f 639/639 481/481 301/301
f 301/301 481/481 474/474
f 301/301 474/474 469/469
f 301/301 469/469 305/305
f 305/305 469/469 463/463
f 305/305 463/463 456/456
f 456/456 449/449 305/305
f 305/305 449/449 443/443
f 305/305 443/443 330/330
f 330/330 443/443 335/335
f 335/335 443/443 342/342
f 342/342 443/443 349/349
f 349/349 443/443 437/437
f 349/349 437/437 354/354
f 354/354 437/437 433/433
f 354/354 433/433 361/361
f 361/361 433/433 365/365
f 365/365 433/433 427/427
f 365/365 427/427 371/371
f 371/371 427/427 419/419
f 371/371 419/419 379/379
f 379/379 419/419 384/384
f 384/384 419/419 413/413
f 384/384 413/413 409/409
f 401/401 397/397 409/409
f 409/409 397/397 390/390
f 409/409 390/390 384/384
f 330/330 325/325 305/305
f 305/305 325/325 311/311
f 311/311 325/325 319/319
f 293/293 667/667 301/301
f 301/301 667/667 663/663
f 301/301 663/663 657/657
f 667/667 293/293 675/675
f 675/675 293/293 287/287
f 675/675 287/287 281/281
f 560/560 540/540 567/567
f 567/567 540/540 993/993
f 567/567 993/993 571/571
f 571/571 993/993 578/578
f 578/578 993/993 583/583
f 583/583 993/993 590/590
f 590/590 993/993 596/596
f 596/596 993/993 602/602
f 602/602 993/993 607/607
f 607/607 993/993 614/614
f 614/614 993/993 619/619
f 619/619 993/993 625/625
f 625/625 993/993 631/631
f 631/631 993/993 639/639
f 552/552 542/542 559/559
f 560/560 544/544 540/540
f 3799/3799 967/967 759/759
f 759/759 967/967 961/961
f 759/759 961/961 955/955
f 955/955 949/949 759/759
f 759/759 949/949 945/945
f 759/759 945/945 937/937
f 937/937 933/933 759/759
f 759/759 933/933 927/927
f 759/759 927/927 763/763
f 763/763 927/927 921/921
f 763/763 921/921 914/914
f 914/914 908/908 763/763
f 763/763 908/908 903/903
f 763/763 903/903 789/789
f 789/789 903/903 795/795
f 795/795 903/903 801/801
f 801/801 903/903 807/807
f 807/807 903/903 897/897
f 807/807 897/897 811/811
f 811/811 897/897 891/891
f 811/811 891/891 817/817
f 817/817 891/891 824/824
f 824/824 891/891 885/885
f 824/824 885/885 831/831
f 831/831 885/885 877/877
f 831/831 877/877 835/835
f 835/835 877/877 841/841
f 841/841 877/877 872/872
f 841/841 872/872 867/867
f 859/859 853/853 867/867
f 867/867 853/853 848/848
f 867/867 848/848 841/841
f 789/789 783/783 763/763
f 763/763 783/783 771/771
f 771/771 783/783 775/775
f 759/759 752/752 3799/3799
f 3799/3799 752/752 745/745
f 3799/3799 745/745 739/739
f 739/739 735/735 3799/3799
f 3799/3799 735/735 729/729
f 3799/3799 729/729 721/721
f 721/721 716/716 3799/3799
f 3799/3799 716/716 711/711
f 3799/3799 711/711 3796/3796
f 657/657 651/651 301/301
f 301/301 651/651 643/643
f 301/301 643/643 639/639
f 3799/3799 3798/3798 3882/3882
f 3882/3882 3798/3798 3879/3879
f 3879/3879 3798/3798 3797/3797
f 2649/2649 2644/2644 3884/3884
f 3884/3884 2644/2644 2638/2638
f 3884/3884 2638/2638 3785/3785
f 3785/3785 2638/2638 2632/2632
f 3785/3785 2632/2632 2622/2622
f 2622/2622 2620/2620 3785/3785
f 3785/3785 2620/2620 3320/3320
f 3785/3785 3320/3320 3316/3316
f 3785/3785 3316/3316 3791/3791
f 3791/3791 3316/3316 3310/3310
f 3791/3791 3310/3310 3302/3302
f 3297/3297 2922/2922 3302/3302
f 3302/3302 2922/2922 3434/3434
f 3302/3302 3434/3434 3427/3427
f 3291/3291 3122/3122 3297/3297
f 3297/3297 3122/3122 2926/2926
f 3297/3297 2926/2926 2922/2922
f 3291/3291 3284/3284 3122/3122
f 3122/3122 3284/3284 3279/3279
f 3122/3122 3279/3279 3270/3270
f 3270/3270 3264/3264 3122/3122
f 3122/3122 3264/3264 3259/3259
f 3122/3122 3259/3259 3129/3129
f 3129/3129 3259/3259 3254/3254
f 3129/3129 3254/3254 3135/3135
f 3135/3135 3254/3254 3143/3143
f 3143/3143 3254/3254 3248/3248
f 3143/3143 3248/3248 3151/3151
f 3151/3151 3248/3248 3240/3240
f 3151/3151 3240/3240 3156/3156
f 3156/3156 3240/3240 3234/3234
f 3156/3156 3234/3234 3163/3163
f 3163/3163 3234/3234 3229/3229
f 3163/3163 3229/3229 3169/3169
f 3169/3169 3229/3229 3224/3224
f 3169/3169 3224/3224 3176/3176
f 3176/3176 3224/3224 3218/3218
f 3176/3176 3218/3218 3181/3181
f 3181/3181 3218/3218 3212/3212
f 3181/3181 3212/3212 3205/3205
f 3198/3198 3192/3192 3205/3205
f 3205/3205 3192/3192 3187/3187
f 3205/3205 3187/3187 3181/3181
f 3122/3122 3115/3115 2926/2926
f 2926/2926 3115/3115 2932/2932
f 2932/2932 3115/3115 2938/2938
f 2938/2938 3115/3115 2946/2946
f 2946/2946 3115/3115 2951/2951
f 2951/2951 3115/3115 2957/2957
f 2957/2957 3115/3115 2964/2964
f 2964/2964 3115/3115 3108/3108
f 2964/2964 3108/3108 3104/3104
f 3104/3104 3098/3098 2964/2964
f 2964/2964 3098/3098 3090/3090
f 2964/2964 3090/3090 2968/2968
f 2968/2968 3090/3090 3081/3081
f 2968/2968 3081/3081 2974/2974
f 2974/2974 3081/3081 3075/3075
f 2974/2974 3075/3075 2982/2982
f 2982/2982 3075/3075 3068/3068
f 2982/2982 3068/3068 2988/2988
f 2988/2988 3068/3068 2995/2995
f 2995/2995 3068/3068 3064/3064
f 2995/2995 3064/3064 3001/3001
f 3001/3001 3064/3064 3058/3058
f 3001/3001 3058/3058 3008/3008
f 3008/3008 3058/3058 3052/3052
f 3008/3008 3052/3052 3013/3013
f 3013/3013 3052/3052 3021/3021
f 3021/3021 3052/3052 3034/3034
f 3021/3021 3034/3034 3026/3026
f 3044/3044 3040/3040 3052/3052
f 3052/3052 3040/3040 3034/3034
f 2916/2916 3458/3458 2922/2922
f 2922/2922 3458/3458 3451/3451
f 2922/2922 3451/3451 3447/3447
f 3458/3458 2916/2916 3463/3463
f 3463/3463 2916/2916 2910/2910
f 3463/3463 2910/2910 3470/3470
f 3470/3470 2910/2910 2902/2902
f 3470/3470 2902/2902 3477/3477
f 3477/3477 2902/2902 2897/2897
f 3477/3477 2897/2897 3483/3483
f 3483/3483 2897/2897 2890/2890
f 3483/3483 2890/2890 3490/3490
f 3490/3490 2890/2890 2885/2885
f 3490/3490 2885/2885 3498/3498
f 3498/3498 2885/2885 2878/2878
f 3499/3499 2877/2877 2871/2871
f 2862/2862 3807/3807 2870/2870
f 2870/2870 3807/3807 3504/3504
f 2870/2870 3504/3504 3498/3498
f 2862/2862 2857/2857 3807/3807
f 3807/3807 2857/2857 2850/2850
f 3807/3807 2850/2850 2843/2843
f 2843/2843 2835/2835 3807/3807
f 3807/3807 2835/2835 2829/2829
f 3807/3807 2829/2829 2822/2822
f 2822/2822 2818/2818 3807/3807
f 3807/3807 2818/2818 2810/2810
f 3807/3807 2810/2810 2806/2806
f 2806/2806 2798/2798 3807/3807
f 3807/3807 2798/2798 2793/2793
f 3807/3807 2793/2793 2698/2698
f 2698/2698 2793/2793 2704/2704
f 2704/2704 2793/2793 2787/2787
f 2704/2704 2787/2787 2710/2710
f 2710/2710 2787/2787 2781/2781
f 2710/2710 2781/2781 2714/2714
f 2714/2714 2781/2781 2774/2774
f 2714/2714 2774/2774 2770/2770
f 2714/2714 2770/2770 2720/2720
f 2720/2720 2770/2770 2764/2764
f 2720/2720 2764/2764 2729/2729
f 2729/2729 2764/2764 2753/2753
f 2729/2729 2753/2753 2736/2736
f 2736/2736 2753/2753 2747/2747
f 2736/2736 2747/2747 2740/2740
f 2698/2698 2690/2690 3807/3807
f 3807/3807 2690/2690 2686/2686
f 3807/3807 2686/2686 3884/3884
f 3884/3884 2686/2686 2680/2680
f 3884/3884 2680/2680 2674/2674
f 2674/2674 2668/2668 3884/3884
f 3884/3884 2668/2668 2660/2660
f 3884/3884 2660/2660 2654/2654
f 2654/2654 2649/2649 3884/3884
f 3346/3346 3326/3326 3356/3356
f 3356/3356 3326/3326 3791/3791
f 3356/3356 3791/3791 3363/3363
f 3363/3363 3791/3791 3367/3367
f 3367/3367 3791/3791 3373/3373
f 3373/3373 3791/3791 3380/3380
f 3380/3380 3791/3791 3386/3386
f 3386/3386 3791/3791 3391/3391
f 3391/3391 3791/3791 3399/3399
f 3399/3399 3791/3791 3404/3404
f 3404/3404 3791/3791 3409/3409
f 3409/3409 3791/3791 3417/3417
f 3417/3417 3791/3791 3302/3302
f 3417/3417 3302/3302 3421/3421
f 3421/3421 3302/3302 3427/3427
f 3342/3342 3330/3330 3346/3346
f 3348/3348 3333/3333 3328/3328
f 3884/3884 3785/3785 2604/2604
f 2604/2604 3785/3785 3780/3780
f 2604/2604 3780/3780 3806/3806
f 3806/3806 3780/3780 3774/3774
f 3806/3806 3774/3774 3766/3766
f 3806/3806 3766/3766 3552/3552
f 3552/3552 3766/3766 3762/3762
f 3552/3552 3762/3762 3755/3755
f 3755/3755 3750/3750 3552/3552
f 3552/3552 3750/3750 3742/3742
f 3552/3552 3742/3742 3738/3738
f 3738/3738 3731/3731 3552/3552
f 3552/3552 3731/3731 3726/3726
f 3552/3552 3726/3726 3560/3560
f 3560/3560 3726/3726 3720/3720
f 3560/3560 3720/3720 3714/3714
f 3714/3714 3707/3707 3560/3560
f 3560/3560 3707/3707 3700/3700
f 3560/3560 3700/3700 3584/3584
f 3584/3584 3700/3700 3590/3590
f 3590/3590 3700/3700 3595/3595
f 3595/3595 3700/3700 3600/3600
f 3600/3600 3700/3700 3696/3696
f 3600/3600 3696/3696 3608/3608
f 3608/3608 3696/3696 3690/3690
f 3608/3608 3690/3690 3613/3613
f 3613/3613 3690/3690 3620/3620
f 3620/3620 3690/3690 3682/3682
f 3620/3620 3682/3682 3627/3627
f 3627/3627 3682/3682 3676/3676
f 3627/3627 3676/3676 3634/3634
f 3634/3634 3676/3676 3638/3638
f 3638/3638 3676/3676 3670/3670
f 3638/3638 3670/3670 3662/3662
f 3658/3658 3650/3650 3662/3662
f 3662/3662 3650/3650 3646/3646
f 3662/3662 3646/3646 3638/3638
f 3584/3584 3576/3576 3560/3560
f 3560/3560 3576/3576 3566/3566
f 3566/3566 3576/3576 3572/3572
f 3552/3552 3548/3548 3806/3806
f 3806/3806 3548/3548 3540/3540
f 3806/3806 3540/3540 3536/3536
f 3536/3536 3529/3529 3806/3806
f 3806/3806 3529/3529 3524/3524
f 3806/3806 3524/3524 3516/3516
f 3516/3516 3512/3512 3806/3806
f 3806/3806 3512/3512 3504/3504
f 3806/3806 3504/3504 3807/3807
f 3447/3447 3439/3439 2922/2922
f 2922/2922 3439/3439 3434/3434
f 3804/3804 2611/2611 3805/3805
f 3805/3805 2611/2611 2604/2604
f 3805/3805 2604/2604 3806/3806
f 3807/3807 3884/3884 3804/3804
f 3804/3804 3884/3884 3881/3881
f 3804/3804 3881/3881 2611/2611
f 1628/1628 1816/1816 1634/1634
f 1634/1634 1816/1816 1693/1693
f 1634/1634 1693/1693 1639/1639
f 1639/1639 1693/1693 1689/1689
f 1639/1639 1689/1689 1645/1645
f 1645/1645 1689/1689 1652/1652
f 1652/1652 1689/1689 1683/1683
f 1652/1652 1683/1683 1677/1677
f 1816/1816 1628/1628 1821/1821
f 1821/1821 1628/1628 1622/1622
f 1821/1821 1622/1622 1829/1829
f 1829/1829 1622/1622 1835/1835
f 1835/1835 1622/1622 1617/1617
f 1835/1835 1617/1617 1610/1610
f 1610/1610 1601/1601 1835/1835
f 1835/1835 1601/1601 1598/1598
f 1809/1809 1761/1761 1816/1816
f 1816/1816 1761/1761 1753/1753
f 1816/1816 1753/1753 1693/1693
f 1693/1693 1753/1753 1748/1748
f 1693/1693 1748/1748 1699/1699
f 1699/1699 1748/1748 1741/1741
f 1699/1699 1741/1741 1737/1737
f 1804/1804 1777/1777 1809/1809
f 1809/1809 1777/1777 1773/1773
f 1809/1809 1773/1773 1765/1765
f 1804/1804 1798/1798 1777/1777
f 1777/1777 1798/1798 1783/1783
f 1783/1783 1798/1798 1789/1789
f 1765/1765 1761/1761 1809/1809
f 1737/1737 1730/1730 1699/1699
f 1699/1699 1730/1730 1707/1707
f 1707/1707 1730/1730 1712/1712
f 1712/1712 1730/1730 1723/1723
f 1712/1712 1723/1723 1717/1717
f 1669/1669 1664/1664 1677/1677
f 1677/1677 1664/1664 1659/1659
f 1677/1677 1659/1659 1652/1652
f 999/999 3800/3800 1001/1001
f 1001/1001 3800/3800 1303/1303
f 1001/1001 1303/1303 1295/1295
f 999/999 1119/1119 3800/3800
f 3800/3800 1119/1119 2607/2607
f 3800/3800 2607/2607 3801/3801
f 3801/3801 2607/2607 2615/2615
f 3801/3801 2615/2615 3876/3876
f 1119/1119 1115/1115 2607/2607
f 2607/2607 1115/1115 1585/1585
f 2607/2607 1585/1585 3874/3874
f 3874/3874 1585/1585 1579/1579
f 3874/3874 1579/1579 3803/3803
f 3803/3803 1579/1579 1573/1573
f 3803/3803 1573/1573 1568/1568
f 1109/1109 1102/1102 1115/1115
f 1115/1115 1102/1102 1095/1095
f 1115/1115 1095/1095 1090/1090
f 1090/1090 1084/1084 1115/1115
f 1115/1115 1084/1084 1076/1076
f 1115/1115 1076/1076 1069/1069
f 1069/1069 1063/1063 1115/1115
f 1115/1115 1063/1063 1057/1057
f 1115/1115 1057/1057 1591/1591
f 1591/1591 1057/1057 1225/1225
f 1591/1591 1225/1225 1219/1219
f 1051/1051 1249/1249 1057/1057
f 1057/1057 1249/1249 1244/1244
f 1057/1057 1244/1244 1238/1238
f 1047/1047 1269/1269 1051/1051
f 1051/1051 1269/1269 1262/1262
f 1051/1051 1262/1262 1256/1256
f 1047/1047 1041/1041 1269/1269
f 1269/1269 1041/1041 1033/1033
f 1269/1269 1033/1033 1275/1275
f 1275/1275 1033/1033 1028/1028
f 1275/1275 1028/1028 1001/1001
f 1001/1001 1028/1028 1023/1023
f 1001/1001 1023/1023 1011/1011
f 1011/1011 1023/1023 1015/1015
f 1145/1145 1125/1125 1153/1153
f 1153/1153 1125/1125 1591/1591
f 1153/1153 1591/1591 1157/1157
f 1157/1157 1591/1591 1163/1163
f 1163/1163 1591/1591 1169/1169
f 1169/1169 1591/1591 1177/1177
f 1177/1177 1591/1591 1182/1182
f 1182/1182 1591/1591 1187/1187
f 1187/1187 1591/1591 1193/1193
f 1193/1193 1591/1591 1199/1199
f 1199/1199 1591/1591 1207/1207
f 1207/1207 1591/1591 1213/1213
f 1213/1213 1591/1591 1219/1219
f 1137/1137 1129/1129 1145/1145
f 1145/1145 1129/1129 1125/1125
f 1591/1591 1585/1585 1115/1115
f 3803/3803 1568/1568 1351/1351
f 1351/1351 1568/1568 1562/1562
f 1351/1351 1562/1562 1553/1553
f 1553/1553 1547/1547 1351/1351
f 1351/1351 1547/1547 1541/1541
f 1351/1351 1541/1541 1535/1535
f 1535/1535 1531/1531 1351/1351
f 1351/1351 1531/1531 1525/1525
f 1351/1351 1525/1525 1355/1355
f 1355/1355 1525/1525 1518/1518
f 1355/1355 1518/1518 1513/1513
f 1513/1513 1505/1505 1355/1355
f 1355/1355 1505/1505 1500/1500
f 1355/1355 1500/1500 1379/1379
f 1379/1379 1500/1500 1387/1387
f 1387/1387 1500/1500 1393/1393
f 1393/1393 1500/1500 1399/1399
f 1399/1399 1500/1500 1493/1493
f 1399/1399 1493/1493 1405/1405
f 1405/1405 1493/1493 1487/1487
f 1405/1405 1487/1487 1411/1411
f 1411/1411 1487/1487 1415/1415
f 1415/1415 1487/1487 1482/1482
f 1415/1415 1482/1482 1422/1422
f 1422/1422 1482/1482 1475/1475
f 1422/1422 1475/1475 1429/1429
f 1429/1429 1475/1475 1436/1436
f 1436/1436 1475/1475 1471/1471
f 1436/1436 1471/1471 1462/1462
f 1457/1457 1448/1448 1462/1462
f 1462/1462 1448/1448 1443/1443
f 1462/1462 1443/1443 1436/1436
f 1379/1379 1375/1375 1355/1355
f 1355/1355 1375/1375 1362/1362
f 1362/1362 1375/1375 1369/1369
f 1351/1351 1345/1345 3803/3803
f 3803/3803 1345/1345 1337/1337
f 3803/3803 1337/1337 1332/1332
f 1332/1332 1325/1325 3803/3803
f 3803/3803 1325/1325 1319/1319
f 3803/3803 1319/1319 1313/1313
f 1313/1313 1307/1307 3803/3803
f 3803/3803 1307/1307 1303/1303
f 3803/3803 1303/1303 3800/3800
f 1295/1295 1287/1287 1001/1001
f 1001/1001 1287/1287 1283/1283
f 1001/1001 1283/1283 1275/1275
f 1256/1256 1249/1249 1051/1051
f 1238/1238 1231/1231 1057/1057
f 1057/1057 1231/1231 1225/1225
f 3803/3803 3802/3802 3874/3874
f 3874/3874 3802/3802 3876/3876
f 3876/3876 3802/3802 3801/3801
f 3810/3810 3880/3880 3809/3809
f 3809/3809 3880/3880 3878/3878
f 3809/3809 3878/3878 3808/3808
f 3808/3808 3878/3878 3872/3872
f 3872/3872 3878/3878 3871/3871
f 3871/3871 3878/3878 3870/3870
f 3870/3870 3878/3878 3869/3869
f 3869/3869 3878/3878 3868/3868
f 3868/3868 3878/3878 3867/3867
f 3867/3867 3878/3878 3866/3866
f 3866/3866 3878/3878 3865/3865
f 3865/3865 3878/3878 3864/3864
f 3864/3864 3878/3878 3863/3863
f 3863/3863 3878/3878 3862/3862
f 3862/3862 3878/3878 3861/3861
f 3861/3861 3878/3878 3860/3860
f 3860/3860 3878/3878 3859/3859
f 3859/3859 3878/3878 3858/3858
f 3858/3858 3878/3878 2614/2614
f 3858/3858 2614/2614 3857/3857
f 3857/3857 2614/2614 3856/3856
f 3856/3856 2614/2614 3855/3855
f 3855/3855 2614/2614 3854/3854
f 3854/3854 2614/2614 3853/3853
f 3853/3853 2614/2614 3852/3852
f 3852/3852 2614/2614 3851/3851
f 3851/3851 2614/2614 3850/3850
f 3850/3850 2614/2614 3849/3849
f 3849/3849 2614/2614 3848/3848
f 3848/3848 2614/2614 3847/3847
f 3847/3847 2614/2614 3846/3846
f 3846/3846 2614/2614 3845/3845
f 3845/3845 2614/2614 3844/3844
f 3844/3844 2614/2614 3843/3843
f 3843/3843 2614/2614 3842/3842
f 3842/3842 2614/2614 2610/2610
f 3842/3842 2610/2610 3841/3841
f 3841/3841 2610/2610 3840/3840
f 3840/3840 2610/2610 3839/3839
f 3839/3839 2610/2610 3838/3838
f 3838/3838 2610/2610 3837/3837
f 3837/3837 2610/2610 3836/3836
f 3836/3836 2610/2610 3835/3835
f 3835/3835 2610/2610 3834/3834
f 3834/3834 2610/2610 3833/3833
f 3833/3833 2610/2610 3832/3832
f 3832/3832 2610/2610 3831/3831
f 3831/3831 2610/2610 3830/3830
f 3830/3830 2610/2610 3829/3829
f 3829/3829 2610/2610 3828/3828
f 3828/3828 2610/2610 3827/3827
f 3827/3827 2610/2610 3826/3826
f 3826/3826 2610/2610 3825/3825
f 3825/3825 2610/2610 3880/3880
f 3825/3825 3880/3880 3824/3824
f 3824/3824 3880/3880 3823/3823
f 3823/3823 3880/3880 3822/3822
f 3822/3822 3880/3880 3821/3821
f 3821/3821 3880/3880 3820/3820
f 3820/3820 3880/3880 3819/3819
f 3819/3819 3880/3880 3818/3818
f 3818/3818 3880/3880 3817/3817
f 3817/3817 3880/3880 3816/3816
f 3816/3816 3880/3880 3815/3815
f 3815/3815 3880/3880 3814/3814
f 3814/3814 3880/3880 3813/3813
f 3813/3813 3880/3880 3812/3812
f 3812/3812 3880/3880 3811/3811
f 3811/3811 3880/3880 3810/3810
f 2605/2605 3875/3875 2603/2603
f 2603/2603 3875/3875 3883/3883
f 3886/3886 3910/3910 3895/3895
f 3893/3893 3911/3911 3917/3917
f 3890/3890 3918/3918 3901/3901
f 3899/3899 3914/3914 3920/3920
f 3900/3900 3922/3922 3903/3903
f 3904/3904 3924/3924 3929/3929
f 3912/3912 3950/3950 3916/3916
f 3915/3915 3949/3949 3957/3957
f 3913/3913 3956/3956 3921/3921
f 3923/3923 3954/3954 3963/3963
f 3919/3919 3959/3959 3928/3928
f 3926/3926 3964/3964 3966/3966
f 3925/3925 3968/3968 3932/3932
f 3934/3934 3965/3965 3976/3976
f 3936/3936 3971/3971 3941/3941
f 3939/3939 3972/3972 3982/3982
f 3937/3937 3980/3980 3947/3947
f 3945/3945 3979/3979 3983/3983
f 3952/3952 4009/4009 3953/3953
f 3955/3955 4007/4007 4013/4013
f 3958/3958 4014/4014 3960/3960
f 3962/3962 4016/4016 4022/4022
f 3961/3961 4020/4020 3970/3970
f 3967/3967 4019/4019 4024/4024
f 3969/3969 4027/4027 3973/3973
f 3974/3974 4028/4028 4029/4029
f 3975/3975 4031/4031 3981/3981
f 3977/3977 4032/4032 4039/4039
f 3978/3978 4038/4038 3986/3986
f 3987/3987 4037/4037 4045/4045
f 3988/3988 4046/4046 3991/3991
f 3990/3990 4044/4044 4051/4051
f 3994/3994 4052/4052 4000/4000
f 3996/3996 4048/4048 4054/4054
f 3995/3995 4053/4053 4002/4002
f 4003/4003 4058/4058 4061/4061
f 4010/4010 4083/4083 4015/4015
f 4012/4012 4085/4085 4090/4090
f 4011/4011 4089/4089 4017/4017
f 4018/4018 4091/4091 4096/4096
f 4021/4021 4097/4097 4025/4025
f 4026/4026 4098/4098 4100/4100
f 4023/4023 4101/4101 4033/4033
f 4030/4030 4102/4102 4105/4105
f 4034/4034 4106/4106 4040/4040
f 4035/4035 4107/4107 4115/4115
f 4036/4036 4116/4116 4041/4041
f 4043/4043 4114/4114 4122/4122
f 4042/4042 4121/4121 4050/4050
f 4047/4047 4119/4119 4128/4128
f 4049/4049 4123/4123 4056/4056
f 4055/4055 4125/4125 4130/4130
f 4057/4057 4131/4131 4063/4063
f 4064/4064 4132/4132 4135/4135
f 4059/4059 4136/4136 4068/4068
f 4069/4069 4137/4137 4145/4145
f 4066/4066 4144/4144 4071/4071
f 4074/4074 4143/4143 4148/4148
f 4075/4075 4149/4149 4079/4079
f 4080/4080 4147/4147 4153/4153
f 4086/4086 4172/4172 4088/4088
f 4087/4087 4171/4171 4176/4176
f 4092/4092 4177/4177 4095/4095
f 4094/4094 4178/4178 4181/4181
f 4093/4093 4184/4184 4103/4103
f 4099/4099 4186/4186 4189/4189
f 4104/4104 4188/4188 4108/4108
f 4109/4109 4190/4190 4193/4193
f 4110/4110 4196/4196 4111/4111
f 4112/4112 4195/4195 4203/4203
f 4113/4113 4202/4202 4118/4118
f 4120/4120 4201/4201 4206/4206
f 4117/4117 4207/4207 4124/4124
f 4127/4127 4210/4210 4213/4213
f 4126/4126 4215/4215 4134/4134
f 4133/4133 4214/4214 4222/4222
f 4129/4129 4218/4218 4138/4138
f 4139/4139 4220/4220 4227/4227
f 4140/4140 4228/4228 4141/4141
f 4146/4146 4225/4225 4229/4229
f 4142/4142 4230/4230 4152/4152
f 4151/4151 4231/4231 4235/4235
f 4150/4150 4239/4239 4156/4156
f 4155/4155 4240/4240 4245/4245
f 4154/4154 4246/4246 4164/4164
f 4160/4160 4243/4243 4249/4249
f 4159/4159 4250/4250 4166/4166
f 4165/4165 4251/4251 4258/4258
f 4174/4174 4267/4267 4179/4179
f 4180/4180 4266/4266 4271/4271
f 4175/4175 4273/4273 4182/4182
f 4183/4183 4274/4274 4278/4278
f 4185/4185 4279/4279 4191/4191
f 4192/4192 4280/4280 4286/4286
f 4187/4187 4281/4281 4194/4194
f 4198/4198 4284/4284 4289/4289
f 4197/4197 4287/4287 4204/4204
f 4199/4199 4288/4288 4296/4296
f 4200/4200 4294/4294 4209/4209
f 4205/4205 4293/4293 4303/4303
f 4208/4208 4304/4304 4212/4212
f 4216/4216 4300/4300 4307/4307
f 4211/4211 4305/4305 4221/4221
f 4217/4217 4306/4306 4315/4315
f 4219/4219 4313/4313 4223/4223
f 4224/4224 4314/4314 4317/4317
f 4226/4226 4318/4318 4233/4233
f 4232/4232 4322/4322 4327/4327
f 4234/4234 4325/4325 4236/4236
f 4237/4237 4324/4324 4330/4330
f 4238/4238 4332/4332 4241/4241
f 4244/4244 4333/4333 4338/4338
f 4242/4242 4340/4340 4248/4248
f 4247/4247 4337/4337 4342/4342
f 4252/4252 4344/4344 4257/4257
f 4253/4253 4346/4346 4348/4348
f 4254/4254 4350/4350 4262/4262
f 4260/4260 4347/4347 4353/4353
f 4265/4265 4368/4368 4269/4269
f 4270/4270 4366/4366 4372/4372
f 4272/4272 4373/4373 4276/4276
f 4277/4277 4374/4374 4375/4375
f 4275/4275 4376/4376 4283/4283
f 4282/4282 4377/4377 4381/4381
f 4285/4285 4382/4382 4291/4291
f 4290/4290 4383/4383 4389/4389
f 4292/4292 4388/4388 4297/4297
f 4298/4298 4387/4387 4395/4395
f 4295/4295 4394/4394 4299/4299
f 4301/4301 4393/4393 4399/4399
f 4302/4302 4404/4404 4310/4310
f 4309/4309 4400/4400 4407/4407
f 4308/4308 4406/4406 4316/4316
f 4311/4311 4405/4405 4414/4414
f 4312/4312 4415/4415 4320/4320
f 4321/4321 4416/4416 4422/4422
f 4319/4319 4421/4421 4326/4326
f 4328/4328 4420/4420 4424/4424
f 4323/4323 4427/4427 4329/4329
f 4331/4331 4423/4423 4432/4432
f 4334/4334 4430/4430 4339/4339
f 4335/4335 4429/4429 4435/4435
f 4336/4336 4438/4438 4345/4345
f 4343/4343 4437/4437 4443/4443
f 4341/4341 4444/4444 4352/4352
f 4351/4351 4446/4446 4447/4447
f 4349/4349 4452/4452 4357/4357
f 4355/4355 4450/4450 4455/4455
f 4354/4354 4453/4453 4362/4362
f 4364/4364 4454/4454 4464/4464
f 4365/4365 4465/4465 4371/4371
f 4370/4370 4467/4467 4473/4473
f 4369/4369 4472/4472 4378/4378
f 4379/4379 4474/4474 4475/4475
f 4380/4380 4477/4477 4386/4386
f 4384/4384 4476/4476 4483/4483
f 4385/4385 4481/4481 4390/4390
f 4391/4391 4486/4486 4491/4491
f 4392/4392 4490/4490 4396/4396
f 4397/4397 4489/4489 4495/4495
f 4398/4398 4494/4494 4403/4403
f 4402/4402 4493/4493 4501/4501
f 4401/4401 4500/4500 4409/4409
f 4410/4410 4499/4499 4505/4505
f 4408/4408 4509/4509 4413/4413
f 4412/4412 4510/4510 4511/4511
f 4411/4411 4514/4514 4418/4418
f 4419/4419 4515/4515 4518/4518
f 4417/4417 4520/4520 4426/4426
f 4425/4425 4517/4517 4523/4523
f 4428/4428 4526/4526 4434/4434
f 4433/4433 4527/4527 4529/4529
f 4431/4431 4534/4534 4440/4440
f 4436/4436 4530/4530 4535/4535
f 4439/4439 4536/4536 4445/4445
f 4442/4442 4537/4537 4544/4544
f 4441/4441 4543/4543 4449/4449
f 4451/4451 4546/4546 4549/4549
f 4448/4448 4550/4550 4458/4458
f 4457/4457 4547/4547 4557/4557
f 4456/4456 4558/4558 4460/4460
f 4461/4461 4556/4556 4562/4562
f 4468/4468 4565/4565 4469/4469
f 4470/4470 4566/4566 4570/4570
f 4471/4471 4569/4569 4480/4480
f 4479/4479 4573/4573 4579/4579
f 4478/4478 4576/4576 4482/4482
f 4484/4484 4577/4577 4585/4585
f 4485/4485 4584/4584 4492/4492
f 4488/4488 4583/4583 4589/4589
f 4487/4487 4587/4587 4498/4498
f 4497/4497 4588/4588 4596/4596
f 4496/4496 4595/4595 4502/4502
f 4503/4503 4593/4593 4603/4603
f 4504/4504 4604/4604 4506/4506
f 4507/4507 4599/4599 4609/4609
f 4508/4508 4608/4608 4512/4512
f 4513/4513 4606/4606 4612/4612
f 4516/4516 4613/4613 4522/4522
f 4521/4521 4611/4611 4622/4622
f 4519/4519 4618/4618 4525/4525
f 4524/4524 4619/4619 4624/4624
f 4528/4528 4628/4628 4531/4531
f 4532/4532 4627/4627 4633/4633
f 4533/4533 4632/4632 4538/4538
f 4539/4539 4631/4631 4639/4639
f 4540/4540 4638/4638 4545/4545
f 4542/4542 4637/4637 4646/4646
f 4541/4541 4645/4645 4551/4551
f 4548/4548 4644/4644 4648/4648
f 4552/4552 4647/4647 4555/4555
f 4568/4568 4653/4653 4574/4574
f 4571/4571 4655/4655 4658/4658
f 4572/4572 4659/4659 4580/4580
f 4578/4578 4661/4661 4667/4667
f 4575/4575 4668/4668 4586/4586
f 4581/4581 4666/4666 4670/4670
f 4582/4582 4671/4671 4590/4590
f 4591/4591 4673/4673 4679/4679
f 4592/4592 4680/4680 4598/4598
f 4597/4597 4676/4676 4685/4685
f 4594/4594 4686/4686 4601/4601
f 4602/4602 4681/4681 4687/4687
f 4600/4600 4688/4688 4607/4607
f 4605/4605 4690/4690 4697/4697
f 4610/4610 4698/4698 4614/4614
f 4616/4616 4694/4694 4703/4703
f 4615/4615 4704/4704 4620/4620
f 4617/4617 4700/4700 4705/4705
f 4621/4621 4707/4707 4625/4625
f 4626/4626 4709/4709 4715/4715
f 4623/4623 4716/4716 4629/4629
f 4634/4634 4713/4713 4718/4718
f 4630/4630 4719/4719 4635/4635
f 4636/4636 4720/4720 4727/4727
f 4640/4640 4728/4728 4641/4641
f 4642/4642 4724/4724 4734/4734
f 4643/4643 4733/4733 4651/4651
f 4656/4656 4736/4736 4660/4660
f 4662/4662 4735/4735 4741/4741
f 4657/4657 4742/4742 4665/4665
f 4664/4664 4743/4743 4747/4747
f 4663/4663 4750/4750 4672/4672
f 4674/4674 4745/4745 4752/4752
f 4669/4669 4753/4753 4677/4677
f 4675/4675 4755/4755 4761/4761
f 4678/4678 4760/4760 4683/4683
f 4682/4682 4762/4762 4765/4765
f 4684/4684 4763/4763 4689/4689
f 4691/4691 4764/4764 4770/4770
f 4692/4692 4771/4771 4695/4695
f 4696/4696 4772/4772 4776/4776
f 4693/4693 4780/4780 4701/4701
f 4702/4702 4777/4777 4781/4781
f 4699/4699 4784/4784 4708/4708
f 4706/4706 4785/4785 4787/4787
f 4710/4710 4789/4789 4712/4712
f 4711/4711 4792/4792 4793/4793
f 4714/4714 4796/4796 4717/4717
f 4738/4738 4800/4800 4744/4744
f 4739/4739 4801/4801 4803/4803
f 4740/4740 4808/4808 4748/4748
f 4749/4749 4807/4807 4814/4814
f 4746/4746 4810/4810 4751/4751
f 4754/4754 4809/4809 4820/4820
f 4756/4756 4818/4818 4759/4759
f 4758/4758 4815/4815 4821/4821
f 4757/4757 4822/4822 4767/4767
f 4768/4768 4823/4823 4831/4831
f 4766/4766 4832/4832 4773/4773
f 4769/4769 4827/4827 4834/4834
f 4774/4774 4835/4835 4778/4778
f 4775/4775 4836/4836 4843/4843
f 4779/4779 4844/4844 4782/4782
f 4783/4783 4840/4840 4847/4847
f 4786/4786 4849/4849 4791/4791
f 4802/4802 4853/4853 4806/4806
f 4804/4804 4854/4854 4855/4855
f 4805/4805 4859/4859 4811/4811
f 4813/4813 4858/4858 4864/4864
f 4812/4812 4866/4866 4816/4816
f 4817/4817 4863/4863 4871/4871
f 4819/4819 4870/4870 4826/4826
f 4825/4825 4867/4867 4876/4876
f 4824/4824 4877/4877 4829/4829
f 4852/4852 4882/4882 4857/4857
f 4860/4860 4879/4879 4887/4887
f 4856/4856 4883/4883 4865/4865
f 3888/3888 3889/3889 4888/4888
f 3891/3891 3897/3897 4890/4890
f 3896/3896 3908/3908 4892/4892
f 3905/3905 3930/3930 4894/4894
f 3927/3927 3931/3931 4896/4896
f 3935/3935 3940/3940 4898/4898
f 3938/3938 3946/3946 4900/4900
f 3944/3944 3985/3985 4902/4902
f 3984/3984 3992/3992 4904/4904
f 3993/3993 3997/3997 4906/4906
f 3999/3999 4004/4004 4908/4908
f 4005/4005 4060/4060 4910/4910
f 4062/4062 4065/4065 4912/4912
f 4070/4070 4076/4076 4914/4914
f 4072/4072 4082/4082 4916/4916
f 4081/4081 4157/4157 4918/4918
f 4158/4158 4161/4161 4920/4920
f 4163/4163 4169/4169 4922/4922
f 4170/4170 4256/4256 4924/4924
f 4255/4255 4261/4261 4926/4926
f 4259/4259 4356/4356 4928/4928
f 4358/4358 4361/4361 4930/4930
f 4363/4363 4459/4459 4932/4932
f 4462/4462 4564/4564 4934/4934
f 4554/4554 4652/4652 4936/4936
f 4563/4563 4553/4553 4938/4938
f 4650/4650 4731/4731 4940/4940
f 4722/4722 4798/4798 4942/4942
f 4723/4723 4721/4721 4944/4944
f 4732/4732 4725/4725 4946/4946
f 4790/4790 4845/4845 4948/4948
f 4794/4794 4788/4788 4950/4950
f 4828/4828 4878/4878 4952/4952
f 4837/4837 4830/4830 4954/4954
f 4841/4841 4838/4838 4956/4956
f 4850/4850 4839/4839 4958/4958
f 4862/4862 4885/4885 4960/4960
f 4869/4869 4861/4861 4962/4962
f 4875/4875 4872/4872 4964/4964
f 4886/4886 4881/4881 4966/4966
f 3909/3909 3885/3885 4968/4968
f 3951/3951 3909/3909 4970/4970
f 4008/4008 3951/3951 4972/4972
f 4084/4084 4008/4008 4974/4974
f 4173/4173 4084/4084 4976/4976
f 4268/4268 4173/4173 4978/4978
f 4367/4367 4268/4268 4980/4980
f 4466/4466 4367/4367 4982/4982
f 4567/4567 4466/4466 4984/4984
f 4654/4654 4567/4567 4986/4986
f 4737/4737 4654/4654 4988/4988
f 4799/4799 4737/4737 4990/4990
f 4851/4851 4799/4799 4992/4992
f 4880/4880 4851/4851 4994/4994
f 4888/4888 4889/4889 3888/3888
f 4890/4890 4891/4891 3891/3891
f 4892/4892 4893/4893 3896/3896
f 4894/4894 4895/4895 3905/3905
f 4896/4896 4897/4897 3927/3927
f 4898/4898 4899/4899 3935/3935
f 4900/4900 4901/4901 3938/3938
f 4902/4902 4903/4903 3944/3944
f 4904/4904 4905/4905 3984/3984
f 4906/4906 4907/4907 3993/3993
f 4908/4908 4909/4909 3999/3999
f 4910/4910 4911/4911 4005/4005
f 4912/4912 4913/4913 4062/4062
f 4914/4914 4915/4915 4070/4070
f 4916/4916 4917/4917 4072/4072
f 4918/4918 4919/4919 4081/4081
f 4920/4920 4921/4921 4158/4158
f 4922/4922 4923/4923 4163/4163
f 4924/4924 4925/4925 4170/4170
f 4926/4926 4927/4927 4255/4255
f 4928/4928 4929/4929 4259/4259
f 4930/4930 4931/4931 4358/4358
f 4932/4932 4933/4933 4363/4363
f 4934/4934 4935/4935 4462/4462
f 4936/4936 4937/4937 4554/4554
f 4938/4938 4939/4939 4563/4563
f 4940/4940 4941/4941 4650/4650
f 4942/4942 4943/4943 4722/4722
f 4944/4944 4945/4945 4723/4723
f 4946/4946 4947/4947 4732/4732
f 4948/4948 4949/4949 4790/4790
f 4950/4950 4951/4951 4794/4794
f 4952/4952 4953/4953 4828/4828
f 4954/4954 4955/4955 4837/4837
f 4956/4956 4957/4957 4841/4841
f 4958/4958 4959/4959 4850/4850
f 4960/4960 4961/4961 4862/4862
f 4962/4962 4963/4963 4869/4869
f 4964/4964 4965/4965 4875/4875
f 4966/4966 4967/4967 4886/4886
f 4968/4968 4969/4969 3909/3909
f 4970/4970 4971/4971 3951/3951
f 4972/4972 4973/4973 4008/4008
f 4974/4974 4975/4975 4084/4084
f 4976/4976 4977/4977 4173/4173
f 4978/4978 4979/4979 4268/4268
f 4980/4980 4981/4981 4367/4367
f 4982/4982 4983/4983 4466/4466
f 4984/4984 4985/4985 4567/4567
f 4986/4986 4987/4987 4654/4654
f 4988/4988 4989/4989 4737/4737
f 4990/4990 4991/4991 4799/4799
f 4992/4992 4993/4993 4851/4851
f 4994/4994 4995/4995 4880/4880
f 3887/3887 4996/4996 4997/4997
f 3892/3892 4998/4998 4999/4999
f 3894/3894 5000/5000 5001/5001
f 3898/3898 5002/5002 5003/5003
f 3906/3906 5004/5004 5005/5005
f 3907/3907 5006/5006 5007/5007
f 3902/3902 5008/5008 5009/5009
f 3933/3933 5010/5010 5011/5011
f 3942/3942 5012/5012 5013/5013
f 3948/3948 5014/5014 5015/5015
f 3943/3943 5016/5016 5017/5017
f 3989/3989 5018/5018 5019/5019
f 3998/3998 5020/5020 5021/5021
f 4001/4001 5022/5022 5023/5023
f 4006/4006 5024/5024 5025/5025
f 4067/4067 5026/5026 5027/5027
f 4073/4073 5028/5028 5029/5029
f 4077/4077 5030/5030 5031/5031
f 4078/4078 5032/5032 5033/5033
f 4162/4162 5034/5034 5035/5035
f 4168/4168 5036/5036 5037/5037
f 4167/4167 5038/5038 5039/5039
f 4263/4263 5040/5040 5041/5041
f 4264/4264 5042/5042 5043/5043
f 4359/4359 5044/5044 5045/5045
f 4360/4360 5046/5046 5047/5047
f 4463/4463 5048/5048 5049/5049
f 4560/4560 5050/5050 5051/5051
f 4561/4561 5052/5052 5053/5053
f 4559/4559 5054/5054 5055/5055
f 4649/4649 5056/5056 5057/5057
f 4726/4726 5058/5058 5059/5059
f 4729/4729 5060/5060 5061/5061
f 4730/4730 5062/5062 5063/5063
f 4795/4795 5064/5064 5065/5065
f 4797/4797 5066/5066 5067/5067
f 4833/4833 5068/5068 5069/5069
f 4842/4842 5070/5070 5071/5071
f 4848/4848 5072/5072 5073/5073
f 4846/4846 5074/5074 5075/5075
f 4868/4868 5076/5076 5077/5077
f 4873/4873 5078/5078 5079/5079
f 4874/4874 5080/5080 5081/5081
f 4886/4886 5082/5082 5083/5083
f 4884/4884 5084/5084 5085/5085
f 3885/3885 5086/5086 5087/5087
f 3909/3909 5088/5088 5089/5089
f 3951/3951 5090/5090 5091/5091
f 4008/4008 5092/5092 5093/5093
f 4084/4084 5094/5094 5095/5095
f 4173/4173 5096/5096 5097/5097
f 4268/4268 5098/5098 5099/5099
f 4367/4367 5100/5100 5101/5101
f 4466/4466 5102/5102 5103/5103
f 4567/4567 5104/5104 5105/5105
f 4654/4654 5106/5106 5107/5107
f 4737/4737 5108/5108 5109/5109
f 4799/4799 5110/5110 5111/5111
f 4851/4851 5112/5112 5113/5113
f 4880/4880 5114/5114 5115/5115

